[
{
  "model": "NearBeach.bugclient",
  "pk": 1,
  "fields": {
    "bug_client_name": "NearBeach Bugzilla",
    "list_of_bug_client": 1,
    "bug_client_url": "https://bugzilla.nearbeach.org",
    "date_created": "2024-02-03T00:53:25.871Z",
    "date_modified": "2024-02-03T00:53:25.871Z",
    "change_user": 1,
    "is_deleted": false
  }
},
{
  "model": "NearBeach.changetask",
  "pk": 1,
  "fields": {
    "request_for_change": 1,
    "change_task_title": "Administration - Back up - Change Task",
    "change_task_description": "<p>Description is optional</p>",
    "change_task_start_date": "2023-02-14T22:00:00Z",
    "change_task_end_date": "2023-03-01T05:00:00Z",
    "change_task_seconds": 1234800000,
    "change_task_assigned_user": 1,
    "change_task_qa_user": 2,
    "change_task_required_by": "Stakeholder(s)",
    "change_task_status": 1,
    "is_downtime": false,
    "date_created": "2023-02-15T09:15:34.805Z",
    "date_modified": "2023-02-15T09:15:34.805Z",
    "change_user": 1,
    "creation_user": 1,
    "is_deleted": false
  }
},
{
  "model": "NearBeach.changetask",
  "pk": 2,
  "fields": {
    "request_for_change": 2,
    "change_task_title": "QA Team to backup database",
    "change_task_description": "",
    "change_task_start_date": "2023-02-14T22:00:00Z",
    "change_task_end_date": "2023-03-01T05:00:00Z",
    "change_task_seconds": 1234800000,
    "change_task_assigned_user": 2,
    "change_task_qa_user": 3,
    "change_task_required_by": "Stakeholder(s)",
    "change_task_status": 1,
    "is_downtime": false,
    "date_created": "2023-02-15T09:16:43.997Z",
    "date_modified": "2023-02-15T09:16:43.997Z",
    "change_user": 1,
    "creation_user": 1,
    "is_deleted": false
  }
},
{
  "model": "NearBeach.customer",
  "pk": 1,
  "fields": {
    "customer_title": 2,
    "customer_first_name": "Socks",
    "customer_last_name": "Fluffy",
    "customer_email": "socks@nearbeach.org",
    "customer_profile_picture": null,
    "organisation": 1,
    "date_created": "2023-02-15T08:57:03.560Z",
    "date_modified": "2023-02-15T08:57:03.560Z",
    "change_user": 1,
    "is_deleted": false
  }
},
{
  "model": "NearBeach.document",
  "pk": "2fc398ee-d12b-4f60-9ecb-40199ac74f13",
  "fields": {
    "document_description": "NearBeach Homepage",
    "document_url_location": "https://nearbeach.org",
    "document": "",
    "document_upload_successfully": false,
    "date_created": "2023-02-22T09:18:33.040Z",
    "date_modified": "2023-02-22T09:18:33.040Z",
    "change_user": 1,
    "is_deleted": false,
    "is_purged": false
  }
},
{
  "model": "NearBeach.document",
  "pk": "80a7bd50-eba9-49f8-a55c-d1febd052ab9",
  "fields": {
    "document_description": "NearBeach Homepage",
    "document_url_location": "https://nearbeach.org",
    "document": "",
    "document_upload_successfully": false,
    "date_created": "2023-02-22T09:18:51.309Z",
    "date_modified": "2023-02-22T09:18:51.309Z",
    "change_user": 1,
    "is_deleted": false,
    "is_purged": false
  }
},
{
  "model": "NearBeach.documentpermission",
  "pk": 1,
  "fields": {
    "document_key": "2fc398ee-d12b-4f60-9ecb-40199ac74f13",
    "project": 1,
    "task": null,
    "organisation": null,
    "customer": null,
    "requirement": null,
    "requirement_item": null,
    "request_for_change": null,
    "kanban_card": null,
    "user": null,
    "new_object": null,
    "folder": null,
    "is_profile_picture": false,
    "date_created": "2023-02-22T09:18:33.044Z",
    "date_modified": "2023-02-22T09:18:33.044Z",
    "change_user": 1,
    "is_deleted": false,
    "is_purged": false
  }
},
{
  "model": "NearBeach.documentpermission",
  "pk": 2,
  "fields": {
    "document_key": "80a7bd50-eba9-49f8-a55c-d1febd052ab9",
    "project": 2,
    "task": null,
    "organisation": null,
    "customer": null,
    "requirement": null,
    "requirement_item": null,
    "request_for_change": null,
    "kanban_card": null,
    "user": null,
    "new_object": null,
    "folder": null,
    "is_profile_picture": false,
    "date_created": "2023-02-22T09:18:51.313Z",
    "date_modified": "2023-02-22T09:18:51.313Z",
    "change_user": 1,
    "is_deleted": false,
    "is_purged": false
  }
},
{
  "model": "NearBeach.group",
  "pk": 1,
  "fields": {
    "group_name": "Administration",
    "parent_group": null,
    "date_created": "2023-02-15T08:56:14.216Z",
    "date_modified": "2023-02-15T08:56:14.216Z",
    "change_user": 1,
    "is_deleted": false
  }
},
{
  "model": "NearBeach.group",
  "pk": 2,
  "fields": {
    "group_name": "QA Team",
    "parent_group": null,
    "date_created": "2023-02-15T08:57:34.987Z",
    "date_modified": "2023-02-15T08:57:34.987Z",
    "change_user": 1,
    "is_deleted": false
  }
},
{
  "model": "NearBeach.group",
  "pk": 3,
  "fields": {
    "group_name": "Empty Group",
    "parent_group": null,
    "date_created": "2023-02-15T08:57:47.633Z",
    "date_modified": "2023-02-15T08:57:47.633Z",
    "change_user": 1,
    "is_deleted": false
  }
},
{
  "model": "NearBeach.group",
  "pk": 4,
  "fields": {
    "group_name": "No Group",
    "parent_group": null,
    "date_created": "2023-02-15T08:57:55.934Z",
    "date_modified": "2023-02-15T08:57:55.934Z",
    "change_user": 1,
    "is_deleted": false
  }
},
{
  "model": "NearBeach.kanbanboard",
  "pk": 1,
  "fields": {
    "kanban_board_name": "Kanban Admin Only",
    "requirement": null,
    "kanban_board_status": "Open",
    "date_created": "2023-02-15T09:12:31.594Z",
    "date_modified": "2023-02-15T09:12:31.594Z",
    "change_user": 1,
    "creation_user": 1,
    "is_deleted": false
  }
},
{
  "model": "NearBeach.kanbanboard",
  "pk": 2,
  "fields": {
    "kanban_board_name": "Kanban QA Team",
    "requirement": null,
    "kanban_board_status": "Open",
    "date_created": "2023-02-15T09:13:17.992Z",
    "date_modified": "2023-02-15T09:13:17.992Z",
    "change_user": 1,
    "creation_user": 1,
    "is_deleted": false
  }
},
{
  "model": "NearBeach.kanbancard",
  "pk": 1,
  "fields": {
    "kanban_card_text": "Administration Card",
    "kanban_card_description": "",
    "kanban_card_sort_number": 0,
    "kanban_level": 1,
    "kanban_column": 1,
    "kanban_board": 1,
    "kanban_card_priority": 2,
    "project": null,
    "task": null,
    "requirement": null,
    "is_archived": false,
    "date_created": "2023-02-15T09:12:40.336Z",
    "date_modified": "2024-02-05T09:45:14.014Z",
    "change_user": 1,
    "is_deleted": false
  }
},
{
  "model": "NearBeach.kanbancard",
  "pk": 2,
  "fields": {
    "kanban_card_text": "QA Team Card",
    "kanban_card_description": "",
    "kanban_card_sort_number": 0,
    "kanban_level": 3,
    "kanban_column": 6,
    "kanban_board": 2,
    "kanban_card_priority": 2,
    "project": null,
    "task": null,
    "requirement": null,
    "is_archived": false,
    "date_created": "2023-02-15T09:13:24.890Z",
    "date_modified": "2023-02-20T11:00:44.424Z",
    "change_user": 1,
    "is_deleted": false
  }
},
{
  "model": "NearBeach.kanbancolumn",
  "pk": 1,
  "fields": {
    "kanban_column_name": "Backlog",
    "kanban_column_property": "Normal",
    "kanban_column_sort_number": 0,
    "kanban_board": 1,
    "date_created": "2023-02-15T09:12:31.597Z",
    "date_modified": "2023-02-15T09:12:31.597Z",
    "change_user": 1,
    "is_deleted": false
  }
},
{
  "model": "NearBeach.kanbancolumn",
  "pk": 2,
  "fields": {
    "kanban_column_name": "Blocked",
    "kanban_column_property": "Blocked",
    "kanban_column_sort_number": 1,
    "kanban_board": 1,
    "date_created": "2023-02-15T09:12:31.599Z",
    "date_modified": "2023-02-15T09:12:31.599Z",
    "change_user": 1,
    "is_deleted": false
  }
},
{
  "model": "NearBeach.kanbancolumn",
  "pk": 3,
  "fields": {
    "kanban_column_name": "In Progress",
    "kanban_column_property": "Normal",
    "kanban_column_sort_number": 2,
    "kanban_board": 1,
    "date_created": "2023-02-15T09:12:31.600Z",
    "date_modified": "2023-02-15T09:12:31.600Z",
    "change_user": 1,
    "is_deleted": false
  }
},
{
  "model": "NearBeach.kanbancolumn",
  "pk": 4,
  "fields": {
    "kanban_column_name": "Review and QA",
    "kanban_column_property": "Normal",
    "kanban_column_sort_number": 3,
    "kanban_board": 1,
    "date_created": "2023-02-15T09:12:31.600Z",
    "date_modified": "2023-02-15T09:12:31.601Z",
    "change_user": 1,
    "is_deleted": false
  }
},
{
  "model": "NearBeach.kanbancolumn",
  "pk": 5,
  "fields": {
    "kanban_column_name": "Completed",
    "kanban_column_property": "Closed",
    "kanban_column_sort_number": 4,
    "kanban_board": 1,
    "date_created": "2023-02-15T09:12:31.601Z",
    "date_modified": "2023-02-15T09:12:31.602Z",
    "change_user": 1,
    "is_deleted": false
  }
},
{
  "model": "NearBeach.kanbancolumn",
  "pk": 6,
  "fields": {
    "kanban_column_name": "Backlog",
    "kanban_column_property": "Normal",
    "kanban_column_sort_number": 0,
    "kanban_board": 2,
    "date_created": "2023-02-15T09:13:17.995Z",
    "date_modified": "2023-02-15T09:13:17.995Z",
    "change_user": 1,
    "is_deleted": false
  }
},
{
  "model": "NearBeach.kanbancolumn",
  "pk": 7,
  "fields": {
    "kanban_column_name": "Blocked",
    "kanban_column_property": "Blocked",
    "kanban_column_sort_number": 1,
    "kanban_board": 2,
    "date_created": "2023-02-15T09:13:17.996Z",
    "date_modified": "2023-02-15T09:13:17.996Z",
    "change_user": 1,
    "is_deleted": false
  }
},
{
  "model": "NearBeach.kanbancolumn",
  "pk": 8,
  "fields": {
    "kanban_column_name": "In Progress",
    "kanban_column_property": "Normal",
    "kanban_column_sort_number": 2,
    "kanban_board": 2,
    "date_created": "2023-02-15T09:13:17.997Z",
    "date_modified": "2023-02-15T09:13:17.997Z",
    "change_user": 1,
    "is_deleted": false
  }
},
{
  "model": "NearBeach.kanbancolumn",
  "pk": 9,
  "fields": {
    "kanban_column_name": "Review and QA",
    "kanban_column_property": "Normal",
    "kanban_column_sort_number": 3,
    "kanban_board": 2,
    "date_created": "2023-02-15T09:13:17.998Z",
    "date_modified": "2023-02-15T09:13:17.998Z",
    "change_user": 1,
    "is_deleted": false
  }
},
{
  "model": "NearBeach.kanbancolumn",
  "pk": 10,
  "fields": {
    "kanban_column_name": "Completed",
    "kanban_column_property": "Closed",
    "kanban_column_sort_number": 4,
    "kanban_board": 2,
    "date_created": "2023-02-15T09:13:17.999Z",
    "date_modified": "2023-02-15T09:13:17.999Z",
    "change_user": 1,
    "is_deleted": false
  }
},
{
  "model": "NearBeach.kanbanlevel",
  "pk": 1,
  "fields": {
    "kanban_level_name": "Sprint 1",
    "kanban_level_sort_number": 0,
    "kanban_board": 1,
    "date_created": "2023-02-15T09:12:31.603Z",
    "date_modified": "2023-02-15T09:12:31.603Z",
    "change_user": 1,
    "is_deleted": false
  }
},
{
  "model": "NearBeach.kanbanlevel",
  "pk": 2,
  "fields": {
    "kanban_level_name": "Sprint 2",
    "kanban_level_sort_number": 1,
    "kanban_board": 1,
    "date_created": "2023-02-15T09:12:31.604Z",
    "date_modified": "2023-02-15T09:12:31.604Z",
    "change_user": 1,
    "is_deleted": false
  }
},
{
  "model": "NearBeach.kanbanlevel",
  "pk": 3,
  "fields": {
    "kanban_level_name": "Sprint 1",
    "kanban_level_sort_number": 0,
    "kanban_board": 2,
    "date_created": "2023-02-15T09:13:18Z",
    "date_modified": "2023-02-15T09:13:18Z",
    "change_user": 1,
    "is_deleted": false
  }
},
{
  "model": "NearBeach.kanbanlevel",
  "pk": 4,
  "fields": {
    "kanban_level_name": "Sprint 2",
    "kanban_level_sort_number": 1,
    "kanban_board": 2,
    "date_created": "2023-02-15T09:13:18.001Z",
    "date_modified": "2023-02-15T09:13:18.001Z",
    "change_user": 1,
    "is_deleted": false
  }
},
{
  "model": "NearBeach.listofbugclient",
  "pk": 1,
  "fields": {
    "bug_client_name": "Bugzilla",
    "bug_client_api_url": "/rest/",
    "api_open_bugs": "?open_status=True",
    "api_search_bugs": "bug?quicksearch=",
    "api_bug": "/show_bug.cgi?id=",
    "date_created": "2023-02-15T08:51:58.371Z",
    "date_modified": "2023-02-15T08:51:58.371Z",
    "change_user": null,
    "is_deleted": false
  }
},
{
  "model": "NearBeach.listofprojectstatus",
  "pk": 1,
  "fields": {
    "project_status": "New",
    "project_higher_order_status": "Backlog",
    "project_status_sort_order": 1,
    "date_created": "2023-12-28T04:35:43.322Z",
    "date_modified": "2023-12-28T04:35:43.323Z",
    "change_user": null,
    "is_deleted": false
  }
},
{
  "model": "NearBeach.listofprojectstatus",
  "pk": 2,
  "fields": {
    "project_status": "Backlog",
    "project_higher_order_status": "Backlog",
    "project_status_sort_order": 2,
    "date_created": "2023-12-28T04:35:43.323Z",
    "date_modified": "2023-12-28T04:35:43.323Z",
    "change_user": null,
    "is_deleted": false
  }
},
{
  "model": "NearBeach.listofprojectstatus",
  "pk": 3,
  "fields": {
    "project_status": "Blocked",
    "project_higher_order_status": "Blocked",
    "project_status_sort_order": 3,
    "date_created": "2023-12-28T04:35:43.323Z",
    "date_modified": "2023-12-28T04:35:43.323Z",
    "change_user": null,
    "is_deleted": false
  }
},
{
  "model": "NearBeach.listofprojectstatus",
  "pk": 4,
  "fields": {
    "project_status": "In Progress",
    "project_higher_order_status": "Normal",
    "project_status_sort_order": 4,
    "date_created": "2023-12-28T04:35:43.323Z",
    "date_modified": "2023-12-28T04:35:43.323Z",
    "change_user": null,
    "is_deleted": false
  }
},
{
  "model": "NearBeach.listofprojectstatus",
  "pk": 5,
  "fields": {
    "project_status": "Test/Review",
    "project_higher_order_status": "Normal",
    "project_status_sort_order": 5,
    "date_created": "2023-12-28T04:35:43.323Z",
    "date_modified": "2023-12-28T04:35:43.323Z",
    "change_user": null,
    "is_deleted": false
  }
},
{
  "model": "NearBeach.listofprojectstatus",
  "pk": 6,
  "fields": {
    "project_status": "Closed",
    "project_higher_order_status": "Closed",
    "project_status_sort_order": 6,
    "date_created": "2023-12-28T04:35:43.323Z",
    "date_modified": "2023-12-28T04:35:43.323Z",
    "change_user": null,
    "is_deleted": false
  }
},
{
  "model": "NearBeach.listofrequirementitemstatus",
  "pk": 1,
  "fields": {
    "requirement_item_status": "Draft",
    "requirement_item_higher_order_status": "Backlog",
    "requirement_item_status_sort_order": 1,
    "date_created": "2023-02-15T08:51:58.372Z",
    "date_modified": "2023-02-15T08:51:58.372Z",
    "change_user": null,
    "is_deleted": false
  }
},
{
  "model": "NearBeach.listofrequirementitemstatus",
  "pk": 2,
  "fields": {
    "requirement_item_status": "Review",
    "requirement_item_higher_order_status": "Backlog",
    "requirement_item_status_sort_order": 2,
    "date_created": "2023-02-15T08:51:58.372Z",
    "date_modified": "2023-02-15T08:51:58.372Z",
    "change_user": null,
    "is_deleted": false
  }
},
{
  "model": "NearBeach.listofrequirementitemstatus",
  "pk": 3,
  "fields": {
    "requirement_item_status": "Developing/Working",
    "requirement_item_higher_order_status": "Normal",
    "requirement_item_status_sort_order": 3,
    "date_created": "2023-02-15T08:51:58.372Z",
    "date_modified": "2023-02-15T08:51:58.372Z",
    "change_user": null,
    "is_deleted": false
  }
},
{
  "model": "NearBeach.listofrequirementitemstatus",
  "pk": 4,
  "fields": {
    "requirement_item_status": "Testing",
    "requirement_item_higher_order_status": "Normal",
    "requirement_item_status_sort_order": 4,
    "date_created": "2023-02-15T08:51:58.372Z",
    "date_modified": "2023-02-15T08:51:58.372Z",
    "change_user": null,
    "is_deleted": false
  }
},
{
  "model": "NearBeach.listofrequirementitemstatus",
  "pk": 5,
  "fields": {
    "requirement_item_status": "User Acceptance Testing",
    "requirement_item_higher_order_status": "Normal",
    "requirement_item_status_sort_order": 5,
    "date_created": "2023-02-15T08:51:58.372Z",
    "date_modified": "2023-02-15T08:51:58.372Z",
    "change_user": null,
    "is_deleted": false
  }
},
{
  "model": "NearBeach.listofrequirementitemstatus",
  "pk": 6,
  "fields": {
    "requirement_item_status": "Rework",
    "requirement_item_higher_order_status": "Normal",
    "requirement_item_status_sort_order": 6,
    "date_created": "2023-02-15T08:51:58.372Z",
    "date_modified": "2023-02-15T08:51:58.372Z",
    "change_user": null,
    "is_deleted": false
  }
},
{
  "model": "NearBeach.listofrequirementitemstatus",
  "pk": 7,
  "fields": {
    "requirement_item_status": "Implemented",
    "requirement_item_higher_order_status": "Closed",
    "requirement_item_status_sort_order": 7,
    "date_created": "2023-02-15T08:51:58.372Z",
    "date_modified": "2023-02-15T08:51:58.372Z",
    "change_user": null,
    "is_deleted": false
  }
},
{
  "model": "NearBeach.listofrequirementitemstatus",
  "pk": 8,
  "fields": {
    "requirement_item_status": "Finish",
    "requirement_item_higher_order_status": "Closed",
    "requirement_item_status_sort_order": 8,
    "date_created": "2023-02-15T08:51:58.372Z",
    "date_modified": "2023-02-15T08:51:58.372Z",
    "change_user": null,
    "is_deleted": false
  }
},
{
  "model": "NearBeach.listofrequirementitemstatus",
  "pk": 9,
  "fields": {
    "requirement_item_status": "Not Tested",
    "requirement_item_higher_order_status": "Normal",
    "requirement_item_status_sort_order": 9,
    "date_created": "2023-02-15T08:51:58.372Z",
    "date_modified": "2023-02-15T08:51:58.372Z",
    "change_user": null,
    "is_deleted": false
  }
},
{
  "model": "NearBeach.listofrequirementitemstatus",
  "pk": 10,
  "fields": {
    "requirement_item_status": "Obsolete",
    "requirement_item_higher_order_status": "Closed",
    "requirement_item_status_sort_order": 10,
    "date_created": "2023-02-15T08:51:58.372Z",
    "date_modified": "2023-02-15T08:51:58.372Z",
    "change_user": null,
    "is_deleted": false
  }
},
{
  "model": "NearBeach.listofrequirementitemtype",
  "pk": 1,
  "fields": {
    "requirement_item_type": "Informational",
    "date_created": "2023-02-15T08:51:58.372Z",
    "date_modified": "2023-02-15T08:51:58.372Z",
    "change_user": null,
    "is_deleted": false
  }
},
{
  "model": "NearBeach.listofrequirementitemtype",
  "pk": 2,
  "fields": {
    "requirement_item_type": "Feature",
    "date_created": "2023-02-15T08:51:58.372Z",
    "date_modified": "2023-02-15T08:51:58.372Z",
    "change_user": null,
    "is_deleted": false
  }
},
{
  "model": "NearBeach.listofrequirementitemtype",
  "pk": 3,
  "fields": {
    "requirement_item_type": "User Case",
    "date_created": "2023-02-15T08:51:58.372Z",
    "date_modified": "2023-02-15T08:51:58.372Z",
    "change_user": null,
    "is_deleted": false
  }
},
{
  "model": "NearBeach.listofrequirementitemtype",
  "pk": 4,
  "fields": {
    "requirement_item_type": "User Interface",
    "date_created": "2023-02-15T08:51:58.372Z",
    "date_modified": "2023-02-15T08:51:58.372Z",
    "change_user": null,
    "is_deleted": false
  }
},
{
  "model": "NearBeach.listofrequirementitemtype",
  "pk": 5,
  "fields": {
    "requirement_item_type": "Non Functional",
    "date_created": "2023-02-15T08:51:58.372Z",
    "date_modified": "2023-02-15T08:51:58.372Z",
    "change_user": null,
    "is_deleted": false
  }
},
{
  "model": "NearBeach.listofrequirementitemtype",
  "pk": 6,
  "fields": {
    "requirement_item_type": "Constraint",
    "date_created": "2023-02-15T08:51:58.372Z",
    "date_modified": "2023-02-15T08:51:58.373Z",
    "change_user": null,
    "is_deleted": false
  }
},
{
  "model": "NearBeach.listofrequirementitemtype",
  "pk": 7,
  "fields": {
    "requirement_item_type": "System Function",
    "date_created": "2023-02-15T08:51:58.373Z",
    "date_modified": "2023-02-15T08:51:58.373Z",
    "change_user": null,
    "is_deleted": false
  }
},
{
  "model": "NearBeach.listofrequirementstatus",
  "pk": 1,
  "fields": {
    "requirement_status": "Backlog",
    "requirement_higher_order_status": "Backlog",
    "requirement_status_sort_order": 1,
    "date_created": "2023-02-15T08:51:58.373Z",
    "date_modified": "2023-02-15T08:51:58.373Z",
    "change_user": null,
    "is_deleted": false
  }
},
{
  "model": "NearBeach.listofrequirementstatus",
  "pk": 2,
  "fields": {
    "requirement_status": "Blocked",
    "requirement_higher_order_status": "Blocked",
    "requirement_status_sort_order": 2,
    "date_created": "2023-02-15T08:51:58.373Z",
    "date_modified": "2023-02-15T08:51:58.373Z",
    "change_user": null,
    "is_deleted": false
  }
},
{
  "model": "NearBeach.listofrequirementstatus",
  "pk": 3,
  "fields": {
    "requirement_status": "In Progress",
    "requirement_higher_order_status": "Normal",
    "requirement_status_sort_order": 3,
    "date_created": "2023-02-15T08:51:58.373Z",
    "date_modified": "2023-02-15T08:51:58.373Z",
    "change_user": null,
    "is_deleted": false
  }
},
{
  "model": "NearBeach.listofrequirementstatus",
  "pk": 4,
  "fields": {
    "requirement_status": "Testing/Review",
    "requirement_higher_order_status": "Normal",
    "requirement_status_sort_order": 4,
    "date_created": "2023-02-15T08:51:58.373Z",
    "date_modified": "2023-02-15T08:51:58.373Z",
    "change_user": null,
    "is_deleted": false
  }
},
{
  "model": "NearBeach.listofrequirementstatus",
  "pk": 5,
  "fields": {
    "requirement_status": "Closed",
    "requirement_higher_order_status": "Closed",
    "requirement_status_sort_order": 5,
    "date_created": "2023-02-15T08:51:58.373Z",
    "date_modified": "2023-02-15T08:51:58.373Z",
    "change_user": null,
    "is_deleted": false
  }
},
{
  "model": "NearBeach.listofrequirementtype",
  "pk": 1,
  "fields": {
    "requirement_type": "Non Specific",
    "date_created": "2023-02-15T08:51:58.373Z",
    "date_modified": "2023-02-15T08:51:58.373Z",
    "change_user": null,
    "is_deleted": false
  }
},
{
  "model": "NearBeach.listofrequirementtype",
  "pk": 2,
  "fields": {
    "requirement_type": "Customer Requirements",
    "date_created": "2023-02-15T08:51:58.373Z",
    "date_modified": "2023-02-15T08:51:58.373Z",
    "change_user": null,
    "is_deleted": false
  }
},
{
  "model": "NearBeach.listofrequirementtype",
  "pk": 3,
  "fields": {
    "requirement_type": "System Requirements",
    "date_created": "2023-02-15T08:51:58.373Z",
    "date_modified": "2023-02-15T08:51:58.373Z",
    "change_user": null,
    "is_deleted": false
  }
},
{
  "model": "NearBeach.listoftaskstatus",
  "pk": 1,
  "fields": {
    "task_status": "New",
    "task_higher_order_status": "Backlog",
    "task_status_sort_order": 1,
    "date_created": "2023-12-28T04:35:43.324Z",
    "date_modified": "2023-12-28T04:35:43.324Z",
    "change_user": null,
    "is_deleted": false
  }
},
{
  "model": "NearBeach.listoftaskstatus",
  "pk": 2,
  "fields": {
    "task_status": "Backlog",
    "task_higher_order_status": "Backlog",
    "task_status_sort_order": 2,
    "date_created": "2023-12-28T04:35:43.324Z",
    "date_modified": "2023-12-28T04:35:43.324Z",
    "change_user": null,
    "is_deleted": false
  }
},
{
  "model": "NearBeach.listoftaskstatus",
  "pk": 3,
  "fields": {
    "task_status": "Blocked",
    "task_higher_order_status": "Blocked",
    "task_status_sort_order": 3,
    "date_created": "2023-12-28T04:35:43.324Z",
    "date_modified": "2023-12-28T04:35:43.324Z",
    "change_user": null,
    "is_deleted": false
  }
},
{
  "model": "NearBeach.listoftaskstatus",
  "pk": 4,
  "fields": {
    "task_status": "In Progress",
    "task_higher_order_status": "Normal",
    "task_status_sort_order": 4,
    "date_created": "2023-12-28T04:35:43.324Z",
    "date_modified": "2023-12-28T04:35:43.324Z",
    "change_user": null,
    "is_deleted": false
  }
},
{
  "model": "NearBeach.listoftaskstatus",
  "pk": 5,
  "fields": {
    "task_status": "Test/Review",
    "task_higher_order_status": "Normal",
    "task_status_sort_order": 5,
    "date_created": "2023-12-28T04:35:43.324Z",
    "date_modified": "2023-12-28T04:35:43.324Z",
    "change_user": null,
    "is_deleted": false
  }
},
{
  "model": "NearBeach.listoftaskstatus",
  "pk": 6,
  "fields": {
    "task_status": "Closed",
    "task_higher_order_status": "Closed",
    "task_status_sort_order": 6,
    "date_created": "2023-12-28T04:35:43.324Z",
    "date_modified": "2023-12-28T04:35:43.324Z",
    "change_user": null,
    "is_deleted": false
  }
},
{
  "model": "NearBeach.listoftitle",
  "pk": 1,
  "fields": {
    "title": "Mr",
    "date_created": "2023-02-15T08:51:58.374Z",
    "date_modified": "2023-02-15T08:51:58.374Z",
    "change_user": null,
    "is_deleted": false
  }
},
{
  "model": "NearBeach.listoftitle",
  "pk": 2,
  "fields": {
    "title": "Ms",
    "date_created": "2023-02-15T08:51:58.374Z",
    "date_modified": "2023-02-15T08:51:58.374Z",
    "change_user": null,
    "is_deleted": false
  }
},
{
  "model": "NearBeach.listoftitle",
  "pk": 3,
  "fields": {
    "title": "Mrs",
    "date_created": "2023-02-15T08:51:58.374Z",
    "date_modified": "2023-02-15T08:51:58.374Z",
    "change_user": null,
    "is_deleted": false
  }
},
{
  "model": "NearBeach.listoftitle",
  "pk": 4,
  "fields": {
    "title": "Mx",
    "date_created": "2023-02-15T08:51:58.374Z",
    "date_modified": "2023-02-15T08:51:58.374Z",
    "change_user": null,
    "is_deleted": false
  }
},
{
  "model": "NearBeach.notification",
  "pk": 1,
  "fields": {
    "notification_header": "A simple notification for everyone",
    "notification_message": "Please ignore - this is a fixture notification",
    "notification_start_date": "2023-11-14T22:00:00Z",
    "notification_end_date": "2099-11-27T05:00:00Z",
    "notification_location": "all",
    "date_created": "2023-11-15T11:05:26.869Z",
    "date_modified": "2023-11-15T11:05:26.869Z",
    "change_user": null,
    "is_deleted": false
  }
},
{
  "model": "NearBeach.objectassignment",
  "pk": 1,
  "fields": {
    "assigned_user": null,
    "group_id": 1,
    "requirement": null,
    "requirement_item": null,
    "project": null,
    "task": null,
    "kanban_board": 1,
    "kanban_card": null,
    "request_for_change": null,
    "customer": null,
    "organisation": null,
    "change_task": null,
    "meta_object": null,
    "meta_object_title": "",
    "meta_object_status": "",
    "link_relationship": "",
    "parent_link": "",
    "date_created": "2023-02-15T09:12:31.608Z",
    "date_modified": "2023-02-15T09:12:31.609Z",
    "change_user": 1,
    "is_deleted": false
  }
},
{
  "model": "NearBeach.objectassignment",
  "pk": 2,
  "fields": {
    "assigned_user": null,
    "group_id": 2,
    "requirement": null,
    "requirement_item": null,
    "project": null,
    "task": null,
    "kanban_board": 2,
    "kanban_card": null,
    "request_for_change": null,
    "customer": null,
    "organisation": null,
    "change_task": null,
    "meta_object": null,
    "meta_object_title": "",
    "meta_object_status": "",
    "link_relationship": "",
    "parent_link": "",
    "date_created": "2023-02-15T09:13:18.003Z",
    "date_modified": "2023-02-15T09:13:18.003Z",
    "change_user": 1,
    "is_deleted": true
  }
},
{
  "model": "NearBeach.objectassignment",
  "pk": 3,
  "fields": {
    "assigned_user": null,
    "group_id": 1,
    "requirement": null,
    "requirement_item": null,
    "project": 1,
    "task": null,
    "kanban_board": null,
    "kanban_card": null,
    "request_for_change": null,
    "customer": null,
    "organisation": null,
    "change_task": null,
    "meta_object": null,
    "meta_object_title": "",
    "meta_object_status": "",
    "link_relationship": "",
    "parent_link": "",
    "date_created": "2023-02-15T09:13:53.434Z",
    "date_modified": "2023-02-15T09:13:53.434Z",
    "change_user": 1,
    "is_deleted": false
  }
},
{
  "model": "NearBeach.objectassignment",
  "pk": 4,
  "fields": {
    "assigned_user": null,
    "group_id": 2,
    "requirement": null,
    "requirement_item": null,
    "project": 2,
    "task": null,
    "kanban_board": null,
    "kanban_card": null,
    "request_for_change": null,
    "customer": null,
    "organisation": null,
    "change_task": null,
    "meta_object": null,
    "meta_object_title": "",
    "meta_object_status": "",
    "link_relationship": "",
    "parent_link": "",
    "date_created": "2023-02-15T09:14:14.988Z",
    "date_modified": "2023-02-15T09:14:14.989Z",
    "change_user": 1,
    "is_deleted": true
  }
},
{
  "model": "NearBeach.objectassignment",
  "pk": 5,
  "fields": {
    "assigned_user": null,
    "group_id": 1,
    "requirement": null,
    "requirement_item": null,
    "project": null,
    "task": null,
    "kanban_board": null,
    "kanban_card": null,
    "request_for_change": 1,
    "customer": null,
    "organisation": null,
    "change_task": null,
    "meta_object": null,
    "meta_object_title": "",
    "meta_object_status": "",
    "link_relationship": "",
    "parent_link": "",
    "date_created": "2023-02-15T09:15:05.016Z",
    "date_modified": "2023-02-15T09:15:05.016Z",
    "change_user": 1,
    "is_deleted": false
  }
},
{
  "model": "NearBeach.objectassignment",
  "pk": 6,
  "fields": {
    "assigned_user": null,
    "group_id": 2,
    "requirement": null,
    "requirement_item": null,
    "project": null,
    "task": null,
    "kanban_board": null,
    "kanban_card": null,
    "request_for_change": 1,
    "customer": null,
    "organisation": null,
    "change_task": null,
    "meta_object": null,
    "meta_object_title": "",
    "meta_object_status": "",
    "link_relationship": "",
    "parent_link": "",
    "date_created": "2023-02-15T09:15:05.019Z",
    "date_modified": "2023-02-15T09:15:05.019Z",
    "change_user": 1,
    "is_deleted": true
  }
},
{
  "model": "NearBeach.objectassignment",
  "pk": 7,
  "fields": {
    "assigned_user": null,
    "group_id": 2,
    "requirement": null,
    "requirement_item": null,
    "project": null,
    "task": null,
    "kanban_board": null,
    "kanban_card": null,
    "request_for_change": 2,
    "customer": null,
    "organisation": null,
    "change_task": null,
    "meta_object": null,
    "meta_object_title": "",
    "meta_object_status": "",
    "link_relationship": "",
    "parent_link": "",
    "date_created": "2023-02-15T09:16:25.939Z",
    "date_modified": "2023-02-15T09:16:25.939Z",
    "change_user": 1,
    "is_deleted": true
  }
},
{
  "model": "NearBeach.objectassignment",
  "pk": 8,
  "fields": {
    "assigned_user": null,
    "group_id": 1,
    "requirement": 1,
    "requirement_item": null,
    "project": null,
    "task": null,
    "kanban_board": null,
    "kanban_card": null,
    "request_for_change": null,
    "customer": null,
    "organisation": null,
    "change_task": null,
    "meta_object": null,
    "meta_object_title": "",
    "meta_object_status": "",
    "link_relationship": "",
    "parent_link": "",
    "date_created": "2023-02-15T09:17:21.807Z",
    "date_modified": "2023-02-15T09:17:21.807Z",
    "change_user": 1,
    "is_deleted": false
  }
},
{
  "model": "NearBeach.objectassignment",
  "pk": 9,
  "fields": {
    "assigned_user": null,
    "group_id": 2,
    "requirement": 2,
    "requirement_item": null,
    "project": null,
    "task": null,
    "kanban_board": null,
    "kanban_card": null,
    "request_for_change": null,
    "customer": null,
    "organisation": null,
    "change_task": null,
    "meta_object": null,
    "meta_object_title": "",
    "meta_object_status": "",
    "link_relationship": "",
    "parent_link": "",
    "date_created": "2023-02-15T09:18:34.847Z",
    "date_modified": "2023-02-15T09:18:34.847Z",
    "change_user": 1,
    "is_deleted": true
  }
},
{
  "model": "NearBeach.objectassignment",
  "pk": 10,
  "fields": {
    "assigned_user": null,
    "group_id": 1,
    "requirement": null,
    "requirement_item": null,
    "project": null,
    "task": 1,
    "kanban_board": null,
    "kanban_card": null,
    "request_for_change": null,
    "customer": null,
    "organisation": null,
    "change_task": null,
    "meta_object": null,
    "meta_object_title": "",
    "meta_object_status": "",
    "link_relationship": "",
    "parent_link": "",
    "date_created": "2023-02-15T09:19:37.974Z",
    "date_modified": "2023-02-15T09:19:37.974Z",
    "change_user": 1,
    "is_deleted": false
  }
},
{
  "model": "NearBeach.objectassignment",
  "pk": 11,
  "fields": {
    "assigned_user": null,
    "group_id": 2,
    "requirement": null,
    "requirement_item": null,
    "project": null,
    "task": 2,
    "kanban_board": null,
    "kanban_card": null,
    "request_for_change": null,
    "customer": null,
    "organisation": null,
    "change_task": null,
    "meta_object": null,
    "meta_object_title": "",
    "meta_object_status": "",
    "link_relationship": "",
    "parent_link": "",
    "date_created": "2023-02-15T09:19:58.923Z",
    "date_modified": "2023-02-15T09:19:58.923Z",
    "change_user": 1,
    "is_deleted": true
  }
},
{
  "model": "NearBeach.objectassignment",
  "pk": 12,
  "fields": {
    "assigned_user": null,
    "group_id": 2,
    "requirement": 1,
    "requirement_item": null,
    "project": null,
    "task": null,
    "kanban_board": null,
    "kanban_card": null,
    "request_for_change": null,
    "customer": null,
    "organisation": null,
    "change_task": null,
    "meta_object": null,
    "meta_object_title": "",
    "meta_object_status": "",
    "link_relationship": "",
    "parent_link": "",
    "date_created": "2023-02-17T09:47:56.396Z",
    "date_modified": "2023-02-17T09:47:56.396Z",
    "change_user": 1,
    "is_deleted": true
  }
},
{
  "model": "NearBeach.objectassignment",
  "pk": 13,
  "fields": {
    "assigned_user": 2,
    "group_id": null,
    "requirement": 1,
    "requirement_item": null,
    "project": null,
    "task": null,
    "kanban_board": null,
    "kanban_card": null,
    "request_for_change": null,
    "customer": null,
    "organisation": null,
    "change_task": null,
    "meta_object": null,
    "meta_object_title": "",
    "meta_object_status": "",
    "link_relationship": "",
    "parent_link": "",
    "date_created": "2023-02-17T09:48:05.023Z",
    "date_modified": "2023-02-17T09:48:05.024Z",
    "change_user": 1,
    "is_deleted": true
  }
},
{
  "model": "NearBeach.objectassignment",
  "pk": 14,
  "fields": {
    "assigned_user": null,
    "group_id": 2,
    "requirement": null,
    "requirement_item": null,
    "project": null,
    "task": 2,
    "kanban_board": null,
    "kanban_card": null,
    "request_for_change": null,
    "customer": null,
    "organisation": null,
    "change_task": null,
    "meta_object": null,
    "meta_object_title": "",
    "meta_object_status": "",
    "link_relationship": "",
    "parent_link": "",
    "date_created": "2023-02-20T10:28:14.258Z",
    "date_modified": "2023-02-20T10:28:14.258Z",
    "change_user": 1,
    "is_deleted": true
  }
},
{
  "model": "NearBeach.objectassignment",
  "pk": 15,
  "fields": {
    "assigned_user": null,
    "group_id": 2,
    "requirement": null,
    "requirement_item": null,
    "project": null,
    "task": null,
    "kanban_board": null,
    "kanban_card": null,
    "request_for_change": 1,
    "customer": null,
    "organisation": null,
    "change_task": null,
    "meta_object": null,
    "meta_object_title": "",
    "meta_object_status": "",
    "link_relationship": "",
    "parent_link": "",
    "date_created": "2023-02-20T10:28:37.960Z",
    "date_modified": "2023-02-20T10:28:37.960Z",
    "change_user": 1,
    "is_deleted": true
  }
},
{
  "model": "NearBeach.objectassignment",
  "pk": 16,
  "fields": {
    "assigned_user": null,
    "group_id": 2,
    "requirement": null,
    "requirement_item": null,
    "project": null,
    "task": null,
    "kanban_board": null,
    "kanban_card": null,
    "request_for_change": 1,
    "customer": null,
    "organisation": null,
    "change_task": null,
    "meta_object": null,
    "meta_object_title": "",
    "meta_object_status": "",
    "link_relationship": "",
    "parent_link": "",
    "date_created": "2023-02-20T10:30:49.863Z",
    "date_modified": "2023-02-20T10:30:49.863Z",
    "change_user": 1,
    "is_deleted": true
  }
},
{
  "model": "NearBeach.objectassignment",
  "pk": 17,
  "fields": {
    "assigned_user": null,
    "group_id": 2,
    "requirement": null,
    "requirement_item": null,
    "project": null,
    "task": null,
    "kanban_board": null,
    "kanban_card": null,
    "request_for_change": 1,
    "customer": null,
    "organisation": null,
    "change_task": null,
    "meta_object": null,
    "meta_object_title": "",
    "meta_object_status": "",
    "link_relationship": "",
    "parent_link": "",
    "date_created": "2023-02-20T10:33:05.033Z",
    "date_modified": "2023-02-20T10:33:05.033Z",
    "change_user": 1,
    "is_deleted": true
  }
},
{
  "model": "NearBeach.objectassignment",
  "pk": 18,
  "fields": {
    "assigned_user": null,
    "group_id": 2,
    "requirement": null,
    "requirement_item": null,
    "project": null,
    "task": 2,
    "kanban_board": null,
    "kanban_card": null,
    "request_for_change": null,
    "customer": null,
    "organisation": null,
    "change_task": null,
    "meta_object": null,
    "meta_object_title": "",
    "meta_object_status": "",
    "link_relationship": "",
    "parent_link": "",
    "date_created": "2023-02-20T10:33:15.300Z",
    "date_modified": "2023-02-20T10:33:15.300Z",
    "change_user": 1,
    "is_deleted": true
  }
},
{
  "model": "NearBeach.objectassignment",
  "pk": 19,
  "fields": {
    "assigned_user": null,
    "group_id": 2,
    "requirement": null,
    "requirement_item": null,
    "project": null,
    "task": 2,
    "kanban_board": null,
    "kanban_card": null,
    "request_for_change": null,
    "customer": null,
    "organisation": null,
    "change_task": null,
    "meta_object": null,
    "meta_object_title": "",
    "meta_object_status": "",
    "link_relationship": "",
    "parent_link": "",
    "date_created": "2023-02-20T10:33:42.849Z",
    "date_modified": "2023-02-20T10:33:42.849Z",
    "change_user": 1,
    "is_deleted": true
  }
},
{
  "model": "NearBeach.objectassignment",
  "pk": 20,
  "fields": {
    "assigned_user": null,
    "group_id": 2,
    "requirement": null,
    "requirement_item": null,
    "project": null,
    "task": null,
    "kanban_board": null,
    "kanban_card": null,
    "request_for_change": 1,
    "customer": null,
    "organisation": null,
    "change_task": null,
    "meta_object": null,
    "meta_object_title": "",
    "meta_object_status": "",
    "link_relationship": "",
    "parent_link": "",
    "date_created": "2023-02-20T10:35:33.187Z",
    "date_modified": "2023-02-20T10:35:33.188Z",
    "change_user": 1,
    "is_deleted": true
  }
},
{
  "model": "NearBeach.objectassignment",
  "pk": 21,
  "fields": {
    "assigned_user": null,
    "group_id": 2,
    "requirement": null,
    "requirement_item": null,
    "project": null,
    "task": null,
    "kanban_board": null,
    "kanban_card": null,
    "request_for_change": 1,
    "customer": null,
    "organisation": null,
    "change_task": null,
    "meta_object": null,
    "meta_object_title": "",
    "meta_object_status": "",
    "link_relationship": "",
    "parent_link": "",
    "date_created": "2023-02-20T10:35:46.699Z",
    "date_modified": "2023-02-20T10:35:46.699Z",
    "change_user": 1,
    "is_deleted": true
  }
},
{
  "model": "NearBeach.objectassignment",
  "pk": 22,
  "fields": {
    "assigned_user": null,
    "group_id": 2,
    "requirement": null,
    "requirement_item": null,
    "project": null,
    "task": 2,
    "kanban_board": null,
    "kanban_card": null,
    "request_for_change": null,
    "customer": null,
    "organisation": null,
    "change_task": null,
    "meta_object": null,
    "meta_object_title": "",
    "meta_object_status": "",
    "link_relationship": "",
    "parent_link": "",
    "date_created": "2023-02-20T10:36:29.057Z",
    "date_modified": "2023-02-20T10:36:29.057Z",
    "change_user": 1,
    "is_deleted": true
  }
},
{
  "model": "NearBeach.objectassignment",
  "pk": 23,
  "fields": {
    "assigned_user": null,
    "group_id": 2,
    "requirement": null,
    "requirement_item": null,
    "project": null,
    "task": null,
    "kanban_board": null,
    "kanban_card": null,
    "request_for_change": 1,
    "customer": null,
    "organisation": null,
    "change_task": null,
    "meta_object": null,
    "meta_object_title": "",
    "meta_object_status": "",
    "link_relationship": "",
    "parent_link": "",
    "date_created": "2023-02-20T10:36:38.369Z",
    "date_modified": "2023-02-20T10:36:38.369Z",
    "change_user": 1,
    "is_deleted": true
  }
},
{
  "model": "NearBeach.objectassignment",
  "pk": 24,
  "fields": {
    "assigned_user": null,
    "group_id": 2,
    "requirement": null,
    "requirement_item": null,
    "project": null,
    "task": 2,
    "kanban_board": null,
    "kanban_card": null,
    "request_for_change": null,
    "customer": null,
    "organisation": null,
    "change_task": null,
    "meta_object": null,
    "meta_object_title": "",
    "meta_object_status": "",
    "link_relationship": "",
    "parent_link": "",
    "date_created": "2023-02-20T10:37:05.498Z",
    "date_modified": "2023-02-20T10:37:05.498Z",
    "change_user": 1,
    "is_deleted": true
  }
},
{
  "model": "NearBeach.objectassignment",
  "pk": 25,
  "fields": {
    "assigned_user": null,
    "group_id": 2,
    "requirement": null,
    "requirement_item": null,
    "project": null,
    "task": null,
    "kanban_board": null,
    "kanban_card": null,
    "request_for_change": 1,
    "customer": null,
    "organisation": null,
    "change_task": null,
    "meta_object": null,
    "meta_object_title": "",
    "meta_object_status": "",
    "link_relationship": "",
    "parent_link": "",
    "date_created": "2023-02-20T10:37:12.767Z",
    "date_modified": "2023-02-20T10:37:12.767Z",
    "change_user": 1,
    "is_deleted": true
  }
},
{
  "model": "NearBeach.objectassignment",
  "pk": 26,
  "fields": {
    "assigned_user": null,
    "group_id": 2,
    "requirement": null,
    "requirement_item": null,
    "project": null,
    "task": null,
    "kanban_board": null,
    "kanban_card": null,
    "request_for_change": 1,
    "customer": null,
    "organisation": null,
    "change_task": null,
    "meta_object": null,
    "meta_object_title": "",
    "meta_object_status": "",
    "link_relationship": "",
    "parent_link": "",
    "date_created": "2023-02-20T10:40:02.466Z",
    "date_modified": "2023-02-20T10:40:02.466Z",
    "change_user": 1,
    "is_deleted": true
  }
},
{
  "model": "NearBeach.objectassignment",
  "pk": 27,
  "fields": {
    "assigned_user": null,
    "group_id": 2,
    "requirement": null,
    "requirement_item": null,
    "project": null,
    "task": 2,
    "kanban_board": null,
    "kanban_card": null,
    "request_for_change": null,
    "customer": null,
    "organisation": null,
    "change_task": null,
    "meta_object": null,
    "meta_object_title": "",
    "meta_object_status": "",
    "link_relationship": "",
    "parent_link": "",
    "date_created": "2023-02-20T10:43:44.500Z",
    "date_modified": "2023-02-20T10:43:44.500Z",
    "change_user": 1,
    "is_deleted": false
  }
},
{
  "model": "NearBeach.objectassignment",
  "pk": 28,
  "fields": {
    "assigned_user": null,
    "group_id": 2,
    "requirement": null,
    "requirement_item": null,
    "project": null,
    "task": null,
    "kanban_board": null,
    "kanban_card": null,
    "request_for_change": 1,
    "customer": null,
    "organisation": null,
    "change_task": null,
    "meta_object": null,
    "meta_object_title": "",
    "meta_object_status": "",
    "link_relationship": "",
    "parent_link": "",
    "date_created": "2023-02-20T10:49:25.057Z",
    "date_modified": "2023-02-20T10:49:25.057Z",
    "change_user": 1,
    "is_deleted": true
  }
},
{
  "model": "NearBeach.objectassignment",
  "pk": 29,
  "fields": {
    "assigned_user": null,
    "group_id": 2,
    "requirement": null,
    "requirement_item": null,
    "project": null,
    "task": null,
    "kanban_board": null,
    "kanban_card": null,
    "request_for_change": 1,
    "customer": null,
    "organisation": null,
    "change_task": null,
    "meta_object": null,
    "meta_object_title": "",
    "meta_object_status": "",
    "link_relationship": "",
    "parent_link": "",
    "date_created": "2023-02-20T10:57:24.376Z",
    "date_modified": "2023-02-20T10:57:24.376Z",
    "change_user": 1,
    "is_deleted": true
  }
},
{
  "model": "NearBeach.objectassignment",
  "pk": 30,
  "fields": {
    "assigned_user": null,
    "group_id": 2,
    "requirement": null,
    "requirement_item": null,
    "project": null,
    "task": null,
    "kanban_board": null,
    "kanban_card": null,
    "request_for_change": 2,
    "customer": null,
    "organisation": null,
    "change_task": null,
    "meta_object": null,
    "meta_object_title": "",
    "meta_object_status": "",
    "link_relationship": "",
    "parent_link": "",
    "date_created": "2023-02-20T11:00:54.678Z",
    "date_modified": "2023-02-20T11:00:54.678Z",
    "change_user": 1,
    "is_deleted": false
  }
},
{
  "model": "NearBeach.objectassignment",
  "pk": 31,
  "fields": {
    "assigned_user": null,
    "group_id": 2,
    "requirement": 2,
    "requirement_item": null,
    "project": null,
    "task": null,
    "kanban_board": null,
    "kanban_card": null,
    "request_for_change": null,
    "customer": null,
    "organisation": null,
    "change_task": null,
    "meta_object": null,
    "meta_object_title": "",
    "meta_object_status": "",
    "link_relationship": "",
    "parent_link": "",
    "date_created": "2023-02-20T11:01:01.010Z",
    "date_modified": "2023-02-20T11:01:01.010Z",
    "change_user": 1,
    "is_deleted": false
  }
},
{
  "model": "NearBeach.objectassignment",
  "pk": 32,
  "fields": {
    "assigned_user": null,
    "group_id": 2,
    "requirement": null,
    "requirement_item": null,
    "project": 2,
    "task": null,
    "kanban_board": null,
    "kanban_card": null,
    "request_for_change": null,
    "customer": null,
    "organisation": null,
    "change_task": null,
    "meta_object": null,
    "meta_object_title": "",
    "meta_object_status": "",
    "link_relationship": "",
    "parent_link": "",
    "date_created": "2023-02-20T11:01:07.872Z",
    "date_modified": "2023-02-20T11:01:07.872Z",
    "change_user": 1,
    "is_deleted": false
  }
},
{
  "model": "NearBeach.objectassignment",
  "pk": 33,
  "fields": {
    "assigned_user": null,
    "group_id": 2,
    "requirement": null,
    "requirement_item": null,
    "project": null,
    "task": null,
    "kanban_board": 2,
    "kanban_card": null,
    "request_for_change": null,
    "customer": null,
    "organisation": null,
    "change_task": null,
    "meta_object": null,
    "meta_object_title": "",
    "meta_object_status": "",
    "link_relationship": "",
    "parent_link": "",
    "date_created": "2023-02-20T11:01:20.403Z",
    "date_modified": "2023-02-20T11:01:20.403Z",
    "change_user": 1,
    "is_deleted": false
  }
},
{
  "model": "NearBeach.objectassignment",
  "pk": 34,
  "fields": {
    "assigned_user": 1,
    "group_id": null,
    "requirement": 1,
    "requirement_item": null,
    "project": null,
    "task": null,
    "kanban_board": null,
    "kanban_card": null,
    "request_for_change": null,
    "customer": null,
    "organisation": null,
    "change_task": null,
    "meta_object": null,
    "meta_object_title": "",
    "meta_object_status": "",
    "link_relationship": "",
    "parent_link": "",
    "date_created": "2024-05-13T08:35:50.388Z",
    "date_modified": "2024-05-13T08:35:50.388Z",
    "change_user": 1,
    "is_deleted": false
  }
},
{
  "model": "NearBeach.objectassignment",
  "pk": 35,
  "fields": {
    "assigned_user": 1,
    "group_id": null,
    "requirement": null,
    "requirement_item": null,
    "project": 1,
    "task": null,
    "kanban_board": null,
    "kanban_card": null,
    "request_for_change": null,
    "customer": null,
    "organisation": null,
    "change_task": null,
    "meta_object": null,
    "meta_object_title": "",
    "meta_object_status": "",
    "link_relationship": "",
    "parent_link": "",
    "date_created": "2024-05-13T10:29:17.681Z",
    "date_modified": "2024-05-13T10:29:17.681Z",
    "change_user": 1,
    "is_deleted": false
  }
},
{
  "model": "NearBeach.objectassignment",
  "pk": 36,
  "fields": {
    "assigned_user": 5,
    "group_id": null,
    "requirement": null,
    "requirement_item": null,
    "project": null,
    "task": 2,
    "kanban_board": null,
    "kanban_card": null,
    "request_for_change": null,
    "customer": null,
    "organisation": null,
    "change_task": null,
    "meta_object": null,
    "meta_object_title": "",
    "meta_object_status": "",
    "link_relationship": "",
    "parent_link": "",
    "date_created": "2024-05-13T10:30:40.078Z",
    "date_modified": "2024-05-13T10:30:40.078Z",
    "change_user": 1,
    "is_deleted": false
  }
},
{
  "model": "NearBeach.objectassignment",
  "pk": 37,
  "fields": {
    "assigned_user": 3,
    "group_id": null,
    "requirement": null,
    "requirement_item": null,
    "project": null,
    "task": 2,
    "kanban_board": null,
    "kanban_card": null,
    "request_for_change": null,
    "customer": null,
    "organisation": null,
    "change_task": null,
    "meta_object": null,
    "meta_object_title": "",
    "meta_object_status": "",
    "link_relationship": "",
    "parent_link": "",
    "date_created": "2024-05-13T10:41:58.777Z",
    "date_modified": "2024-05-13T10:41:58.777Z",
    "change_user": 2,
    "is_deleted": false
  }
},
{
  "model": "NearBeach.objectassignment",
  "pk": 38,
  "fields": {
    "assigned_user": 2,
    "group_id": null,
    "requirement": null,
    "requirement_item": null,
    "project": null,
    "task": 2,
    "kanban_board": null,
    "kanban_card": null,
    "request_for_change": null,
    "customer": null,
    "organisation": null,
    "change_task": null,
    "meta_object": null,
    "meta_object_title": "",
    "meta_object_status": "",
    "link_relationship": "",
    "parent_link": "",
    "date_created": "2024-05-13T10:42:14.120Z",
    "date_modified": "2024-05-13T10:42:14.120Z",
    "change_user": 2,
    "is_deleted": false
  }
},
{
  "model": "NearBeach.objectassignment",
  "pk": 39,
  "fields": {
    "assigned_user": 8,
    "group_id": null,
    "requirement": null,
    "requirement_item": null,
    "project": null,
    "task": 2,
    "kanban_board": null,
    "kanban_card": null,
    "request_for_change": null,
    "customer": null,
    "organisation": null,
    "change_task": null,
    "meta_object": null,
    "meta_object_title": "",
    "meta_object_status": "",
    "link_relationship": "",
    "parent_link": "",
    "date_created": "2024-09-25T09:46:04.567Z",
    "date_modified": "2024-09-25T09:46:04.567Z",
    "change_user": 7,
    "is_deleted": false
  }
},
{
  "model": "NearBeach.objectnote",
  "pk": 1,
  "fields": {
    "object_note": "<p>Add a note</p>",
    "kanban_card": 1,
    "organisation": null,
    "requirement": null,
    "requirement_item": null,
    "project": null,
    "task": null,
    "request_for_change": null,
    "date_created": "2023-02-17T09:46:45.292Z",
    "date_modified": "2023-02-17T09:46:45.292Z",
    "change_user": 1,
    "is_deleted": false
  }
},
{
  "model": "NearBeach.objectnote",
  "pk": 2,
  "fields": {
    "object_note": "<p>Project Note 1 - will be deleted by unit testing.</p>\r\n<p>It will fail when an unprivileged user will try and delete it</p>",
    "kanban_card": null,
    "organisation": null,
    "requirement": null,
    "requirement_item": null,
    "project": 1,
    "task": null,
    "request_for_change": null,
    "date_created": "2024-02-05T08:08:34.257Z",
    "date_modified": "2024-02-05T08:08:34.257Z",
    "change_user": 1,
    "is_deleted": false
  }
},
{
  "model": "NearBeach.objectnote",
  "pk": 3,
  "fields": {
    "object_note": "<p>Team leader note. Will pass. Hello World</p>",
    "kanban_card": null,
    "organisation": null,
    "requirement": null,
    "requirement_item": null,
    "project": 2,
    "task": null,
    "request_for_change": null,
    "date_created": "2024-02-05T08:09:07.922Z",
    "date_modified": "2024-02-05T08:19:28.185Z",
    "change_user": 2,
    "is_deleted": false
  }
},
{
  "model": "NearBeach.objectnote",
  "pk": 4,
  "fields": {
    "object_note": "<p>Requirement Information note - written by the admin user</p>",
    "kanban_card": null,
    "organisation": null,
    "requirement": 1,
    "requirement_item": null,
    "project": null,
    "task": null,
    "request_for_change": null,
    "date_created": "2025-05-05T08:49:22.141Z",
    "date_modified": "2025-05-05T08:49:22.141Z",
    "change_user": 1,
    "is_deleted": false
  }
},
{
  "model": "NearBeach.objectnote",
  "pk": 5,
  "fields": {
    "object_note": "<p>Task information note - written by the admin user</p>",
    "kanban_card": null,
    "organisation": null,
    "requirement": null,
    "requirement_item": null,
    "project": null,
    "task": 1,
    "request_for_change": null,
    "date_created": "2025-05-05T08:49:57.790Z",
    "date_modified": "2025-05-05T08:49:57.790Z",
    "change_user": 1,
    "is_deleted": false
  }
},
{
  "model": "NearBeach.objectnote",
  "pk": 6,
  "fields": {
    "object_note": "<p>Kanban Card note written by the admin user</p>",
    "kanban_card": 1,
    "organisation": null,
    "requirement": null,
    "requirement_item": null,
    "project": null,
    "task": null,
    "request_for_change": null,
    "date_created": "2025-05-05T08:50:20.276Z",
    "date_modified": "2025-05-05T08:50:20.276Z",
    "change_user": 1,
    "is_deleted": false
  }
},
{
  "model": "NearBeach.objectnote",
  "pk": 7,
  "fields": {
    "object_note": "<p>Team leader has written a note on the project information</p>",
    "kanban_card": null,
    "organisation": null,
    "requirement": null,
    "requirement_item": null,
    "project": 2,
    "task": null,
    "request_for_change": null,
    "date_created": "2025-05-05T08:51:07.354Z",
    "date_modified": "2025-05-05T08:51:07.354Z",
    "change_user": 2,
    "is_deleted": false
  }
},
{
  "model": "NearBeach.objectnote",
  "pk": 8,
  "fields": {
    "object_note": "<p>Team Leader has written a note on the task information</p>",
    "kanban_card": null,
    "organisation": null,
    "requirement": null,
    "requirement_item": null,
    "project": null,
    "task": 2,
    "request_for_change": null,
    "date_created": "2025-05-05T08:51:26.206Z",
    "date_modified": "2025-05-05T08:51:26.206Z",
    "change_user": 2,
    "is_deleted": false
  }
},
{
  "model": "NearBeach.objectnote",
  "pk": 9,
  "fields": {
    "object_note": "<p>Team leader has written a note on the project information</p>",
    "kanban_card": null,
    "organisation": null,
    "requirement": null,
    "requirement_item": null,
    "project": 2,
    "task": null,
    "request_for_change": null,
    "date_created": "2025-05-05T08:51:40.931Z",
    "date_modified": "2025-05-05T08:51:40.931Z",
    "change_user": 2,
    "is_deleted": false
  }
},
{
  "model": "NearBeach.objectnote",
  "pk": 10,
  "fields": {
    "object_note": "<p>Team leader was here ;) kanban information</p>",
    "kanban_card": 2,
    "organisation": null,
    "requirement": null,
    "requirement_item": null,
    "project": null,
    "task": null,
    "request_for_change": null,
    "date_created": "2025-05-05T08:52:02.009Z",
    "date_modified": "2025-05-05T08:52:02.009Z",
    "change_user": 2,
    "is_deleted": false
  }
},
{
  "model": "NearBeach.objecttemplate",
  "pk": 1,
  "fields": {
    "object_template_type": 1,
    "object_template_json": {
      "object_type": "task",
      "object_title": "App Pool Recycle",
      "object_description": "<p>Can someone please run an app pool recycle</p>",
      "object_organisation": 1,
      "object_start_date": "2024-10-17T22:00:00Z",
      "object_end_date": "2024-11-01T05:00:00Z",
      "uuid": "ce8c05db-20df-4ada-b064-c8e9d72fc3eb"
    },
    "date_created": "2024-10-18T08:41:37.261Z",
    "date_modified": "2024-10-18T10:44:34.053Z",
    "change_user": 7,
    "is_deleted": false
  }
},
{
  "model": "NearBeach.objecttemplate",
  "pk": 2,
  "fields": {
    "object_template_type": 1,
    "object_template_json": {
      "object_type": "task",
      "object_title": "Weekly Monday Report",
      "object_description": "<p>Weekly Monday Report</p>",
      "object_organisation": 1,
      "object_start_date": "2024-10-17T22:00:00Z",
      "object_end_date": "2024-11-01T05:00:00Z",
      "uuid": "76f61f6a-67f8-4c99-bd7c-cad352a78165"
    },
    "date_created": "2024-10-18T08:42:25.245Z",
    "date_modified": "2024-10-18T11:16:23.382Z",
    "change_user": 7,
    "is_deleted": false
  }
},
{
  "model": "NearBeach.objecttemplate",
  "pk": 3,
  "fields": {
    "object_template_type": 1,
    "object_template_json": {
      "object_type": "task",
      "object_title": "Trim Beard",
      "object_description": "<p>Trim beard and go to parents place</p>",
      "object_organisation": 1,
      "object_start_date": "2024-10-17T22:00:00Z",
      "object_end_date": "2024-11-01T05:00:00Z",
      "uuid": "24ee3bd1-591c-44d7-8292-401d487ca4a3"
    },
    "date_created": "2024-10-18T08:49:33.486Z",
    "date_modified": "2024-10-18T10:47:12.799Z",
    "change_user": 7,
    "is_deleted": false
  }
},
{
  "model": "NearBeach.objecttemplate",
  "pk": 4,
  "fields": {
    "object_template_type": 0,
    "object_template_json": {
      "object_type": "project",
      "object_title": "Monthly Budgeting Report",
      "object_description": "<p>Monthly Budgeting Report</p>",
      "object_organisation": 1,
      "object_start_date": "2024-10-17T22:00:00Z",
      "object_end_date": "2024-11-01T05:00:00Z",
      "uuid": "22d50f6a-9df0-402b-86ff-f9e02980c841"
    },
    "date_created": "2024-10-18T08:50:08.220Z",
    "date_modified": "2024-10-18T11:16:34.613Z",
    "change_user": 7,
    "is_deleted": false
  }
},
{
  "model": "NearBeach.objecttemplate",
  "pk": 5,
  "fields": {
    "object_template_type": 0,
    "object_template_json": {
      "object_type": "project",
      "object_title": "End of Month Report",
      "object_description": "<p>End of Month Report</p>",
      "object_organisation": 1,
      "object_start_date": "2024-10-17T22:00:00Z",
      "object_end_date": "2024-11-01T05:00:00Z",
      "uuid": "fbc54001-f78e-4ae6-ba75-374dfa801160"
    },
    "date_created": "2024-10-18T08:50:37.061Z",
    "date_modified": "2024-10-18T11:16:12.833Z",
    "change_user": 7,
    "is_deleted": false
  }
},
{
  "model": "NearBeach.objecttemplate",
  "pk": 6,
  "fields": {
    "object_template_type": 0,
    "object_template_json": {
      "object_type": "project",
      "object_title": "Close off all unwanted tickets",
      "object_description": "<p>Close off all unwanted tickets</p>",
      "object_organisation": 1,
      "object_start_date": "2024-10-17T22:00:00Z",
      "object_end_date": "2024-11-01T05:00:00Z",
      "uuid": "ebccb2f7-e2a1-42e7-8e22-cad83786d383"
    },
    "date_created": "2024-10-18T08:51:18.928Z",
    "date_modified": "2024-10-18T10:47:33.091Z",
    "change_user": 7,
    "is_deleted": false
  }
},
{
  "model": "NearBeach.objecttemplate",
  "pk": 7,
  "fields": {
    "object_template_type": 1,
    "object_template_json": {
      "object_type": "task",
      "object_title": "Inactive Task",
      "object_description": "<p>Inactive Task</p>",
      "object_organisation": 1,
      "object_start_date": "2024-10-17T22:00:00Z",
      "object_end_date": "2024-11-01T05:00:00Z",
      "uuid": "d4469011-acad-42a5-9a37-8f61d6338f7e"
    },
    "date_created": "2024-10-18T08:53:57.137Z",
    "date_modified": "2024-10-18T08:54:11.990Z",
    "change_user": 7,
    "is_deleted": false
  }
},
{
  "model": "NearBeach.objecttemplate",
  "pk": 8,
  "fields": {
    "object_template_type": 1,
    "object_template_json": {
      "object_type": "task",
      "object_title": "Set day of the week - repeat 5 times - run time 5",
      "object_description": "<p>Set day of the week - repeat 5 times - run time 5</p>",
      "object_organisation": 1,
      "object_start_date": "2024-10-17T22:00:00Z",
      "object_end_date": "2024-11-01T05:00:00Z",
      "uuid": "ed89bd54-30a7-4202-909c-ebe58b2d1899"
    },
    "date_created": "2024-10-18T11:24:25.719Z",
    "date_modified": "2024-10-18T11:27:24.767Z",
    "change_user": 7,
    "is_deleted": false
  }
},
{
  "model": "NearBeach.objecttemplate",
  "pk": 9,
  "fields": {
    "object_template_type": 1,
    "object_template_json": {
      "object_type": "task",
      "object_title": "Weekly - repeat 5 times - run time 5",
      "object_description": "<p>Weekly - repeat 5 times - run time 5</p>",
      "object_organisation": 1,
      "object_start_date": "2024-10-17T22:00:00Z",
      "object_end_date": "2024-11-01T05:00:00Z",
      "uuid": "e21ff151-ae89-4cf7-ab05-9d9bb17be46e"
    },
    "date_created": "2024-10-18T11:24:52.111Z",
    "date_modified": "2024-10-18T11:24:52.111Z",
    "change_user": 7,
    "is_deleted": false
  }
},
{
  "model": "NearBeach.objecttemplate",
  "pk": 10,
  "fields": {
    "object_template_type": 1,
    "object_template_json": {
      "object_type": "task",
      "object_title": "Future Task",
      "object_description": "<p>Future Task</p>",
      "object_organisation": 1,
      "object_start_date": "2024-10-17T22:00:00Z",
      "object_end_date": "2024-11-01T05:00:00Z",
      "uuid": "2022f753-fe93-4b1c-9366-d8dd85d15c37"
    },
    "date_created": "2024-10-18T11:43:14.944Z",
    "date_modified": "2024-10-18T11:43:14.944Z",
    "change_user": 7,
    "is_deleted": false
  }
},
{
  "model": "NearBeach.objecttemplate",
  "pk": 11,
  "fields": {
    "object_template_type": 1,
    "object_template_json": {
      "object_type": "task",
      "object_title": "Future Weekly Task",
      "object_description": "<p>Future Weekly Task</p>",
      "object_organisation": 1,
      "object_start_date": "2024-10-17T22:00:00Z",
      "object_end_date": "2024-11-01T05:00:00Z",
      "uuid": "15ec9f7a-2c05-42e6-b66a-632c3e1f8337"
    },
    "date_created": "2024-10-18T11:45:05.854Z",
    "date_modified": "2024-10-18T11:45:05.854Z",
    "change_user": 7,
    "is_deleted": false
  }
},
{
  "model": "NearBeach.objecttemplate",
  "pk": 12,
  "fields": {
    "object_template_type": 1,
    "object_template_json": {
      "object_type": "task",
      "object_title": "Fortnightly Task Run on the 2024-01-06",
      "object_description": "<p>Fortnightly Task Run on the 2024-01-06</p>",
      "object_organisation": 1,
      "object_start_date": "2024-10-17T22:00:00Z",
      "object_end_date": "2024-11-01T05:00:00Z",
      "uuid": "18067c9c-047d-4085-ba52-1daa392b37a5"
    },
    "date_created": "2024-10-18T12:01:43.694Z",
    "date_modified": "2024-10-18T12:01:43.694Z",
    "change_user": 7,
    "is_deleted": false
  }
},
{
  "model": "NearBeach.objecttemplate",
  "pk": 13,
  "fields": {
    "object_template_type": 1,
    "object_template_json": {
      "object_type": "task",
      "object_title": "Monthly Task",
      "object_description": "<p>Monthly Task</p>",
      "object_organisation": 1,
      "object_start_date": "2024-10-20T22:00:00Z",
      "object_end_date": "2024-11-04T05:00:00Z",
      "uuid": "91fe23fd-ac6e-409f-9779-9b858d276510"
    },
    "date_created": "2024-10-21T07:44:35.127Z",
    "date_modified": "2024-10-21T07:44:35.127Z",
    "change_user": 1,
    "is_deleted": false
  }
},
{
  "model": "NearBeach.objecttemplate",
  "pk": 14,
  "fields": {
    "object_template_type": 1,
    "object_template_json": {
      "object_type": "task",
      "object_title": "Test",
      "object_description": "<p>Test</p>",
      "object_organisation": 1,
      "object_start_date": "2024-10-20T22:00:00Z",
      "object_end_date": "2024-11-04T05:00:00Z",
      "uuid": "852e785f-7245-45d9-baa2-aa3549c51389"
    },
    "date_created": "2024-10-21T08:28:00.645Z",
    "date_modified": "2024-10-21T08:28:00.645Z",
    "change_user": 1,
    "is_deleted": false
  }
},
{
  "model": "NearBeach.objecttemplategroup",
  "pk": 14,
  "fields": {
    "object_template": 7,
    "group": 1,
    "date_created": "2024-10-18T08:54:12.002Z",
    "date_modified": "2024-10-18T08:54:12.002Z",
    "change_user": 7,
    "is_deleted": false
  }
},
{
  "model": "NearBeach.objecttemplategroup",
  "pk": 15,
  "fields": {
    "object_template": 1,
    "group": 1,
    "date_created": "2024-10-18T10:44:34.058Z",
    "date_modified": "2024-10-18T10:44:34.058Z",
    "change_user": 7,
    "is_deleted": false
  }
},
{
  "model": "NearBeach.objecttemplategroup",
  "pk": 16,
  "fields": {
    "object_template": 1,
    "group": 2,
    "date_created": "2024-10-18T10:44:34.059Z",
    "date_modified": "2024-10-18T10:44:34.059Z",
    "change_user": 7,
    "is_deleted": false
  }
},
{
  "model": "NearBeach.objecttemplategroup",
  "pk": 19,
  "fields": {
    "object_template": 3,
    "group": 1,
    "date_created": "2024-10-18T10:47:12.803Z",
    "date_modified": "2024-10-18T10:47:12.803Z",
    "change_user": 7,
    "is_deleted": false
  }
},
{
  "model": "NearBeach.objecttemplategroup",
  "pk": 21,
  "fields": {
    "object_template": 6,
    "group": 1,
    "date_created": "2024-10-18T10:47:33.094Z",
    "date_modified": "2024-10-18T10:47:33.094Z",
    "change_user": 7,
    "is_deleted": false
  }
},
{
  "model": "NearBeach.objecttemplategroup",
  "pk": 22,
  "fields": {
    "object_template": 5,
    "group": 1,
    "date_created": "2024-10-18T11:16:12.836Z",
    "date_modified": "2024-10-18T11:16:12.836Z",
    "change_user": 7,
    "is_deleted": false
  }
},
{
  "model": "NearBeach.objecttemplategroup",
  "pk": 23,
  "fields": {
    "object_template": 2,
    "group": 1,
    "date_created": "2024-10-18T11:16:23.385Z",
    "date_modified": "2024-10-18T11:16:23.385Z",
    "change_user": 7,
    "is_deleted": false
  }
},
{
  "model": "NearBeach.objecttemplategroup",
  "pk": 24,
  "fields": {
    "object_template": 2,
    "group": 2,
    "date_created": "2024-10-18T11:16:23.387Z",
    "date_modified": "2024-10-18T11:16:23.387Z",
    "change_user": 7,
    "is_deleted": false
  }
},
{
  "model": "NearBeach.objecttemplategroup",
  "pk": 25,
  "fields": {
    "object_template": 4,
    "group": 1,
    "date_created": "2024-10-18T11:16:34.617Z",
    "date_modified": "2024-10-18T11:16:34.617Z",
    "change_user": 7,
    "is_deleted": false
  }
},
{
  "model": "NearBeach.objecttemplategroup",
  "pk": 28,
  "fields": {
    "object_template": 9,
    "group": 1,
    "date_created": "2024-10-18T11:24:52.112Z",
    "date_modified": "2024-10-18T11:24:52.112Z",
    "change_user": 7,
    "is_deleted": false
  }
},
{
  "model": "NearBeach.objecttemplategroup",
  "pk": 31,
  "fields": {
    "object_template": 8,
    "group": 1,
    "date_created": "2024-10-18T11:27:24.771Z",
    "date_modified": "2024-10-18T11:27:24.771Z",
    "change_user": 7,
    "is_deleted": false
  }
},
{
  "model": "NearBeach.objecttemplategroup",
  "pk": 32,
  "fields": {
    "object_template": 8,
    "group": 2,
    "date_created": "2024-10-18T11:27:24.772Z",
    "date_modified": "2024-10-18T11:27:24.772Z",
    "change_user": 7,
    "is_deleted": false
  }
},
{
  "model": "NearBeach.objecttemplategroup",
  "pk": 33,
  "fields": {
    "object_template": 10,
    "group": 1,
    "date_created": "2024-10-18T11:43:14.946Z",
    "date_modified": "2024-10-18T11:43:14.946Z",
    "change_user": 7,
    "is_deleted": false
  }
},
{
  "model": "NearBeach.objecttemplategroup",
  "pk": 34,
  "fields": {
    "object_template": 11,
    "group": 1,
    "date_created": "2024-10-18T11:45:05.856Z",
    "date_modified": "2024-10-18T11:45:05.856Z",
    "change_user": 7,
    "is_deleted": false
  }
},
{
  "model": "NearBeach.objecttemplategroup",
  "pk": 35,
  "fields": {
    "object_template": 12,
    "group": 1,
    "date_created": "2024-10-18T12:01:43.704Z",
    "date_modified": "2024-10-18T12:01:43.704Z",
    "change_user": 7,
    "is_deleted": false
  }
},
{
  "model": "NearBeach.objecttemplategroup",
  "pk": 36,
  "fields": {
    "object_template": 13,
    "group": 1,
    "date_created": "2024-10-21T07:44:35.130Z",
    "date_modified": "2024-10-21T07:44:35.130Z",
    "change_user": 1,
    "is_deleted": false
  }
},
{
  "model": "NearBeach.objecttemplategroup",
  "pk": 37,
  "fields": {
    "object_template": 13,
    "group": 2,
    "date_created": "2024-10-21T07:44:35.132Z",
    "date_modified": "2024-10-21T07:44:35.132Z",
    "change_user": 1,
    "is_deleted": false
  }
},
{
  "model": "NearBeach.objecttemplategroup",
  "pk": 38,
  "fields": {
    "object_template": 14,
    "group": 1,
    "date_created": "2024-10-21T08:28:00.648Z",
    "date_modified": "2024-10-21T08:28:00.648Z",
    "change_user": 1,
    "is_deleted": false
  }
},
{
  "model": "NearBeach.objecttemplategroup",
  "pk": 39,
  "fields": {
    "object_template": 14,
    "group": 2,
    "date_created": "2024-10-21T08:28:00.650Z",
    "date_modified": "2024-10-21T08:28:00.650Z",
    "change_user": 1,
    "is_deleted": false
  }
},
{
  "model": "NearBeach.organisation",
  "pk": 1,
  "fields": {
    "organisation_name": "NearBeach Incorporate",
    "organisation_website": "https://nearbeach.org",
    "organisation_email": "support@nearbeach.org",
    "organisation_profile_picture": null,
    "date_created": "2023-02-15T08:56:40.669Z",
    "date_modified": "2023-02-15T08:56:40.669Z",
    "change_user": 1,
    "is_deleted": false
  }
},
{
  "model": "NearBeach.permissionset",
  "pk": 1,
  "fields": {
    "permission_set_name": "Administration Permission Set",
    "administration_assign_user_to_group": 4,
    "administration_create_group": 4,
    "administration_create_permission_set": 4,
    "administration_create_user": 4,
    "bug_client": 4,
    "customer": 4,
    "kanban_board": 4,
    "kanban_card": 4,
    "organisation": 4,
    "project": 4,
    "request_for_change": 4,
    "requirement": 4,
    "task": 4,
    "tag": 4,
    "document": 1,
    "kanban_note": 1,
    "project_note": 1,
    "task_note": 1,
    "requirement_note": 0,
    "requirement_item_note": 0,
    "organisation_note": 0,
    "date_created": "2023-02-15T08:56:14.213Z",
    "date_modified": "2023-02-15T08:56:14.213Z",
    "change_user": 1,
    "is_deleted": false
  }
},
{
  "model": "NearBeach.permissionset",
  "pk": 2,
  "fields": {
    "permission_set_name": "Full Permission",
    "administration_assign_user_to_group": 0,
    "administration_create_group": 0,
    "administration_create_permission_set": 0,
    "administration_create_user": 0,
    "bug_client": 4,
    "customer": 4,
    "kanban_board": 4,
    "kanban_card": 4,
    "organisation": 4,
    "project": 4,
    "request_for_change": 4,
    "requirement": 4,
    "task": 4,
    "tag": 4,
    "document": 0,
    "kanban_note": 0,
    "project_note": 0,
    "task_note": 0,
    "requirement_note": 0,
    "requirement_item_note": 0,
    "organisation_note": 0,
    "date_created": "2023-02-15T08:59:39.865Z",
    "date_modified": "2023-05-24T11:22:55.972Z",
    "change_user": 1,
    "is_deleted": false
  }
},
{
  "model": "NearBeach.permissionset",
  "pk": 3,
  "fields": {
    "permission_set_name": "Add and Edit",
    "administration_assign_user_to_group": 0,
    "administration_create_group": 0,
    "administration_create_permission_set": 0,
    "administration_create_user": 0,
    "bug_client": 3,
    "customer": 3,
    "kanban_board": 3,
    "kanban_card": 3,
    "organisation": 3,
    "project": 3,
    "request_for_change": 3,
    "requirement": 3,
    "task": 3,
    "tag": 3,
    "document": 0,
    "kanban_note": 0,
    "project_note": 0,
    "task_note": 0,
    "requirement_note": 0,
    "requirement_item_note": 0,
    "organisation_note": 0,
    "date_created": "2023-02-15T09:00:25.979Z",
    "date_modified": "2023-05-24T11:23:06.295Z",
    "change_user": 1,
    "is_deleted": false
  }
},
{
  "model": "NearBeach.permissionset",
  "pk": 4,
  "fields": {
    "permission_set_name": "Edit Only",
    "administration_assign_user_to_group": 0,
    "administration_create_group": 0,
    "administration_create_permission_set": 0,
    "administration_create_user": 0,
    "bug_client": 2,
    "customer": 2,
    "kanban_board": 2,
    "kanban_card": 2,
    "organisation": 2,
    "project": 2,
    "request_for_change": 2,
    "requirement": 2,
    "task": 2,
    "tag": 2,
    "document": 0,
    "kanban_note": 0,
    "project_note": 0,
    "task_note": 0,
    "requirement_note": 0,
    "requirement_item_note": 0,
    "organisation_note": 0,
    "date_created": "2023-02-15T09:01:39.074Z",
    "date_modified": "2023-05-24T11:23:18.253Z",
    "change_user": 1,
    "is_deleted": false
  }
},
{
  "model": "NearBeach.permissionset",
  "pk": 5,
  "fields": {
    "permission_set_name": "Read Only",
    "administration_assign_user_to_group": 0,
    "administration_create_group": 0,
    "administration_create_permission_set": 0,
    "administration_create_user": 0,
    "bug_client": 1,
    "customer": 1,
    "kanban_board": 1,
    "kanban_card": 1,
    "organisation": 1,
    "project": 1,
    "request_for_change": 1,
    "requirement": 1,
    "task": 1,
    "tag": 1,
    "document": 0,
    "kanban_note": 0,
    "project_note": 0,
    "task_note": 0,
    "requirement_note": 0,
    "requirement_item_note": 0,
    "organisation_note": 0,
    "date_created": "2023-02-15T09:02:30.893Z",
    "date_modified": "2023-05-24T11:23:33.179Z",
    "change_user": 1,
    "is_deleted": false
  }
},
{
  "model": "NearBeach.permissionset",
  "pk": 6,
  "fields": {
    "permission_set_name": "Read Only + Extra",
    "administration_assign_user_to_group": 0,
    "administration_create_group": 0,
    "administration_create_permission_set": 0,
    "administration_create_user": 0,
    "bug_client": 1,
    "customer": 1,
    "kanban_board": 1,
    "kanban_card": 1,
    "organisation": 1,
    "project": 1,
    "request_for_change": 1,
    "requirement": 1,
    "task": 1,
    "tag": 1,
    "document": 1,
    "kanban_note": 1,
    "project_note": 1,
    "task_note": 1,
    "requirement_note": 1,
    "requirement_item_note": 1,
    "organisation_note": 1,
    "date_created": "2023-02-15T09:03:06.209Z",
    "date_modified": "2024-09-25T10:00:38.360Z",
    "change_user": 1,
    "is_deleted": false
  }
},
{
  "model": "NearBeach.project",
  "pk": 1,
  "fields": {
    "project_name": "Project - Only Administration",
    "project_description": "<p>Project - Only Administration</p>",
    "organisation": 1,
    "project_start_date": "2023-02-14T22:00:00Z",
    "project_end_date": "2023-03-01T05:00:00Z",
    "project_status": 1,
    "project_story_point": 1,
    "project_priority": 2,
    "date_created": "2023-02-15T09:13:53.432Z",
    "date_modified": "2023-02-15T09:13:53.432Z",
    "change_user": 1,
    "creation_user": 1,
    "is_deleted": false
  }
},
{
  "model": "NearBeach.project",
  "pk": 2,
  "fields": {
    "project_name": "Project - QA Team",
    "project_description": "<p>Project - QA Team</p>",
    "organisation": 1,
    "project_start_date": "2023-02-14T22:00:00Z",
    "project_end_date": "2023-03-01T05:00:00Z",
    "project_status": 1,
    "project_story_point": 1,
    "project_priority": 2,
    "date_created": "2023-02-15T09:14:14.985Z",
    "date_modified": "2023-02-15T09:14:14.985Z",
    "change_user": 1,
    "creation_user": 1,
    "is_deleted": false
  }
},
{
  "model": "NearBeach.publiclink",
  "pk": "1c1067e9-563f-4419-9dac-e87d757ecb37",
  "fields": {
    "public_link_is_active": true,
    "requirement": null,
    "requirement_item": null,
    "project": null,
    "task": 1,
    "kanban_board": null,
    "kanban_card": null,
    "request_for_change": null,
    "date_created": "2024-02-05T09:45:50.460Z",
    "date_modified": "2024-02-05T09:45:50.460Z",
    "change_user": 1,
    "creation_user": 1,
    "is_deleted": false
  }
},
{
  "model": "NearBeach.publiclink",
  "pk": "37a7cf65-c732-4e67-b16f-97d77329bdda",
  "fields": {
    "public_link_is_active": true,
    "requirement": null,
    "requirement_item": null,
    "project": null,
    "task": null,
    "kanban_board": null,
    "kanban_card": 2,
    "request_for_change": null,
    "date_created": "2024-02-05T09:46:12.606Z",
    "date_modified": "2024-02-05T09:46:12.606Z",
    "change_user": 1,
    "creation_user": 1,
    "is_deleted": false
  }
},
{
  "model": "NearBeach.publiclink",
  "pk": "3d7346c4-05b6-41df-816a-eff814d9bbd0",
  "fields": {
    "public_link_is_active": true,
    "requirement": null,
    "requirement_item": null,
    "project": 1,
    "task": null,
    "kanban_board": null,
    "kanban_card": null,
    "request_for_change": null,
    "date_created": "2024-02-05T08:23:24.147Z",
    "date_modified": "2024-02-05T08:23:24.147Z",
    "change_user": 1,
    "creation_user": 1,
    "is_deleted": false
  }
},
{
  "model": "NearBeach.publiclink",
  "pk": "5435086c-a145-4540-bc71-35a0fd0ee171",
  "fields": {
    "public_link_is_active": true,
    "requirement": 2,
    "requirement_item": null,
    "project": null,
    "task": null,
    "kanban_board": null,
    "kanban_card": null,
    "request_for_change": null,
    "date_created": "2024-02-05T09:45:37.543Z",
    "date_modified": "2024-02-05T09:45:37.543Z",
    "change_user": 1,
    "creation_user": 1,
    "is_deleted": false
  }
},
{
  "model": "NearBeach.publiclink",
  "pk": "57fea1be-1cbb-4583-8381-9609aa58334b",
  "fields": {
    "public_link_is_active": true,
    "requirement": null,
    "requirement_item": null,
    "project": null,
    "task": null,
    "kanban_board": 2,
    "kanban_card": null,
    "request_for_change": null,
    "date_created": "2024-02-05T09:46:15.468Z",
    "date_modified": "2024-02-05T09:46:15.468Z",
    "change_user": 1,
    "creation_user": 1,
    "is_deleted": false
  }
},
{
  "model": "NearBeach.publiclink",
  "pk": "5f369dc9-a0bb-416d-9779-92576d0500bb",
  "fields": {
    "public_link_is_active": true,
    "requirement": null,
    "requirement_item": null,
    "project": 2,
    "task": null,
    "kanban_board": null,
    "kanban_card": null,
    "request_for_change": null,
    "date_created": "2024-02-05T08:23:08.239Z",
    "date_modified": "2024-02-05T08:23:08.239Z",
    "change_user": 2,
    "creation_user": 2,
    "is_deleted": false
  }
},
{
  "model": "NearBeach.publiclink",
  "pk": "755ee6ea-7eac-4e8b-9c19-fbdba2dd290d",
  "fields": {
    "public_link_is_active": true,
    "requirement": null,
    "requirement_item": null,
    "project": null,
    "task": null,
    "kanban_board": 1,
    "kanban_card": null,
    "request_for_change": null,
    "date_created": "2024-02-05T09:46:05.511Z",
    "date_modified": "2024-02-05T09:46:05.511Z",
    "change_user": 1,
    "creation_user": 1,
    "is_deleted": false
  }
},
{
  "model": "NearBeach.publiclink",
  "pk": "9b6a9317-df46-453f-aa5b-6f33b77c28c4",
  "fields": {
    "public_link_is_active": true,
    "requirement": null,
    "requirement_item": 2,
    "project": null,
    "task": null,
    "kanban_board": null,
    "kanban_card": null,
    "request_for_change": null,
    "date_created": "2024-02-05T10:08:55.342Z",
    "date_modified": "2024-02-05T10:08:55.342Z",
    "change_user": 1,
    "creation_user": 1,
    "is_deleted": false
  }
},
{
  "model": "NearBeach.publiclink",
  "pk": "aba74809-aae5-4fc4-8929-5fd835fefa22",
  "fields": {
    "public_link_is_active": true,
    "requirement": null,
    "requirement_item": 1,
    "project": null,
    "task": null,
    "kanban_board": null,
    "kanban_card": null,
    "request_for_change": null,
    "date_created": "2024-02-05T10:07:57.659Z",
    "date_modified": "2024-02-05T10:07:57.659Z",
    "change_user": 1,
    "creation_user": 1,
    "is_deleted": false
  }
},
{
  "model": "NearBeach.publiclink",
  "pk": "c5994697-a7e6-4e54-b8b1-4dee7315d7ea",
  "fields": {
    "public_link_is_active": true,
    "requirement": null,
    "requirement_item": null,
    "project": null,
    "task": 2,
    "kanban_board": null,
    "kanban_card": null,
    "request_for_change": null,
    "date_created": "2024-02-05T09:45:53.661Z",
    "date_modified": "2024-02-05T09:45:53.661Z",
    "change_user": 1,
    "creation_user": 1,
    "is_deleted": false
  }
},
{
  "model": "NearBeach.publiclink",
  "pk": "fbda2f94-be7b-41e5-b93a-3ce65516d09d",
  "fields": {
    "public_link_is_active": true,
    "requirement": 1,
    "requirement_item": null,
    "project": null,
    "task": null,
    "kanban_board": null,
    "kanban_card": null,
    "request_for_change": null,
    "date_created": "2024-02-05T09:45:34.525Z",
    "date_modified": "2024-02-05T09:45:34.525Z",
    "change_user": 1,
    "creation_user": 1,
    "is_deleted": false
  }
},
{
  "model": "NearBeach.publiclink",
  "pk": "feb8f0e1-369a-4934-8208-9de39f9dfa98",
  "fields": {
    "public_link_is_active": true,
    "requirement": null,
    "requirement_item": null,
    "project": null,
    "task": null,
    "kanban_board": null,
    "kanban_card": 1,
    "request_for_change": null,
    "date_created": "2024-02-05T09:46:02.249Z",
    "date_modified": "2024-02-05T09:46:02.249Z",
    "change_user": 1,
    "creation_user": 1,
    "is_deleted": false
  }
},
{
  "model": "NearBeach.requestforchange",
  "pk": 1,
  "fields": {
    "rfc_title": "RFC - Admin",
    "rfc_summary": "<p>Request for Change - admin</p>",
    "rfc_type": 2,
    "rfc_implementation_start_date": "2023-02-14T22:00:00Z",
    "rfc_implementation_end_date": "2023-03-01T05:00:00Z",
    "rfc_implementation_release_date": "2023-03-01T06:00:00Z",
    "rfc_version_number": "0.30.0",
    "rfc_status": 1,
    "rfc_lead": 1,
    "rfc_priority": 2,
    "rfc_risk": 3,
    "rfc_impact": 2,
    "rfc_risk_and_impact_analysis": "<p>Risk Association</p>",
    "rfc_implementation_plan": "<p>Implementation Plan</p>",
    "rfc_backout_plan": "<p>Backout plan</p>",
    "rfc_test_plan": "<p>Test Plan</p>",
    "date_created": "2023-02-15T09:15:05.013Z",
    "date_modified": "2023-02-15T09:15:05.013Z",
    "change_user": 1,
    "creation_user": 1,
    "is_deleted": false
  }
},
{
  "model": "NearBeach.requestforchange",
  "pk": 2,
  "fields": {
    "rfc_title": "RFC - QA Team",
    "rfc_summary": "<p>Request For Change - QA Team</p>",
    "rfc_type": 2,
    "rfc_implementation_start_date": "2023-02-14T22:00:00Z",
    "rfc_implementation_end_date": "2023-03-01T05:00:00Z",
    "rfc_implementation_release_date": "2023-03-01T06:00:00Z",
    "rfc_version_number": "0.30.0",
    "rfc_status": 1,
    "rfc_lead": 1,
    "rfc_priority": 2,
    "rfc_risk": 3,
    "rfc_impact": 2,
    "rfc_risk_and_impact_analysis": "<p>Risk Association</p>",
    "rfc_implementation_plan": "<p>Implementation Plan</p>",
    "rfc_backout_plan": "<p>Backout Plan</p>",
    "rfc_test_plan": "<p>Test Plan</p>",
    "date_created": "2023-02-15T09:16:25.935Z",
    "date_modified": "2023-02-15T09:16:25.935Z",
    "change_user": 1,
    "creation_user": 1,
    "is_deleted": false
  }
},
{
  "model": "NearBeach.requirement",
  "pk": 1,
  "fields": {
    "requirement_title": "Requirement - Administration",
    "requirement_scope": "<p>Requirement - Administration</p>",
    "requirement_type": 2,
    "requirement_status": 3,
    "requirement_story_point_min": 1,
    "requirement_story_point_max": 4,
    "organisation": 1,
    "date_created": "2023-02-15T09:17:21.805Z",
    "date_modified": "2023-02-15T09:17:21.805Z",
    "change_user": 1,
    "creation_user": 1,
    "is_deleted": false
  }
},
{
  "model": "NearBeach.requirement",
  "pk": 2,
  "fields": {
    "requirement_title": "Requirement - QA Team",
    "requirement_scope": "<p>Requirement - QA Team</p>",
    "requirement_type": 2,
    "requirement_status": 3,
    "requirement_story_point_min": 1,
    "requirement_story_point_max": 4,
    "organisation": 1,
    "date_created": "2023-02-15T09:18:34.843Z",
    "date_modified": "2023-02-15T09:18:34.843Z",
    "change_user": 1,
    "creation_user": 1,
    "is_deleted": false
  }
},
{
  "model": "NearBeach.requirementitem",
  "pk": 1,
  "fields": {
    "requirement": 1,
    "requirement_item_title": "Requirement Item - Administration Only",
    "requirement_item_scope": "<p>Requirement Item - Administration Only</p>",
    "requirement_item_status": 3,
    "requirement_item_type": 4,
    "requirement_item_story_point": 1,
    "requirement_item_priority": 2,
    "date_created": "2023-02-15T09:17:45.806Z",
    "date_modified": "2023-02-15T09:17:45.806Z",
    "change_user": 1,
    "is_deleted": false
  }
},
{
  "model": "NearBeach.requirementitem",
  "pk": 2,
  "fields": {
    "requirement": 2,
    "requirement_item_title": "Requirement Item - QA Team",
    "requirement_item_scope": "<p>Requirement Item - QA Team</p>",
    "requirement_item_status": 3,
    "requirement_item_type": 3,
    "requirement_item_story_point": 1,
    "requirement_item_priority": 2,
    "date_created": "2023-02-15T09:19:00.099Z",
    "date_modified": "2023-02-15T09:19:00.099Z",
    "change_user": 1,
    "is_deleted": false
  }
},
{
  "model": "NearBeach.scheduledobject",
  "pk": 1,
  "fields": {
    "schedule_object_title": "App Pool Recycle",
    "last_run": null,
    "start_date": "2024-01-01",
    "end_date": "2024-02-01",
    "next_scheduled_run": null,
    "number_of_repeats": -1,
    "run_count": 0,
    "is_active": true,
    "frequency": "Set Day of the Week",
    "frequency_attribute": {
      "days_of_the_week": [
        "friday",
        "wednesday",
        "monday"
      ]
    },
    "object_template": 1,
    "date_created": "2024-10-18T08:41:37.268Z",
    "date_modified": "2024-10-18T10:44:50.067Z",
    "change_user": 7,
    "is_deleted": false
  }
},
{
  "model": "NearBeach.scheduledobject",
  "pk": 2,
  "fields": {
    "schedule_object_title": "Weekly Monday Report",
    "last_run": null,
    "start_date": "2024-01-01",
    "end_date": "2024-02-01",
    "next_scheduled_run": null,
    "number_of_repeats": -1,
    "run_count": 0,
    "is_active": true,
    "frequency": "Weekly",
    "frequency_attribute": {
      "day_of_the_week": "monday"
    },
    "object_template": 2,
    "date_created": "2024-10-18T08:42:25.251Z",
    "date_modified": "2024-10-18T11:17:02.929Z",
    "change_user": 7,
    "is_deleted": false
  }
},
{
  "model": "NearBeach.scheduledobject",
  "pk": 3,
  "fields": {
    "schedule_object_title": "Trim Beard",
    "last_run": "2023-12-22",
    "start_date": "2024-01-01",
    "end_date": "2024-01-12",
    "next_scheduled_run": null,
    "number_of_repeats": -1,
    "run_count": 0,
    "is_active": true,
    "frequency": "Fortnightly",
    "frequency_attribute": {
      "day_of_the_week": "saturday"
    },
    "object_template": 3,
    "date_created": "2024-10-18T08:49:33.490Z",
    "date_modified": "2024-10-18T12:13:23.409Z",
    "change_user": 7,
    "is_deleted": false
  }
},
{
  "model": "NearBeach.scheduledobject",
  "pk": 4,
  "fields": {
    "schedule_object_title": "Monthly Budgeting Report",
    "last_run": null,
    "start_date": "2024-01-01",
    "end_date": "2024-02-01",
    "next_scheduled_run": null,
    "number_of_repeats": -1,
    "run_count": 0,
    "is_active": true,
    "frequency": "Start of the Month",
    "frequency_attribute": {},
    "object_template": 4,
    "date_created": "2024-10-18T08:50:08.224Z",
    "date_modified": "2024-10-18T11:17:27.265Z",
    "change_user": 7,
    "is_deleted": false
  }
},
{
  "model": "NearBeach.scheduledobject",
  "pk": 5,
  "fields": {
    "schedule_object_title": "End of Month Report",
    "last_run": null,
    "start_date": "2024-01-01",
    "end_date": "2024-02-29",
    "next_scheduled_run": null,
    "number_of_repeats": -1,
    "run_count": 0,
    "is_active": true,
    "frequency": "End of the Month",
    "frequency_attribute": {},
    "object_template": 5,
    "date_created": "2024-10-18T08:50:37.068Z",
    "date_modified": "2024-10-21T08:37:29.371Z",
    "change_user": 7,
    "is_deleted": false
  }
},
{
  "model": "NearBeach.scheduledobject",
  "pk": 6,
  "fields": {
    "schedule_object_title": "Close off all unwanted tickets",
    "last_run": null,
    "start_date": "2024-01-01",
    "end_date": "2024-04-01",
    "next_scheduled_run": null,
    "number_of_repeats": -1,
    "run_count": 0,
    "is_active": true,
    "frequency": "X Days before End of the Month",
    "frequency_attribute": {
      "days_before": 5
    },
    "object_template": 6,
    "date_created": "2024-10-18T08:51:18.932Z",
    "date_modified": "2024-10-18T10:48:34.774Z",
    "change_user": 7,
    "is_deleted": false
  }
},
{
  "model": "NearBeach.scheduledobject",
  "pk": 7,
  "fields": {
    "schedule_object_title": "Inactive Task",
    "last_run": null,
    "start_date": "2024-01-01",
    "end_date": null,
    "next_scheduled_run": null,
    "number_of_repeats": -1,
    "run_count": 0,
    "is_active": false,
    "frequency": "Set Day of the Week",
    "frequency_attribute": {
      "days_of_the_week": [
        "monday",
        "tuesday",
        "wednesday",
        "thursday",
        "friday",
        "saturday",
        "sunday"
      ]
    },
    "object_template": 7,
    "date_created": "2024-10-18T08:53:57.141Z",
    "date_modified": "2024-10-18T08:54:33.113Z",
    "change_user": 7,
    "is_deleted": false
  }
},
{
  "model": "NearBeach.scheduledobject",
  "pk": 8,
  "fields": {
    "schedule_object_title": "Set day of the week - repeat 5 times - run time 5",
    "last_run": null,
    "start_date": "2024-10-19",
    "end_date": null,
    "next_scheduled_run": null,
    "number_of_repeats": 5,
    "run_count": 6,
    "is_active": true,
    "frequency": "Set Day of the Week",
    "frequency_attribute": {
      "days_of_the_week": [
        "tuesday",
        "wednesday",
        "thursday",
        "monday",
        "friday",
        "saturday",
        "sunday"
      ]
    },
    "object_template": 8,
    "date_created": "2024-10-18T11:24:25.724Z",
    "date_modified": "2024-10-18T11:39:54.889Z",
    "change_user": 7,
    "is_deleted": false
  }
},
{
  "model": "NearBeach.scheduledobject",
  "pk": 9,
  "fields": {
    "schedule_object_title": "Weekly - repeat 5 times - run time 5",
    "last_run": null,
    "start_date": "2023-12-01",
    "end_date": null,
    "next_scheduled_run": null,
    "number_of_repeats": 5,
    "run_count": 6,
    "is_active": true,
    "frequency": "Weekly",
    "frequency_attribute": {
      "day_of_the_week": "monday"
    },
    "object_template": 9,
    "date_created": "2024-10-18T11:24:52.114Z",
    "date_modified": "2024-10-18T11:39:51.765Z",
    "change_user": 7,
    "is_deleted": false
  }
},
{
  "model": "NearBeach.scheduledobject",
  "pk": 10,
  "fields": {
    "schedule_object_title": "Future Task",
    "last_run": null,
    "start_date": "2024-10-19",
    "end_date": null,
    "next_scheduled_run": null,
    "number_of_repeats": -1,
    "run_count": 0,
    "is_active": true,
    "frequency": "Set Day of the Week",
    "frequency_attribute": {
      "days_of_the_week": [
        "tuesday",
        "wednesday",
        "thursday",
        "friday",
        "saturday"
      ]
    },
    "object_template": 10,
    "date_created": "2024-10-18T11:43:14.948Z",
    "date_modified": "2024-10-18T11:43:14.948Z",
    "change_user": 7,
    "is_deleted": false
  }
},
{
  "model": "NearBeach.scheduledobject",
  "pk": 11,
  "fields": {
    "schedule_object_title": "Future Weekly Task",
    "last_run": null,
    "start_date": "2024-10-19",
    "end_date": null,
    "next_scheduled_run": null,
    "number_of_repeats": -1,
    "run_count": 0,
    "is_active": true,
    "frequency": "Weekly",
    "frequency_attribute": {
      "day_of_the_week": "wednesday"
    },
    "object_template": 11,
    "date_created": "2024-10-18T11:45:05.858Z",
    "date_modified": "2024-10-18T11:45:05.858Z",
    "change_user": 7,
    "is_deleted": false
  }
},
{
  "model": "NearBeach.scheduledobject",
  "pk": 12,
  "fields": {
    "schedule_object_title": "Fortnightly Task Run on the 2024-01-06",
    "last_run": "2024-01-06",
    "start_date": "2024-01-01",
    "end_date": "2024-01-26",
    "next_scheduled_run": null,
    "number_of_repeats": -1,
    "run_count": 0,
    "is_active": true,
    "frequency": "Fortnightly",
    "frequency_attribute": {
      "day_of_the_week": "saturday"
    },
    "object_template": 12,
    "date_created": "2024-10-18T12:01:43.706Z",
    "date_modified": "2024-10-18T12:14:31.353Z",
    "change_user": 7,
    "is_deleted": false
  }
},
{
  "model": "NearBeach.scheduledobject",
  "pk": 13,
  "fields": {
    "schedule_object_title": "Monthly Task",
    "last_run": null,
    "start_date": "2024-01-22",
    "end_date": "2024-03-31",
    "next_scheduled_run": null,
    "number_of_repeats": -1,
    "run_count": 0,
    "is_active": true,
    "frequency": "Monthly",
    "frequency_attribute": {},
    "object_template": 13,
    "date_created": "2024-10-21T07:44:35.135Z",
    "date_modified": "2024-10-21T08:35:33.895Z",
    "change_user": 1,
    "is_deleted": false
  }
},
{
  "model": "NearBeach.sprint",
  "pk": 1,
  "fields": {
    "sprint_name": "project-1 - Sprint 1 - 18 Mar 2024",
    "requirement": null,
    "project": 1,
    "total_story_points": 0,
    "completed_story_points": 0,
    "sprint_status": "Draft",
    "sprint_start_date": "2024-03-18T08:45:28.841Z",
    "sprint_end_date": "2024-03-25T08:45:28.841Z",
    "date_created": "2024-03-18T08:45:43.446Z",
    "date_modified": "2024-03-18T08:45:43.446Z",
    "change_user": 1,
    "is_deleted": false
  }
},
{
  "model": "NearBeach.sprint",
  "pk": 2,
  "fields": {
    "sprint_name": "project-2 - Sprint 1 - 18 Mar 2024",
    "requirement": null,
    "project": 2,
    "total_story_points": 0,
    "completed_story_points": 0,
    "sprint_status": "Draft",
    "sprint_start_date": "2024-03-18T08:45:29.300Z",
    "sprint_end_date": "2024-03-25T08:45:29.300Z",
    "date_created": "2024-03-18T08:45:48.772Z",
    "date_modified": "2024-03-18T08:45:48.772Z",
    "change_user": 1,
    "is_deleted": false
  }
},
{
  "model": "NearBeach.sprint",
  "pk": 3,
  "fields": {
    "sprint_name": "requirement-1 - Sprint 1 - 18 Mar 2024",
    "requirement": 1,
    "project": null,
    "total_story_points": 0,
    "completed_story_points": 0,
    "sprint_status": "Draft",
    "sprint_start_date": "2024-03-18T08:45:37.303Z",
    "sprint_end_date": "2024-03-25T08:45:37.303Z",
    "date_created": "2024-03-18T08:46:56.631Z",
    "date_modified": "2024-03-18T08:46:56.631Z",
    "change_user": 1,
    "is_deleted": false
  }
},
{
  "model": "NearBeach.sprint",
  "pk": 4,
  "fields": {
    "sprint_name": "requirement-2 - Sprint 1 - 18 Mar 2024",
    "requirement": 2,
    "project": null,
    "total_story_points": 0,
    "completed_story_points": 0,
    "sprint_status": "Draft",
    "sprint_start_date": "2024-03-18T08:45:37.782Z",
    "sprint_end_date": "2024-03-25T08:45:37.782Z",
    "date_created": "2024-03-18T08:47:01.096Z",
    "date_modified": "2024-03-18T08:47:01.096Z",
    "change_user": 1,
    "is_deleted": false
  }
},
{
  "model": "NearBeach.sprintobjectassignment",
  "pk": 1,
  "fields": {
    "sprint_id": 1,
    "requirement_item": null,
    "project": null,
    "task": 1,
    "date_created": "2024-03-18T08:48:15.226Z",
    "date_modified": "2024-03-18T08:48:15.226Z",
    "change_user": 1,
    "is_deleted": false
  }
},
{
  "model": "NearBeach.sprintobjectassignment",
  "pk": 2,
  "fields": {
    "sprint_id": 1,
    "requirement_item": null,
    "project": null,
    "task": 2,
    "date_created": "2024-03-18T08:48:15.229Z",
    "date_modified": "2024-03-18T08:48:15.229Z",
    "change_user": 1,
    "is_deleted": false
  }
},
{
  "model": "NearBeach.sprintobjectassignment",
  "pk": 3,
  "fields": {
    "sprint_id": 2,
    "requirement_item": null,
    "project": null,
    "task": 1,
    "date_created": "2024-03-18T08:48:26.803Z",
    "date_modified": "2024-03-18T08:48:26.803Z",
    "change_user": 1,
    "is_deleted": false
  }
},
{
  "model": "NearBeach.sprintobjectassignment",
  "pk": 4,
  "fields": {
    "sprint_id": 2,
    "requirement_item": null,
    "project": null,
    "task": 2,
    "date_created": "2024-03-18T08:48:26.808Z",
    "date_modified": "2024-03-18T08:48:26.808Z",
    "change_user": 1,
    "is_deleted": false
  }
},
{
  "model": "NearBeach.sprintobjectassignment",
  "pk": 5,
  "fields": {
    "sprint_id": 3,
    "requirement_item": null,
    "project": null,
    "task": 1,
    "date_created": "2024-03-18T08:48:36.349Z",
    "date_modified": "2024-03-18T08:48:36.349Z",
    "change_user": 1,
    "is_deleted": false
  }
},
{
  "model": "NearBeach.sprintobjectassignment",
  "pk": 6,
  "fields": {
    "sprint_id": 3,
    "requirement_item": null,
    "project": null,
    "task": 2,
    "date_created": "2024-03-18T08:48:36.352Z",
    "date_modified": "2024-03-18T08:48:36.352Z",
    "change_user": 1,
    "is_deleted": false
  }
},
{
  "model": "NearBeach.sprintobjectassignment",
  "pk": 7,
  "fields": {
    "sprint_id": 4,
    "requirement_item": null,
    "project": null,
    "task": 1,
    "date_created": "2024-03-18T08:48:42.818Z",
    "date_modified": "2024-03-18T08:48:42.819Z",
    "change_user": 1,
    "is_deleted": false
  }
},
{
  "model": "NearBeach.sprintobjectassignment",
  "pk": 8,
  "fields": {
    "sprint_id": 4,
    "requirement_item": null,
    "project": null,
    "task": 2,
    "date_created": "2024-03-18T08:48:42.821Z",
    "date_modified": "2024-03-18T08:48:42.821Z",
    "change_user": 1,
    "is_deleted": false
  }
},
{
  "model": "NearBeach.tag",
  "pk": 1,
  "fields": {
    "tag_name": "default tag",
    "tag_colour": "#37cbd2",
    "tag_text_colour": "#ffffff",
    "date_created": "2024-02-03T00:53:00.375Z",
    "date_modified": "2024-02-03T00:53:00.375Z",
    "change_user": 1,
    "is_deleted": false
  }
},
{
  "model": "NearBeach.tag",
  "pk": 2,
  "fields": {
    "tag_name": "Project Planning",
    "tag_colour": "#E46661",
    "tag_text_colour": "#ffffff",
    "date_created": "2025-05-02T11:26:55.795Z",
    "date_modified": "2025-05-02T11:26:55.795Z",
    "change_user": 1,
    "is_deleted": false
  }
},
{
  "model": "NearBeach.tag",
  "pk": 3,
  "fields": {
    "tag_name": "Team Collaboration",
    "tag_colour": "#189A32",
    "tag_text_colour": "#ffffff",
    "date_created": "2025-05-02T11:27:09.060Z",
    "date_modified": "2025-05-02T11:27:09.060Z",
    "change_user": 1,
    "is_deleted": false
  }
},
{
  "model": "NearBeach.tag",
  "pk": 4,
  "fields": {
    "tag_name": "Budgeting",
    "tag_colour": "#3757C1",
    "tag_text_colour": "#ffffff",
    "date_created": "2025-05-02T11:27:21.676Z",
    "date_modified": "2025-05-02T11:27:21.676Z",
    "change_user": 1,
    "is_deleted": false
  }
},
{
  "model": "NearBeach.tag",
  "pk": 5,
  "fields": {
    "tag_name": "Performance Metrics",
    "tag_colour": "#EF1C97",
    "tag_text_colour": "#ffffff",
    "date_created": "2025-05-02T11:27:33.942Z",
    "date_modified": "2025-05-02T11:27:33.942Z",
    "change_user": 1,
    "is_deleted": false
  }
},
{
  "model": "NearBeach.tag",
  "pk": 6,
  "fields": {
    "tag_name": "Documentation",
    "tag_colour": "#57BBA9",
    "tag_text_colour": "#ffffff",
    "date_created": "2025-05-02T11:27:47.510Z",
    "date_modified": "2025-05-02T11:27:47.510Z",
    "change_user": 1,
    "is_deleted": false
  }
},
{
  "model": "NearBeach.tagassignment",
  "pk": 1,
  "fields": {
    "tag": 4,
    "object_enum": "requirement",
    "object_id": 1,
    "date_created": "2025-05-02T11:28:27.104Z",
    "date_modified": "2025-05-02T11:28:27.104Z",
    "change_user": 1,
    "is_deleted": false
  }
},
{
  "model": "NearBeach.tagassignment",
  "pk": 2,
  "fields": {
    "tag": 5,
    "object_enum": "requirement",
    "object_id": 1,
    "date_created": "2025-05-02T11:28:27.106Z",
    "date_modified": "2025-05-02T11:28:27.106Z",
    "change_user": 1,
    "is_deleted": false
  }
},
{
  "model": "NearBeach.tagassignment",
  "pk": 3,
  "fields": {
    "tag": 5,
    "object_enum": "project",
    "object_id": 1,
    "date_created": "2025-05-02T11:28:35.675Z",
    "date_modified": "2025-05-02T11:28:35.675Z",
    "change_user": 1,
    "is_deleted": false
  }
},
{
  "model": "NearBeach.tagassignment",
  "pk": 4,
  "fields": {
    "tag": 6,
    "object_enum": "project",
    "object_id": 1,
    "date_created": "2025-05-02T11:28:35.678Z",
    "date_modified": "2025-05-02T11:28:35.678Z",
    "change_user": 1,
    "is_deleted": false
  }
},
{
  "model": "NearBeach.tagassignment",
  "pk": 5,
  "fields": {
    "tag": 2,
    "object_enum": "project",
    "object_id": 1,
    "date_created": "2025-05-02T11:28:42.678Z",
    "date_modified": "2025-05-02T11:28:42.678Z",
    "change_user": 1,
    "is_deleted": false
  }
},
{
  "model": "NearBeach.tagassignment",
  "pk": 6,
  "fields": {
    "tag": 4,
    "object_enum": "project",
    "object_id": 1,
    "date_created": "2025-05-02T11:28:42.681Z",
    "date_modified": "2025-05-02T11:28:42.681Z",
    "change_user": 1,
    "is_deleted": false
  }
},
{
  "model": "NearBeach.tagassignment",
  "pk": 7,
  "fields": {
    "tag": 2,
    "object_enum": "task",
    "object_id": 1,
    "date_created": "2025-05-02T11:28:48.539Z",
    "date_modified": "2025-05-02T11:28:48.539Z",
    "change_user": 1,
    "is_deleted": false
  }
},
{
  "model": "NearBeach.tagassignment",
  "pk": 8,
  "fields": {
    "tag": 2,
    "object_enum": "task",
    "object_id": 2,
    "date_created": "2025-05-02T11:28:58.210Z",
    "date_modified": "2025-05-02T11:28:58.210Z",
    "change_user": 1,
    "is_deleted": false
  }
},
{
  "model": "NearBeach.tagassignment",
  "pk": 9,
  "fields": {
    "tag": 4,
    "object_enum": "task",
    "object_id": 2,
    "date_created": "2025-05-02T11:28:58.213Z",
    "date_modified": "2025-05-02T11:28:58.213Z",
    "change_user": 1,
    "is_deleted": false
  }
},
{
  "model": "NearBeach.tagassignment",
  "pk": 10,
  "fields": {
    "tag": 2,
    "object_enum": "kanban_card",
    "object_id": 1,
    "date_created": "2025-05-02T11:29:12.109Z",
    "date_modified": "2025-05-02T11:29:12.109Z",
    "change_user": 1,
    "is_deleted": false
  }
},
{
  "model": "NearBeach.tagassignment",
  "pk": 11,
  "fields": {
    "tag": 3,
    "object_enum": "kanban_card",
    "object_id": 1,
    "date_created": "2025-05-02T11:29:12.112Z",
    "date_modified": "2025-05-02T11:29:12.112Z",
    "change_user": 1,
    "is_deleted": false
  }
},
{
  "model": "NearBeach.tagassignment",
  "pk": 12,
  "fields": {
    "tag": 5,
    "object_enum": "kanban_card",
    "object_id": 2,
    "date_created": "2025-05-02T11:29:22.209Z",
    "date_modified": "2025-05-02T11:29:22.210Z",
    "change_user": 1,
    "is_deleted": false
  }
},
{
  "model": "NearBeach.tagassignment",
  "pk": 13,
  "fields": {
    "tag": 3,
    "object_enum": "organisation",
    "object_id": 1,
    "date_created": "2025-05-02T11:30:50.620Z",
    "date_modified": "2025-05-02T11:30:50.620Z",
    "change_user": 1,
    "is_deleted": false
  }
},
{
  "model": "NearBeach.tagassignment",
  "pk": 14,
  "fields": {
    "tag": 2,
    "object_enum": "organisation",
    "object_id": 1,
    "date_created": "2025-05-02T11:30:50.623Z",
    "date_modified": "2025-05-02T11:30:50.623Z",
    "change_user": 1,
    "is_deleted": false
  }
},
{
  "model": "NearBeach.task",
  "pk": 1,
  "fields": {
    "task_short_description": "Task - Administration",
    "task_long_description": "<p>Task - Administration</p>",
    "organisation": 1,
    "task_start_date": "2023-02-14T22:00:00Z",
    "task_end_date": "2023-03-01T05:00:00Z",
    "task_assigned_to": null,
    "task_status": 1,
    "task_story_point": 1,
    "task_priority": 2,
    "date_created": "2023-02-15T09:19:37.972Z",
    "date_modified": "2023-02-15T09:19:37.972Z",
    "change_user": 1,
    "creation_user": 1,
    "is_deleted": false
  }
},
{
  "model": "NearBeach.task",
  "pk": 2,
  "fields": {
    "task_short_description": "Task - QA Team",
    "task_long_description": "<p>Task - QA Team</p>",
    "organisation": 1,
    "task_start_date": "2023-02-14T22:00:00Z",
    "task_end_date": "2023-03-01T05:00:00Z",
    "task_assigned_to": null,
    "task_status": 1,
    "task_story_point": 1,
    "task_priority": 2,
    "date_created": "2023-02-15T09:19:58.920Z",
    "date_modified": "2023-02-15T09:19:58.920Z",
    "change_user": 1,
    "creation_user": 1,
    "is_deleted": false
  }
},
{
  "model": "NearBeach.usergroup",
  "pk": 1,
  "fields": {
    "username": 1,
    "group": 1,
    "permission_set": 1,
    "report_to": null,
    "group_leader": false,
    "date_created": "2023-02-15T08:56:14.220Z",
    "date_modified": "2023-02-15T08:56:14.220Z",
    "change_user": 1,
    "is_deleted": false
  }
},
{
  "model": "NearBeach.usergroup",
  "pk": 2,
  "fields": {
    "username": 1,
    "group": 2,
    "permission_set": 1,
    "report_to": null,
    "group_leader": false,
    "date_created": "2023-02-15T09:04:42.520Z",
    "date_modified": "2023-02-15T09:04:42.520Z",
    "change_user": 1,
    "is_deleted": false
  }
},
{
  "model": "NearBeach.usergroup",
  "pk": 3,
  "fields": {
    "username": 2,
    "group": 2,
    "permission_set": 2,
    "report_to": null,
    "group_leader": false,
    "date_created": "2023-02-15T09:08:51.415Z",
    "date_modified": "2023-02-15T09:08:51.415Z",
    "change_user": 1,
    "is_deleted": false
  }
},
{
  "model": "NearBeach.usergroup",
  "pk": 4,
  "fields": {
    "username": 3,
    "group": 2,
    "permission_set": 3,
    "report_to": null,
    "group_leader": false,
    "date_created": "2023-02-15T09:09:32.744Z",
    "date_modified": "2023-02-15T09:09:32.744Z",
    "change_user": 1,
    "is_deleted": false
  }
},
{
  "model": "NearBeach.usergroup",
  "pk": 5,
  "fields": {
    "username": 4,
    "group": 2,
    "permission_set": 4,
    "report_to": null,
    "group_leader": false,
    "date_created": "2023-02-15T09:10:08.428Z",
    "date_modified": "2023-02-15T09:10:08.428Z",
    "change_user": 1,
    "is_deleted": false
  }
},
{
  "model": "NearBeach.usergroup",
  "pk": 6,
  "fields": {
    "username": 5,
    "group": 2,
    "permission_set": 5,
    "report_to": null,
    "group_leader": false,
    "date_created": "2023-02-15T09:10:53.123Z",
    "date_modified": "2023-02-15T09:10:53.124Z",
    "change_user": 1,
    "is_deleted": false
  }
},
{
  "model": "NearBeach.usergroup",
  "pk": 7,
  "fields": {
    "username": 7,
    "group": 1,
    "permission_set": 1,
    "report_to": null,
    "group_leader": true,
    "date_created": "2023-09-06T09:36:33.239Z",
    "date_modified": "2023-09-06T09:36:33.239Z",
    "change_user": 1,
    "is_deleted": false
  }
},
{
  "model": "NearBeach.usergroup",
  "pk": 8,
  "fields": {
    "username": 8,
    "group": 2,
    "permission_set": 6,
    "report_to": null,
    "group_leader": false,
    "date_created": "2024-09-25T09:10:37.683Z",
    "date_modified": "2024-09-25T09:10:37.683Z",
    "change_user": 7,
    "is_deleted": false
  }
},
{
  "model": "NearBeach.userjob",
  "pk": 1,
  "fields": {
    "username": 1,
    "job_date": "2024-05-14",
    "job_sort_number": 0,
    "kanban_card": null,
    "project": 1,
    "task": null,
    "date_created": "2024-05-13T10:29:27.540Z",
    "date_modified": "2024-05-13T10:32:17.413Z",
    "change_user": 1,
    "is_deleted": false
  }
},
{
  "model": "NearBeach.userjob",
  "pk": 2,
  "fields": {
    "username": 5,
    "job_date": "2024-05-13",
    "job_sort_number": 0,
    "kanban_card": null,
    "project": null,
    "task": 2,
    "date_created": "2024-05-13T10:30:51.400Z",
    "date_modified": "2024-05-13T10:30:51.400Z",
    "change_user": 5,
    "is_deleted": false
  }
},
{
  "model": "NearBeach.userjob",
  "pk": 3,
  "fields": {
    "username": 2,
    "job_date": "2024-05-14",
    "job_sort_number": 0,
    "kanban_card": null,
    "project": null,
    "task": 2,
    "date_created": "2024-05-13T10:42:21.906Z",
    "date_modified": "2024-05-13T10:42:30.668Z",
    "change_user": 2,
    "is_deleted": false
  }
},
{
  "model": "NearBeach.userjob",
  "pk": 4,
  "fields": {
    "username": 5,
    "job_date": "2024-09-26",
    "job_sort_number": 0,
    "kanban_card": null,
    "project": null,
    "task": 2,
    "date_created": "2024-09-25T09:42:44.248Z",
    "date_modified": "2024-09-25T09:42:47.033Z",
    "change_user": 5,
    "is_deleted": false
  }
},
{
  "model": "NearBeach.userjob",
  "pk": 5,
  "fields": {
    "username": 8,
    "job_date": "2024-09-25",
    "job_sort_number": 0,
    "kanban_card": null,
    "project": null,
    "task": 2,
    "date_created": "2024-09-25T09:46:15.465Z",
    "date_modified": "2024-09-25T09:46:15.465Z",
    "change_user": 8,
    "is_deleted": false
  }
},
{
  "model": "NearBeach.usersetting",
  "pk": 1,
  "fields": {
    "username": 7,
    "setting_type": "theme",
    "setting_data": {
      "theme": "dark"
    }
  }
},
{
  "model": "NearBeach.usersetting",
  "pk": 2,
  "fields": {
    "username": 8,
    "setting_type": "theme",
    "setting_data": {
      "theme": "dark"
    }
  }
},
{
  "model": "authtoken.token",
  "pk": "0299d30dcc2f5631089ade80a325cdfa58ae6b0d",
  "fields": {
    "user": 7,
    "created": "2025-05-02T11:25:23.265Z"
  }
},
{
  "model": "authtoken.token",
  "pk": "1313550785f1b04407f6e20c8f3bc466363811dd",
  "fields": {
    "user": 4,
    "created": "2025-05-02T11:25:31.050Z"
  }
},
{
  "model": "authtoken.token",
  "pk": "34a38dae597d674f6fb83fdc328102f44f9a34c6",
  "fields": {
    "user": 5,
    "created": "2025-05-02T11:25:26.991Z"
  }
},
{
  "model": "authtoken.token",
  "pk": "854482534d41fc8affc9b8d953409612ea37d144",
  "fields": {
    "user": 6,
    "created": "2025-05-02T11:25:25.072Z"
  }
},
{
  "model": "authtoken.token",
  "pk": "8e9477fd2018f9f43aad06f8a96c731a4ebc16f6",
  "fields": {
    "user": 3,
    "created": "2025-05-02T11:25:35.316Z"
  }
},
{
  "model": "authtoken.token",
  "pk": "b27af6ec65d2ba30b7cf04b1965f315f32b580cc",
  "fields": {
    "user": 8,
    "created": "2025-05-02T11:25:28.990Z"
  }
},
{
  "model": "authtoken.token",
  "pk": "bdf168eefb0e5d34cf7885a8eda630639f0e3914",
  "fields": {
    "user": 1,
    "created": "2025-05-02T11:25:18.756Z"
  }
},
{
  "model": "authtoken.token",
  "pk": "d8bc1d8c7873530e4bb74fdc80683b5da3d0a075",
  "fields": {
    "user": 2,
    "created": "2025-05-02T11:25:33.261Z"
  }
},
{
  "model": "admin.logentry",
  "pk": 1,
  "fields": {
    "action_time": "2024-02-03T00:53:25.872Z",
    "user": 1,
    "content_type": 35,
    "object_id": "1",
    "object_repr": "NearBeach Bugzilla",
    "action_flag": 1,
    "change_message": "[{\"added\": {}}]"
  }
},
{
  "model": "admin.logentry",
  "pk": 2,
  "fields": {
    "action_time": "2024-10-18T08:51:55.883Z",
    "user": 1,
    "content_type": 47,
    "object_id": "6",
    "object_repr": "ScheduledObject object (6)",
    "action_flag": 2,
    "change_message": "[{\"changed\": {\"fields\": [\"Start date\"]}}]"
  }
},
{
  "model": "admin.logentry",
  "pk": 3,
  "fields": {
    "action_time": "2024-10-18T08:52:01.448Z",
    "user": 1,
    "content_type": 47,
    "object_id": "5",
    "object_repr": "ScheduledObject object (5)",
    "action_flag": 2,
    "change_message": "[{\"changed\": {\"fields\": [\"Start date\"]}}]"
  }
},
{
  "model": "admin.logentry",
  "pk": 4,
  "fields": {
    "action_time": "2024-10-18T08:52:05.626Z",
    "user": 1,
    "content_type": 47,
    "object_id": "4",
    "object_repr": "ScheduledObject object (4)",
    "action_flag": 2,
    "change_message": "[{\"changed\": {\"fields\": [\"Start date\"]}}]"
  }
},
{
  "model": "admin.logentry",
  "pk": 5,
  "fields": {
    "action_time": "2024-10-18T08:52:09.264Z",
    "user": 1,
    "content_type": 47,
    "object_id": "3",
    "object_repr": "ScheduledObject object (3)",
    "action_flag": 2,
    "change_message": "[{\"changed\": {\"fields\": [\"Start date\"]}}]"
  }
},
{
  "model": "admin.logentry",
  "pk": 6,
  "fields": {
    "action_time": "2024-10-18T08:52:13.259Z",
    "user": 1,
    "content_type": 47,
    "object_id": "2",
    "object_repr": "ScheduledObject object (2)",
    "action_flag": 2,
    "change_message": "[{\"changed\": {\"fields\": [\"Start date\"]}}]"
  }
},
{
  "model": "admin.logentry",
  "pk": 7,
  "fields": {
    "action_time": "2024-10-18T08:52:17.793Z",
    "user": 1,
    "content_type": 47,
    "object_id": "1",
    "object_repr": "ScheduledObject object (1)",
    "action_flag": 2,
    "change_message": "[{\"changed\": {\"fields\": [\"Start date\"]}}]"
  }
},
{
  "model": "admin.logentry",
  "pk": 8,
  "fields": {
    "action_time": "2024-10-18T08:54:33.114Z",
    "user": 1,
    "content_type": 47,
    "object_id": "7",
    "object_repr": "ScheduledObject object (7)",
    "action_flag": 2,
    "change_message": "[{\"changed\": {\"fields\": [\"Start date\"]}}]"
  }
},
{
  "model": "admin.logentry",
  "pk": 9,
  "fields": {
    "action_time": "2024-10-18T10:44:50.068Z",
    "user": 1,
    "content_type": 47,
    "object_id": "1",
    "object_repr": "ScheduledObject object (1)",
    "action_flag": 2,
    "change_message": "[{\"changed\": {\"fields\": [\"End date\"]}}]"
  }
},
{
  "model": "admin.logentry",
  "pk": 10,
  "fields": {
    "action_time": "2024-10-18T10:48:14.805Z",
    "user": 1,
    "content_type": 47,
    "object_id": "3",
    "object_repr": "ScheduledObject object (3)",
    "action_flag": 2,
    "change_message": "[{\"changed\": {\"fields\": [\"End date\"]}}]"
  }
},
{
  "model": "admin.logentry",
  "pk": 11,
  "fields": {
    "action_time": "2024-10-18T10:48:34.774Z",
    "user": 1,
    "content_type": 47,
    "object_id": "6",
    "object_repr": "ScheduledObject object (6)",
    "action_flag": 2,
    "change_message": "[{\"changed\": {\"fields\": [\"End date\"]}}]"
  }
},
{
  "model": "admin.logentry",
  "pk": 12,
  "fields": {
    "action_time": "2024-10-18T11:17:02.929Z",
    "user": 1,
    "content_type": 47,
    "object_id": "2",
    "object_repr": "ScheduledObject object (2)",
    "action_flag": 2,
    "change_message": "[{\"changed\": {\"fields\": [\"End date\"]}}]"
  }
},
{
  "model": "admin.logentry",
  "pk": 13,
  "fields": {
    "action_time": "2024-10-18T11:17:12.277Z",
    "user": 1,
    "content_type": 47,
    "object_id": "5",
    "object_repr": "ScheduledObject object (5)",
    "action_flag": 2,
    "change_message": "[{\"changed\": {\"fields\": [\"End date\"]}}]"
  }
},
{
  "model": "admin.logentry",
  "pk": 14,
  "fields": {
    "action_time": "2024-10-18T11:17:27.265Z",
    "user": 1,
    "content_type": 47,
    "object_id": "4",
    "object_repr": "ScheduledObject object (4)",
    "action_flag": 2,
    "change_message": "[{\"changed\": {\"fields\": [\"End date\"]}}]"
  }
},
{
  "model": "admin.logentry",
  "pk": 15,
  "fields": {
    "action_time": "2024-10-18T11:25:12.922Z",
    "user": 1,
    "content_type": 47,
    "object_id": "9",
    "object_repr": "ScheduledObject object (9)",
    "action_flag": 2,
    "change_message": "[{\"changed\": {\"fields\": [\"Run count\"]}}]"
  }
},
{
  "model": "admin.logentry",
  "pk": 16,
  "fields": {
    "action_time": "2024-10-18T11:25:30.432Z",
    "user": 1,
    "content_type": 47,
    "object_id": "8",
    "object_repr": "ScheduledObject object (8)",
    "action_flag": 2,
    "change_message": "[{\"changed\": {\"fields\": [\"Start date\", \"Run count\"]}}]"
  }
},
{
  "model": "admin.logentry",
  "pk": 17,
  "fields": {
    "action_time": "2024-10-18T11:25:37.261Z",
    "user": 1,
    "content_type": 47,
    "object_id": "9",
    "object_repr": "ScheduledObject object (9)",
    "action_flag": 2,
    "change_message": "[{\"changed\": {\"fields\": [\"Start date\"]}}]"
  }
},
{
  "model": "admin.logentry",
  "pk": 18,
  "fields": {
    "action_time": "2024-10-18T11:39:48.892Z",
    "user": 1,
    "content_type": 47,
    "object_id": "9",
    "object_repr": "ScheduledObject object (9)",
    "action_flag": 2,
    "change_message": "[{\"changed\": {\"fields\": [\"Run count\"]}}]"
  }
},
{
  "model": "admin.logentry",
  "pk": 19,
  "fields": {
    "action_time": "2024-10-18T11:39:51.765Z",
    "user": 1,
    "content_type": 47,
    "object_id": "9",
    "object_repr": "ScheduledObject object (9)",
    "action_flag": 2,
    "change_message": "[]"
  }
},
{
  "model": "admin.logentry",
  "pk": 20,
  "fields": {
    "action_time": "2024-10-18T11:39:54.889Z",
    "user": 1,
    "content_type": 47,
    "object_id": "8",
    "object_repr": "ScheduledObject object (8)",
    "action_flag": 2,
    "change_message": "[{\"changed\": {\"fields\": [\"Run count\"]}}]"
  }
},
{
  "model": "admin.logentry",
  "pk": 21,
  "fields": {
    "action_time": "2024-10-18T12:00:47.154Z",
    "user": 1,
    "content_type": 47,
    "object_id": "3",
    "object_repr": "ScheduledObject object (3)",
    "action_flag": 2,
    "change_message": "[{\"changed\": {\"fields\": [\"Last run\"]}}]"
  }
},
{
  "model": "admin.logentry",
  "pk": 22,
  "fields": {
    "action_time": "2024-10-18T12:02:22.581Z",
    "user": 1,
    "content_type": 47,
    "object_id": "12",
    "object_repr": "ScheduledObject object (12)",
    "action_flag": 2,
    "change_message": "[{\"changed\": {\"fields\": [\"Last run\", \"Start date\"]}}]"
  }
},
{
  "model": "admin.logentry",
  "pk": 23,
  "fields": {
    "action_time": "2024-10-18T12:03:29.057Z",
    "user": 1,
    "content_type": 47,
    "object_id": "3",
    "object_repr": "ScheduledObject object (3)",
    "action_flag": 2,
    "change_message": "[{\"changed\": {\"fields\": [\"End date\"]}}]"
  }
},
{
  "model": "admin.logentry",
  "pk": 24,
  "fields": {
    "action_time": "2024-10-18T12:06:44.884Z",
    "user": 1,
    "content_type": 47,
    "object_id": "12",
    "object_repr": "ScheduledObject object (12)",
    "action_flag": 2,
    "change_message": "[{\"changed\": {\"fields\": [\"End date\"]}}]"
  }
},
{
  "model": "admin.logentry",
  "pk": 25,
  "fields": {
    "action_time": "2024-10-18T12:10:29.996Z",
    "user": 1,
    "content_type": 47,
    "object_id": "3",
    "object_repr": "ScheduledObject object (3)",
    "action_flag": 2,
    "change_message": "[{\"changed\": {\"fields\": [\"Last run\"]}}]"
  }
},
{
  "model": "admin.logentry",
  "pk": 26,
  "fields": {
    "action_time": "2024-10-18T12:13:23.409Z",
    "user": 1,
    "content_type": 47,
    "object_id": "3",
    "object_repr": "ScheduledObject object (3)",
    "action_flag": 2,
    "change_message": "[{\"changed\": {\"fields\": [\"End date\"]}}]"
  }
},
{
  "model": "admin.logentry",
  "pk": 27,
  "fields": {
    "action_time": "2024-10-18T12:14:31.353Z",
    "user": 1,
    "content_type": 47,
    "object_id": "12",
    "object_repr": "ScheduledObject object (12)",
    "action_flag": 2,
    "change_message": "[{\"changed\": {\"fields\": [\"End date\"]}}]"
  }
},
{
  "model": "admin.logentry",
  "pk": 28,
  "fields": {
    "action_time": "2024-10-21T07:45:32.023Z",
    "user": 1,
    "content_type": 47,
    "object_id": "13",
    "object_repr": "ScheduledObject object (13)",
    "action_flag": 2,
    "change_message": "[{\"changed\": {\"fields\": [\"Start date\", \"End date\"]}}]"
  }
},
{
  "model": "admin.logentry",
  "pk": 29,
  "fields": {
    "action_time": "2024-10-21T08:22:38.881Z",
    "user": 1,
    "content_type": 47,
    "object_id": "5",
    "object_repr": "ScheduledObject object (5)",
    "action_flag": 2,
    "change_message": "[{\"changed\": {\"fields\": [\"End date\"]}}]"
  }
},
{
  "model": "admin.logentry",
  "pk": 30,
  "fields": {
    "action_time": "2024-10-21T08:33:46.593Z",
    "user": 1,
    "content_type": 47,
    "object_id": "13",
    "object_repr": "ScheduledObject object (13)",
    "action_flag": 2,
    "change_message": "[{\"changed\": {\"fields\": [\"End date\"]}}]"
  }
},
{
  "model": "admin.logentry",
  "pk": 31,
  "fields": {
    "action_time": "2024-10-21T08:33:51.787Z",
    "user": 1,
    "content_type": 47,
    "object_id": "14",
    "object_repr": "ScheduledObject object (14)",
    "action_flag": 3,
    "change_message": ""
  }
},
{
  "model": "admin.logentry",
  "pk": 32,
  "fields": {
    "action_time": "2024-10-21T08:35:33.896Z",
    "user": 1,
    "content_type": 47,
    "object_id": "13",
    "object_repr": "ScheduledObject object (13)",
    "action_flag": 2,
    "change_message": "[{\"changed\": {\"fields\": [\"End date\"]}}]"
  }
},
{
  "model": "admin.logentry",
  "pk": 33,
  "fields": {
    "action_time": "2024-10-21T08:37:29.373Z",
    "user": 1,
    "content_type": 47,
    "object_id": "5",
    "object_repr": "ScheduledObject object (5)",
    "action_flag": 2,
    "change_message": "[{\"changed\": {\"fields\": [\"End date\"]}}]"
  }
},
{
  "model": "admin.logentry",
  "pk": 34,
  "fields": {
    "action_time": "2025-05-02T11:25:18.756Z",
    "user": 1,
    "content_type": 49,
    "object_id": "1",
    "object_repr": "bdf168eefb0e5d34cf7885a8eda630639f0e3914",
    "action_flag": 1,
    "change_message": "[{\"added\": {}}]"
  }
},
{
  "model": "admin.logentry",
  "pk": 35,
  "fields": {
    "action_time": "2025-05-02T11:25:23.265Z",
    "user": 1,
    "content_type": 49,
    "object_id": "7",
    "object_repr": "0299d30dcc2f5631089ade80a325cdfa58ae6b0d",
    "action_flag": 1,
    "change_message": "[{\"added\": {}}]"
  }
},
{
  "model": "admin.logentry",
  "pk": 36,
  "fields": {
    "action_time": "2025-05-02T11:25:25.072Z",
    "user": 1,
    "content_type": 49,
    "object_id": "6",
    "object_repr": "854482534d41fc8affc9b8d953409612ea37d144",
    "action_flag": 1,
    "change_message": "[{\"added\": {}}]"
  }
},
{
  "model": "admin.logentry",
  "pk": 37,
  "fields": {
    "action_time": "2025-05-02T11:25:26.991Z",
    "user": 1,
    "content_type": 49,
    "object_id": "5",
    "object_repr": "34a38dae597d674f6fb83fdc328102f44f9a34c6",
    "action_flag": 1,
    "change_message": "[{\"added\": {}}]"
  }
},
{
  "model": "admin.logentry",
  "pk": 38,
  "fields": {
    "action_time": "2025-05-02T11:25:28.990Z",
    "user": 1,
    "content_type": 49,
    "object_id": "8",
    "object_repr": "b27af6ec65d2ba30b7cf04b1965f315f32b580cc",
    "action_flag": 1,
    "change_message": "[{\"added\": {}}]"
  }
},
{
  "model": "admin.logentry",
  "pk": 39,
  "fields": {
    "action_time": "2025-05-02T11:25:31.051Z",
    "user": 1,
    "content_type": 49,
    "object_id": "4",
    "object_repr": "1313550785f1b04407f6e20c8f3bc466363811dd",
    "action_flag": 1,
    "change_message": "[{\"added\": {}}]"
  }
},
{
  "model": "admin.logentry",
  "pk": 40,
  "fields": {
    "action_time": "2025-05-02T11:25:33.262Z",
    "user": 1,
    "content_type": 49,
    "object_id": "2",
    "object_repr": "d8bc1d8c7873530e4bb74fdc80683b5da3d0a075",
    "action_flag": 1,
    "change_message": "[{\"added\": {}}]"
  }
},
{
  "model": "admin.logentry",
  "pk": 41,
  "fields": {
    "action_time": "2025-05-02T11:25:35.316Z",
    "user": 1,
    "content_type": 49,
    "object_id": "3",
    "object_repr": "8e9477fd2018f9f43aad06f8a96c731a4ebc16f6",
    "action_flag": 1,
    "change_message": "[{\"added\": {}}]"
  }
},
{
  "model": "auth.permission",
  "pk": 1,
  "fields": {
    "name": "Can add change task",
    "content_type": 1,
    "codename": "add_changetask"
  }
},
{
  "model": "auth.permission",
  "pk": 2,
  "fields": {
    "name": "Can change change task",
    "content_type": 1,
    "codename": "change_changetask"
  }
},
{
  "model": "auth.permission",
  "pk": 3,
  "fields": {
    "name": "Can delete change task",
    "content_type": 1,
    "codename": "delete_changetask"
  }
},
{
  "model": "auth.permission",
  "pk": 4,
  "fields": {
    "name": "Can view change task",
    "content_type": 1,
    "codename": "view_changetask"
  }
},
{
  "model": "auth.permission",
  "pk": 5,
  "fields": {
    "name": "Can add customer",
    "content_type": 2,
    "codename": "add_customer"
  }
},
{
  "model": "auth.permission",
  "pk": 6,
  "fields": {
    "name": "Can change customer",
    "content_type": 2,
    "codename": "change_customer"
  }
},
{
  "model": "auth.permission",
  "pk": 7,
  "fields": {
    "name": "Can delete customer",
    "content_type": 2,
    "codename": "delete_customer"
  }
},
{
  "model": "auth.permission",
  "pk": 8,
  "fields": {
    "name": "Can view customer",
    "content_type": 2,
    "codename": "view_customer"
  }
},
{
  "model": "auth.permission",
  "pk": 9,
  "fields": {
    "name": "Can add document",
    "content_type": 3,
    "codename": "add_document"
  }
},
{
  "model": "auth.permission",
  "pk": 10,
  "fields": {
    "name": "Can change document",
    "content_type": 3,
    "codename": "change_document"
  }
},
{
  "model": "auth.permission",
  "pk": 11,
  "fields": {
    "name": "Can delete document",
    "content_type": 3,
    "codename": "delete_document"
  }
},
{
  "model": "auth.permission",
  "pk": 12,
  "fields": {
    "name": "Can view document",
    "content_type": 3,
    "codename": "view_document"
  }
},
{
  "model": "auth.permission",
  "pk": 13,
  "fields": {
    "name": "Can add group",
    "content_type": 4,
    "codename": "add_group"
  }
},
{
  "model": "auth.permission",
  "pk": 14,
  "fields": {
    "name": "Can change group",
    "content_type": 4,
    "codename": "change_group"
  }
},
{
  "model": "auth.permission",
  "pk": 15,
  "fields": {
    "name": "Can delete group",
    "content_type": 4,
    "codename": "delete_group"
  }
},
{
  "model": "auth.permission",
  "pk": 16,
  "fields": {
    "name": "Can view group",
    "content_type": 4,
    "codename": "view_group"
  }
},
{
  "model": "auth.permission",
  "pk": 17,
  "fields": {
    "name": "Can add kanban board",
    "content_type": 5,
    "codename": "add_kanbanboard"
  }
},
{
  "model": "auth.permission",
  "pk": 18,
  "fields": {
    "name": "Can change kanban board",
    "content_type": 5,
    "codename": "change_kanbanboard"
  }
},
{
  "model": "auth.permission",
  "pk": 19,
  "fields": {
    "name": "Can delete kanban board",
    "content_type": 5,
    "codename": "delete_kanbanboard"
  }
},
{
  "model": "auth.permission",
  "pk": 20,
  "fields": {
    "name": "Can view kanban board",
    "content_type": 5,
    "codename": "view_kanbanboard"
  }
},
{
  "model": "auth.permission",
  "pk": 21,
  "fields": {
    "name": "Can add kanban card",
    "content_type": 6,
    "codename": "add_kanbancard"
  }
},
{
  "model": "auth.permission",
  "pk": 22,
  "fields": {
    "name": "Can change kanban card",
    "content_type": 6,
    "codename": "change_kanbancard"
  }
},
{
  "model": "auth.permission",
  "pk": 23,
  "fields": {
    "name": "Can delete kanban card",
    "content_type": 6,
    "codename": "delete_kanbancard"
  }
},
{
  "model": "auth.permission",
  "pk": 24,
  "fields": {
    "name": "Can view kanban card",
    "content_type": 6,
    "codename": "view_kanbancard"
  }
},
{
  "model": "auth.permission",
  "pk": 25,
  "fields": {
    "name": "Can add list of requirement item status",
    "content_type": 7,
    "codename": "add_listofrequirementitemstatus"
  }
},
{
  "model": "auth.permission",
  "pk": 26,
  "fields": {
    "name": "Can change list of requirement item status",
    "content_type": 7,
    "codename": "change_listofrequirementitemstatus"
  }
},
{
  "model": "auth.permission",
  "pk": 27,
  "fields": {
    "name": "Can delete list of requirement item status",
    "content_type": 7,
    "codename": "delete_listofrequirementitemstatus"
  }
},
{
  "model": "auth.permission",
  "pk": 28,
  "fields": {
    "name": "Can view list of requirement item status",
    "content_type": 7,
    "codename": "view_listofrequirementitemstatus"
  }
},
{
  "model": "auth.permission",
  "pk": 29,
  "fields": {
    "name": "Can add list of requirement item type",
    "content_type": 8,
    "codename": "add_listofrequirementitemtype"
  }
},
{
  "model": "auth.permission",
  "pk": 30,
  "fields": {
    "name": "Can change list of requirement item type",
    "content_type": 8,
    "codename": "change_listofrequirementitemtype"
  }
},
{
  "model": "auth.permission",
  "pk": 31,
  "fields": {
    "name": "Can delete list of requirement item type",
    "content_type": 8,
    "codename": "delete_listofrequirementitemtype"
  }
},
{
  "model": "auth.permission",
  "pk": 32,
  "fields": {
    "name": "Can view list of requirement item type",
    "content_type": 8,
    "codename": "view_listofrequirementitemtype"
  }
},
{
  "model": "auth.permission",
  "pk": 33,
  "fields": {
    "name": "Can add list of requirement status",
    "content_type": 9,
    "codename": "add_listofrequirementstatus"
  }
},
{
  "model": "auth.permission",
  "pk": 34,
  "fields": {
    "name": "Can change list of requirement status",
    "content_type": 9,
    "codename": "change_listofrequirementstatus"
  }
},
{
  "model": "auth.permission",
  "pk": 35,
  "fields": {
    "name": "Can delete list of requirement status",
    "content_type": 9,
    "codename": "delete_listofrequirementstatus"
  }
},
{
  "model": "auth.permission",
  "pk": 36,
  "fields": {
    "name": "Can view list of requirement status",
    "content_type": 9,
    "codename": "view_listofrequirementstatus"
  }
},
{
  "model": "auth.permission",
  "pk": 37,
  "fields": {
    "name": "Can add list of requirement type",
    "content_type": 10,
    "codename": "add_listofrequirementtype"
  }
},
{
  "model": "auth.permission",
  "pk": 38,
  "fields": {
    "name": "Can change list of requirement type",
    "content_type": 10,
    "codename": "change_listofrequirementtype"
  }
},
{
  "model": "auth.permission",
  "pk": 39,
  "fields": {
    "name": "Can delete list of requirement type",
    "content_type": 10,
    "codename": "delete_listofrequirementtype"
  }
},
{
  "model": "auth.permission",
  "pk": 40,
  "fields": {
    "name": "Can view list of requirement type",
    "content_type": 10,
    "codename": "view_listofrequirementtype"
  }
},
{
  "model": "auth.permission",
  "pk": 41,
  "fields": {
    "name": "Can add list of rfc status",
    "content_type": 11,
    "codename": "add_listofrfcstatus"
  }
},
{
  "model": "auth.permission",
  "pk": 42,
  "fields": {
    "name": "Can change list of rfc status",
    "content_type": 11,
    "codename": "change_listofrfcstatus"
  }
},
{
  "model": "auth.permission",
  "pk": 43,
  "fields": {
    "name": "Can delete list of rfc status",
    "content_type": 11,
    "codename": "delete_listofrfcstatus"
  }
},
{
  "model": "auth.permission",
  "pk": 44,
  "fields": {
    "name": "Can view list of rfc status",
    "content_type": 11,
    "codename": "view_listofrfcstatus"
  }
},
{
  "model": "auth.permission",
  "pk": 45,
  "fields": {
    "name": "Can add organisation",
    "content_type": 12,
    "codename": "add_organisation"
  }
},
{
  "model": "auth.permission",
  "pk": 46,
  "fields": {
    "name": "Can change organisation",
    "content_type": 12,
    "codename": "change_organisation"
  }
},
{
  "model": "auth.permission",
  "pk": 47,
  "fields": {
    "name": "Can delete organisation",
    "content_type": 12,
    "codename": "delete_organisation"
  }
},
{
  "model": "auth.permission",
  "pk": 48,
  "fields": {
    "name": "Can view organisation",
    "content_type": 12,
    "codename": "view_organisation"
  }
},
{
  "model": "auth.permission",
  "pk": 49,
  "fields": {
    "name": "Can add permission set",
    "content_type": 13,
    "codename": "add_permissionset"
  }
},
{
  "model": "auth.permission",
  "pk": 50,
  "fields": {
    "name": "Can change permission set",
    "content_type": 13,
    "codename": "change_permissionset"
  }
},
{
  "model": "auth.permission",
  "pk": 51,
  "fields": {
    "name": "Can delete permission set",
    "content_type": 13,
    "codename": "delete_permissionset"
  }
},
{
  "model": "auth.permission",
  "pk": 52,
  "fields": {
    "name": "Can view permission set",
    "content_type": 13,
    "codename": "view_permissionset"
  }
},
{
  "model": "auth.permission",
  "pk": 53,
  "fields": {
    "name": "Can add request for change",
    "content_type": 14,
    "codename": "add_requestforchange"
  }
},
{
  "model": "auth.permission",
  "pk": 54,
  "fields": {
    "name": "Can change request for change",
    "content_type": 14,
    "codename": "change_requestforchange"
  }
},
{
  "model": "auth.permission",
  "pk": 55,
  "fields": {
    "name": "Can delete request for change",
    "content_type": 14,
    "codename": "delete_requestforchange"
  }
},
{
  "model": "auth.permission",
  "pk": 56,
  "fields": {
    "name": "Can view request for change",
    "content_type": 14,
    "codename": "view_requestforchange"
  }
},
{
  "model": "auth.permission",
  "pk": 57,
  "fields": {
    "name": "Can add requirement",
    "content_type": 15,
    "codename": "add_requirement"
  }
},
{
  "model": "auth.permission",
  "pk": 58,
  "fields": {
    "name": "Can change requirement",
    "content_type": 15,
    "codename": "change_requirement"
  }
},
{
  "model": "auth.permission",
  "pk": 59,
  "fields": {
    "name": "Can delete requirement",
    "content_type": 15,
    "codename": "delete_requirement"
  }
},
{
  "model": "auth.permission",
  "pk": 60,
  "fields": {
    "name": "Can view requirement",
    "content_type": 15,
    "codename": "view_requirement"
  }
},
{
  "model": "auth.permission",
  "pk": 61,
  "fields": {
    "name": "Can add tag",
    "content_type": 16,
    "codename": "add_tag"
  }
},
{
  "model": "auth.permission",
  "pk": 62,
  "fields": {
    "name": "Can change tag",
    "content_type": 16,
    "codename": "change_tag"
  }
},
{
  "model": "auth.permission",
  "pk": 63,
  "fields": {
    "name": "Can delete tag",
    "content_type": 16,
    "codename": "delete_tag"
  }
},
{
  "model": "auth.permission",
  "pk": 64,
  "fields": {
    "name": "Can view tag",
    "content_type": 16,
    "codename": "view_tag"
  }
},
{
  "model": "auth.permission",
  "pk": 65,
  "fields": {
    "name": "Can add task",
    "content_type": 17,
    "codename": "add_task"
  }
},
{
  "model": "auth.permission",
  "pk": 66,
  "fields": {
    "name": "Can change task",
    "content_type": 17,
    "codename": "change_task"
  }
},
{
  "model": "auth.permission",
  "pk": 67,
  "fields": {
    "name": "Can delete task",
    "content_type": 17,
    "codename": "delete_task"
  }
},
{
  "model": "auth.permission",
  "pk": 68,
  "fields": {
    "name": "Can view task",
    "content_type": 17,
    "codename": "view_task"
  }
},
{
  "model": "auth.permission",
  "pk": 69,
  "fields": {
    "name": "Can add user profile picture",
    "content_type": 18,
    "codename": "add_userprofilepicture"
  }
},
{
  "model": "auth.permission",
  "pk": 70,
  "fields": {
    "name": "Can change user profile picture",
    "content_type": 18,
    "codename": "change_userprofilepicture"
  }
},
{
  "model": "auth.permission",
  "pk": 71,
  "fields": {
    "name": "Can delete user profile picture",
    "content_type": 18,
    "codename": "delete_userprofilepicture"
  }
},
{
  "model": "auth.permission",
  "pk": 72,
  "fields": {
    "name": "Can view user profile picture",
    "content_type": 18,
    "codename": "view_userprofilepicture"
  }
},
{
  "model": "auth.permission",
  "pk": 73,
  "fields": {
    "name": "Can add user group",
    "content_type": 19,
    "codename": "add_usergroup"
  }
},
{
  "model": "auth.permission",
  "pk": 74,
  "fields": {
    "name": "Can change user group",
    "content_type": 19,
    "codename": "change_usergroup"
  }
},
{
  "model": "auth.permission",
  "pk": 75,
  "fields": {
    "name": "Can delete user group",
    "content_type": 19,
    "codename": "delete_usergroup"
  }
},
{
  "model": "auth.permission",
  "pk": 76,
  "fields": {
    "name": "Can view user group",
    "content_type": 19,
    "codename": "view_usergroup"
  }
},
{
  "model": "auth.permission",
  "pk": 77,
  "fields": {
    "name": "Can add tag assignment",
    "content_type": 20,
    "codename": "add_tagassignment"
  }
},
{
  "model": "auth.permission",
  "pk": 78,
  "fields": {
    "name": "Can change tag assignment",
    "content_type": 20,
    "codename": "change_tagassignment"
  }
},
{
  "model": "auth.permission",
  "pk": 79,
  "fields": {
    "name": "Can delete tag assignment",
    "content_type": 20,
    "codename": "delete_tagassignment"
  }
},
{
  "model": "auth.permission",
  "pk": 80,
  "fields": {
    "name": "Can view tag assignment",
    "content_type": 20,
    "codename": "view_tagassignment"
  }
},
{
  "model": "auth.permission",
  "pk": 81,
  "fields": {
    "name": "Can add requirement item",
    "content_type": 21,
    "codename": "add_requirementitem"
  }
},
{
  "model": "auth.permission",
  "pk": 82,
  "fields": {
    "name": "Can change requirement item",
    "content_type": 21,
    "codename": "change_requirementitem"
  }
},
{
  "model": "auth.permission",
  "pk": 83,
  "fields": {
    "name": "Can delete requirement item",
    "content_type": 21,
    "codename": "delete_requirementitem"
  }
},
{
  "model": "auth.permission",
  "pk": 84,
  "fields": {
    "name": "Can view requirement item",
    "content_type": 21,
    "codename": "view_requirementitem"
  }
},
{
  "model": "auth.permission",
  "pk": 85,
  "fields": {
    "name": "Can add request for change group approval",
    "content_type": 22,
    "codename": "add_requestforchangegroupapproval"
  }
},
{
  "model": "auth.permission",
  "pk": 86,
  "fields": {
    "name": "Can change request for change group approval",
    "content_type": 22,
    "codename": "change_requestforchangegroupapproval"
  }
},
{
  "model": "auth.permission",
  "pk": 87,
  "fields": {
    "name": "Can delete request for change group approval",
    "content_type": 22,
    "codename": "delete_requestforchangegroupapproval"
  }
},
{
  "model": "auth.permission",
  "pk": 88,
  "fields": {
    "name": "Can view request for change group approval",
    "content_type": 22,
    "codename": "view_requestforchangegroupapproval"
  }
},
{
  "model": "auth.permission",
  "pk": 89,
  "fields": {
    "name": "Can add project",
    "content_type": 23,
    "codename": "add_project"
  }
},
{
  "model": "auth.permission",
  "pk": 90,
  "fields": {
    "name": "Can change project",
    "content_type": 23,
    "codename": "change_project"
  }
},
{
  "model": "auth.permission",
  "pk": 91,
  "fields": {
    "name": "Can delete project",
    "content_type": 23,
    "codename": "delete_project"
  }
},
{
  "model": "auth.permission",
  "pk": 92,
  "fields": {
    "name": "Can view project",
    "content_type": 23,
    "codename": "view_project"
  }
},
{
  "model": "auth.permission",
  "pk": 93,
  "fields": {
    "name": "Can add object note",
    "content_type": 24,
    "codename": "add_objectnote"
  }
},
{
  "model": "auth.permission",
  "pk": 94,
  "fields": {
    "name": "Can change object note",
    "content_type": 24,
    "codename": "change_objectnote"
  }
},
{
  "model": "auth.permission",
  "pk": 95,
  "fields": {
    "name": "Can delete object note",
    "content_type": 24,
    "codename": "delete_objectnote"
  }
},
{
  "model": "auth.permission",
  "pk": 96,
  "fields": {
    "name": "Can view object note",
    "content_type": 24,
    "codename": "view_objectnote"
  }
},
{
  "model": "auth.permission",
  "pk": 97,
  "fields": {
    "name": "Can add object assignment",
    "content_type": 25,
    "codename": "add_objectassignment"
  }
},
{
  "model": "auth.permission",
  "pk": 98,
  "fields": {
    "name": "Can change object assignment",
    "content_type": 25,
    "codename": "change_objectassignment"
  }
},
{
  "model": "auth.permission",
  "pk": 99,
  "fields": {
    "name": "Can delete object assignment",
    "content_type": 25,
    "codename": "delete_objectassignment"
  }
},
{
  "model": "auth.permission",
  "pk": 100,
  "fields": {
    "name": "Can view object assignment",
    "content_type": 25,
    "codename": "view_objectassignment"
  }
},
{
  "model": "auth.permission",
  "pk": 101,
  "fields": {
    "name": "Can add notification",
    "content_type": 26,
    "codename": "add_notification"
  }
},
{
  "model": "auth.permission",
  "pk": 102,
  "fields": {
    "name": "Can change notification",
    "content_type": 26,
    "codename": "change_notification"
  }
},
{
  "model": "auth.permission",
  "pk": 103,
  "fields": {
    "name": "Can delete notification",
    "content_type": 26,
    "codename": "delete_notification"
  }
},
{
  "model": "auth.permission",
  "pk": 104,
  "fields": {
    "name": "Can view notification",
    "content_type": 26,
    "codename": "view_notification"
  }
},
{
  "model": "auth.permission",
  "pk": 105,
  "fields": {
    "name": "Can add list of title",
    "content_type": 27,
    "codename": "add_listoftitle"
  }
},
{
  "model": "auth.permission",
  "pk": 106,
  "fields": {
    "name": "Can change list of title",
    "content_type": 27,
    "codename": "change_listoftitle"
  }
},
{
  "model": "auth.permission",
  "pk": 107,
  "fields": {
    "name": "Can delete list of title",
    "content_type": 27,
    "codename": "delete_listoftitle"
  }
},
{
  "model": "auth.permission",
  "pk": 108,
  "fields": {
    "name": "Can view list of title",
    "content_type": 27,
    "codename": "view_listoftitle"
  }
},
{
  "model": "auth.permission",
  "pk": 109,
  "fields": {
    "name": "Can add list of bug client",
    "content_type": 28,
    "codename": "add_listofbugclient"
  }
},
{
  "model": "auth.permission",
  "pk": 110,
  "fields": {
    "name": "Can change list of bug client",
    "content_type": 28,
    "codename": "change_listofbugclient"
  }
},
{
  "model": "auth.permission",
  "pk": 111,
  "fields": {
    "name": "Can delete list of bug client",
    "content_type": 28,
    "codename": "delete_listofbugclient"
  }
},
{
  "model": "auth.permission",
  "pk": 112,
  "fields": {
    "name": "Can view list of bug client",
    "content_type": 28,
    "codename": "view_listofbugclient"
  }
},
{
  "model": "auth.permission",
  "pk": 113,
  "fields": {
    "name": "Can add kanban level",
    "content_type": 29,
    "codename": "add_kanbanlevel"
  }
},
{
  "model": "auth.permission",
  "pk": 114,
  "fields": {
    "name": "Can change kanban level",
    "content_type": 29,
    "codename": "change_kanbanlevel"
  }
},
{
  "model": "auth.permission",
  "pk": 115,
  "fields": {
    "name": "Can delete kanban level",
    "content_type": 29,
    "codename": "delete_kanbanlevel"
  }
},
{
  "model": "auth.permission",
  "pk": 116,
  "fields": {
    "name": "Can view kanban level",
    "content_type": 29,
    "codename": "view_kanbanlevel"
  }
},
{
  "model": "auth.permission",
  "pk": 117,
  "fields": {
    "name": "Can add kanban column",
    "content_type": 30,
    "codename": "add_kanbancolumn"
  }
},
{
  "model": "auth.permission",
  "pk": 118,
  "fields": {
    "name": "Can change kanban column",
    "content_type": 30,
    "codename": "change_kanbancolumn"
  }
},
{
  "model": "auth.permission",
  "pk": 119,
  "fields": {
    "name": "Can delete kanban column",
    "content_type": 30,
    "codename": "delete_kanbancolumn"
  }
},
{
  "model": "auth.permission",
  "pk": 120,
  "fields": {
    "name": "Can view kanban column",
    "content_type": 30,
    "codename": "view_kanbancolumn"
  }
},
{
  "model": "auth.permission",
  "pk": 121,
  "fields": {
    "name": "Can add group permission",
    "content_type": 31,
    "codename": "add_grouppermission"
  }
},
{
  "model": "auth.permission",
  "pk": 122,
  "fields": {
    "name": "Can change group permission",
    "content_type": 31,
    "codename": "change_grouppermission"
  }
},
{
  "model": "auth.permission",
  "pk": 123,
  "fields": {
    "name": "Can delete group permission",
    "content_type": 31,
    "codename": "delete_grouppermission"
  }
},
{
  "model": "auth.permission",
  "pk": 124,
  "fields": {
    "name": "Can view group permission",
    "content_type": 31,
    "codename": "view_grouppermission"
  }
},
{
  "model": "auth.permission",
  "pk": 125,
  "fields": {
    "name": "Can add folder",
    "content_type": 32,
    "codename": "add_folder"
  }
},
{
  "model": "auth.permission",
  "pk": 126,
  "fields": {
    "name": "Can change folder",
    "content_type": 32,
    "codename": "change_folder"
  }
},
{
  "model": "auth.permission",
  "pk": 127,
  "fields": {
    "name": "Can delete folder",
    "content_type": 32,
    "codename": "delete_folder"
  }
},
{
  "model": "auth.permission",
  "pk": 128,
  "fields": {
    "name": "Can view folder",
    "content_type": 32,
    "codename": "view_folder"
  }
},
{
  "model": "auth.permission",
  "pk": 129,
  "fields": {
    "name": "Can add document permission",
    "content_type": 33,
    "codename": "add_documentpermission"
  }
},
{
  "model": "auth.permission",
  "pk": 130,
  "fields": {
    "name": "Can change document permission",
    "content_type": 33,
    "codename": "change_documentpermission"
  }
},
{
  "model": "auth.permission",
  "pk": 131,
  "fields": {
    "name": "Can delete document permission",
    "content_type": 33,
    "codename": "delete_documentpermission"
  }
},
{
  "model": "auth.permission",
  "pk": 132,
  "fields": {
    "name": "Can view document permission",
    "content_type": 33,
    "codename": "view_documentpermission"
  }
},
{
  "model": "auth.permission",
  "pk": 133,
  "fields": {
    "name": "Can add change task block",
    "content_type": 34,
    "codename": "add_changetaskblock"
  }
},
{
  "model": "auth.permission",
  "pk": 134,
  "fields": {
    "name": "Can change change task block",
    "content_type": 34,
    "codename": "change_changetaskblock"
  }
},
{
  "model": "auth.permission",
  "pk": 135,
  "fields": {
    "name": "Can delete change task block",
    "content_type": 34,
    "codename": "delete_changetaskblock"
  }
},
{
  "model": "auth.permission",
  "pk": 136,
  "fields": {
    "name": "Can view change task block",
    "content_type": 34,
    "codename": "view_changetaskblock"
  }
},
{
  "model": "auth.permission",
  "pk": 137,
  "fields": {
    "name": "Can add bug client",
    "content_type": 35,
    "codename": "add_bugclient"
  }
},
{
  "model": "auth.permission",
  "pk": 138,
  "fields": {
    "name": "Can change bug client",
    "content_type": 35,
    "codename": "change_bugclient"
  }
},
{
  "model": "auth.permission",
  "pk": 139,
  "fields": {
    "name": "Can delete bug client",
    "content_type": 35,
    "codename": "delete_bugclient"
  }
},
{
  "model": "auth.permission",
  "pk": 140,
  "fields": {
    "name": "Can view bug client",
    "content_type": 35,
    "codename": "view_bugclient"
  }
},
{
  "model": "auth.permission",
  "pk": 141,
  "fields": {
    "name": "Can add bug",
    "content_type": 36,
    "codename": "add_bug"
  }
},
{
  "model": "auth.permission",
  "pk": 142,
  "fields": {
    "name": "Can change bug",
    "content_type": 36,
    "codename": "change_bug"
  }
},
{
  "model": "auth.permission",
  "pk": 143,
  "fields": {
    "name": "Can delete bug",
    "content_type": 36,
    "codename": "delete_bug"
  }
},
{
  "model": "auth.permission",
  "pk": 144,
  "fields": {
    "name": "Can view bug",
    "content_type": 36,
    "codename": "view_bug"
  }
},
{
  "model": "auth.permission",
  "pk": 145,
  "fields": {
    "name": "Can add user setting",
    "content_type": 37,
    "codename": "add_usersetting"
  }
},
{
  "model": "auth.permission",
  "pk": 146,
  "fields": {
    "name": "Can change user setting",
    "content_type": 37,
    "codename": "change_usersetting"
  }
},
{
  "model": "auth.permission",
  "pk": 147,
  "fields": {
    "name": "Can delete user setting",
    "content_type": 37,
    "codename": "delete_usersetting"
  }
},
{
  "model": "auth.permission",
  "pk": 148,
  "fields": {
    "name": "Can view user setting",
    "content_type": 37,
    "codename": "view_usersetting"
  }
},
{
  "model": "auth.permission",
  "pk": 149,
  "fields": {
    "name": "Can add public link",
    "content_type": 38,
    "codename": "add_publiclink"
  }
},
{
  "model": "auth.permission",
  "pk": 150,
  "fields": {
    "name": "Can change public link",
    "content_type": 38,
    "codename": "change_publiclink"
  }
},
{
  "model": "auth.permission",
  "pk": 151,
  "fields": {
    "name": "Can delete public link",
    "content_type": 38,
    "codename": "delete_publiclink"
  }
},
{
  "model": "auth.permission",
  "pk": 152,
  "fields": {
    "name": "Can view public link",
    "content_type": 38,
    "codename": "view_publiclink"
  }
},
{
  "model": "auth.permission",
  "pk": 153,
  "fields": {
    "name": "Can add list of project status",
    "content_type": 39,
    "codename": "add_listofprojectstatus"
  }
},
{
  "model": "auth.permission",
  "pk": 154,
  "fields": {
    "name": "Can change list of project status",
    "content_type": 39,
    "codename": "change_listofprojectstatus"
  }
},
{
  "model": "auth.permission",
  "pk": 155,
  "fields": {
    "name": "Can delete list of project status",
    "content_type": 39,
    "codename": "delete_listofprojectstatus"
  }
},
{
  "model": "auth.permission",
  "pk": 156,
  "fields": {
    "name": "Can view list of project status",
    "content_type": 39,
    "codename": "view_listofprojectstatus"
  }
},
{
  "model": "auth.permission",
  "pk": 157,
  "fields": {
    "name": "Can add list of task status",
    "content_type": 40,
    "codename": "add_listoftaskstatus"
  }
},
{
  "model": "auth.permission",
  "pk": 158,
  "fields": {
    "name": "Can change list of task status",
    "content_type": 40,
    "codename": "change_listoftaskstatus"
  }
},
{
  "model": "auth.permission",
  "pk": 159,
  "fields": {
    "name": "Can delete list of task status",
    "content_type": 40,
    "codename": "delete_listoftaskstatus"
  }
},
{
  "model": "auth.permission",
  "pk": 160,
  "fields": {
    "name": "Can view list of task status",
    "content_type": 40,
    "codename": "view_listoftaskstatus"
  }
},
{
  "model": "auth.permission",
  "pk": 161,
  "fields": {
    "name": "Can add sprint",
    "content_type": 41,
    "codename": "add_sprint"
  }
},
{
  "model": "auth.permission",
  "pk": 162,
  "fields": {
    "name": "Can change sprint",
    "content_type": 41,
    "codename": "change_sprint"
  }
},
{
  "model": "auth.permission",
  "pk": 163,
  "fields": {
    "name": "Can delete sprint",
    "content_type": 41,
    "codename": "delete_sprint"
  }
},
{
  "model": "auth.permission",
  "pk": 164,
  "fields": {
    "name": "Can view sprint",
    "content_type": 41,
    "codename": "view_sprint"
  }
},
{
  "model": "auth.permission",
  "pk": 165,
  "fields": {
    "name": "Can add sprint audit table",
    "content_type": 42,
    "codename": "add_sprintaudittable"
  }
},
{
  "model": "auth.permission",
  "pk": 166,
  "fields": {
    "name": "Can change sprint audit table",
    "content_type": 42,
    "codename": "change_sprintaudittable"
  }
},
{
  "model": "auth.permission",
  "pk": 167,
  "fields": {
    "name": "Can delete sprint audit table",
    "content_type": 42,
    "codename": "delete_sprintaudittable"
  }
},
{
  "model": "auth.permission",
  "pk": 168,
  "fields": {
    "name": "Can view sprint audit table",
    "content_type": 42,
    "codename": "view_sprintaudittable"
  }
},
{
  "model": "auth.permission",
  "pk": 169,
  "fields": {
    "name": "Can add sprint object assignment",
    "content_type": 43,
    "codename": "add_sprintobjectassignment"
  }
},
{
  "model": "auth.permission",
  "pk": 170,
  "fields": {
    "name": "Can change sprint object assignment",
    "content_type": 43,
    "codename": "change_sprintobjectassignment"
  }
},
{
  "model": "auth.permission",
  "pk": 171,
  "fields": {
    "name": "Can delete sprint object assignment",
    "content_type": 43,
    "codename": "delete_sprintobjectassignment"
  }
},
{
  "model": "auth.permission",
  "pk": 172,
  "fields": {
    "name": "Can view sprint object assignment",
    "content_type": 43,
    "codename": "view_sprintobjectassignment"
  }
},
{
  "model": "auth.permission",
  "pk": 173,
  "fields": {
    "name": "Can add user job",
    "content_type": 44,
    "codename": "add_userjob"
  }
},
{
  "model": "auth.permission",
  "pk": 174,
  "fields": {
    "name": "Can change user job",
    "content_type": 44,
    "codename": "change_userjob"
  }
},
{
  "model": "auth.permission",
  "pk": 175,
  "fields": {
    "name": "Can delete user job",
    "content_type": 44,
    "codename": "delete_userjob"
  }
},
{
  "model": "auth.permission",
  "pk": 176,
  "fields": {
    "name": "Can view user job",
    "content_type": 44,
    "codename": "view_userjob"
  }
},
{
  "model": "auth.permission",
  "pk": 177,
  "fields": {
    "name": "Can add object template",
    "content_type": 45,
    "codename": "add_objecttemplate"
  }
},
{
  "model": "auth.permission",
  "pk": 178,
  "fields": {
    "name": "Can change object template",
    "content_type": 45,
    "codename": "change_objecttemplate"
  }
},
{
  "model": "auth.permission",
  "pk": 179,
  "fields": {
    "name": "Can delete object template",
    "content_type": 45,
    "codename": "delete_objecttemplate"
  }
},
{
  "model": "auth.permission",
  "pk": 180,
  "fields": {
    "name": "Can view object template",
    "content_type": 45,
    "codename": "view_objecttemplate"
  }
},
{
  "model": "auth.permission",
  "pk": 181,
  "fields": {
    "name": "Can add object template group",
    "content_type": 46,
    "codename": "add_objecttemplategroup"
  }
},
{
  "model": "auth.permission",
  "pk": 182,
  "fields": {
    "name": "Can change object template group",
    "content_type": 46,
    "codename": "change_objecttemplategroup"
  }
},
{
  "model": "auth.permission",
  "pk": 183,
  "fields": {
    "name": "Can delete object template group",
    "content_type": 46,
    "codename": "delete_objecttemplategroup"
  }
},
{
  "model": "auth.permission",
  "pk": 184,
  "fields": {
    "name": "Can view object template group",
    "content_type": 46,
    "codename": "view_objecttemplategroup"
  }
},
{
  "model": "auth.permission",
  "pk": 185,
  "fields": {
    "name": "Can add scheduled object",
    "content_type": 47,
    "codename": "add_scheduledobject"
  }
},
{
  "model": "auth.permission",
  "pk": 186,
  "fields": {
    "name": "Can change scheduled object",
    "content_type": 47,
    "codename": "change_scheduledobject"
  }
},
{
  "model": "auth.permission",
  "pk": 187,
  "fields": {
    "name": "Can delete scheduled object",
    "content_type": 47,
    "codename": "delete_scheduledobject"
  }
},
{
  "model": "auth.permission",
  "pk": 188,
  "fields": {
    "name": "Can view scheduled object",
    "content_type": 47,
    "codename": "view_scheduledobject"
  }
},
{
  "model": "auth.permission",
  "pk": 189,
  "fields": {
    "name": "Can add Token",
    "content_type": 48,
    "codename": "add_token"
  }
},
{
  "model": "auth.permission",
  "pk": 190,
  "fields": {
    "name": "Can change Token",
    "content_type": 48,
    "codename": "change_token"
  }
},
{
  "model": "auth.permission",
  "pk": 191,
  "fields": {
    "name": "Can delete Token",
    "content_type": 48,
    "codename": "delete_token"
  }
},
{
  "model": "auth.permission",
  "pk": 192,
  "fields": {
    "name": "Can view Token",
    "content_type": 48,
    "codename": "view_token"
  }
},
{
  "model": "auth.permission",
  "pk": 193,
  "fields": {
    "name": "Can add Token",
    "content_type": 49,
    "codename": "add_tokenproxy"
  }
},
{
  "model": "auth.permission",
  "pk": 194,
  "fields": {
    "name": "Can change Token",
    "content_type": 49,
    "codename": "change_tokenproxy"
  }
},
{
  "model": "auth.permission",
  "pk": 195,
  "fields": {
    "name": "Can delete Token",
    "content_type": 49,
    "codename": "delete_tokenproxy"
  }
},
{
  "model": "auth.permission",
  "pk": 196,
  "fields": {
    "name": "Can view Token",
    "content_type": 49,
    "codename": "view_tokenproxy"
  }
},
{
  "model": "auth.permission",
  "pk": 197,
  "fields": {
    "name": "Can add log entry",
    "content_type": 50,
    "codename": "add_logentry"
  }
},
{
  "model": "auth.permission",
  "pk": 198,
  "fields": {
    "name": "Can change log entry",
    "content_type": 50,
    "codename": "change_logentry"
  }
},
{
  "model": "auth.permission",
  "pk": 199,
  "fields": {
    "name": "Can delete log entry",
    "content_type": 50,
    "codename": "delete_logentry"
  }
},
{
  "model": "auth.permission",
  "pk": 200,
  "fields": {
    "name": "Can view log entry",
    "content_type": 50,
    "codename": "view_logentry"
  }
},
{
  "model": "auth.permission",
  "pk": 201,
  "fields": {
    "name": "Can add permission",
    "content_type": 51,
    "codename": "add_permission"
  }
},
{
  "model": "auth.permission",
  "pk": 202,
  "fields": {
    "name": "Can change permission",
    "content_type": 51,
    "codename": "change_permission"
  }
},
{
  "model": "auth.permission",
  "pk": 203,
  "fields": {
    "name": "Can delete permission",
    "content_type": 51,
    "codename": "delete_permission"
  }
},
{
  "model": "auth.permission",
  "pk": 204,
  "fields": {
    "name": "Can view permission",
    "content_type": 51,
    "codename": "view_permission"
  }
},
{
  "model": "auth.permission",
  "pk": 205,
  "fields": {
    "name": "Can add group",
    "content_type": 52,
    "codename": "add_group"
  }
},
{
  "model": "auth.permission",
  "pk": 206,
  "fields": {
    "name": "Can change group",
    "content_type": 52,
    "codename": "change_group"
  }
},
{
  "model": "auth.permission",
  "pk": 207,
  "fields": {
    "name": "Can delete group",
    "content_type": 52,
    "codename": "delete_group"
  }
},
{
  "model": "auth.permission",
  "pk": 208,
  "fields": {
    "name": "Can view group",
    "content_type": 52,
    "codename": "view_group"
  }
},
{
  "model": "auth.permission",
  "pk": 209,
  "fields": {
    "name": "Can add user",
    "content_type": 53,
    "codename": "add_user"
  }
},
{
  "model": "auth.permission",
  "pk": 210,
  "fields": {
    "name": "Can change user",
    "content_type": 53,
    "codename": "change_user"
  }
},
{
  "model": "auth.permission",
  "pk": 211,
  "fields": {
    "name": "Can delete user",
    "content_type": 53,
    "codename": "delete_user"
  }
},
{
  "model": "auth.permission",
  "pk": 212,
  "fields": {
    "name": "Can view user",
    "content_type": 53,
    "codename": "view_user"
  }
},
{
  "model": "auth.permission",
  "pk": 213,
  "fields": {
    "name": "Can add content type",
    "content_type": 54,
    "codename": "add_contenttype"
  }
},
{
  "model": "auth.permission",
  "pk": 214,
  "fields": {
    "name": "Can change content type",
    "content_type": 54,
    "codename": "change_contenttype"
  }
},
{
  "model": "auth.permission",
  "pk": 215,
  "fields": {
    "name": "Can delete content type",
    "content_type": 54,
    "codename": "delete_contenttype"
  }
},
{
  "model": "auth.permission",
  "pk": 216,
  "fields": {
    "name": "Can view content type",
    "content_type": 54,
    "codename": "view_contenttype"
  }
},
{
  "model": "auth.permission",
  "pk": 217,
  "fields": {
    "name": "Can add session",
    "content_type": 55,
    "codename": "add_session"
  }
},
{
  "model": "auth.permission",
  "pk": 218,
  "fields": {
    "name": "Can change session",
    "content_type": 55,
    "codename": "change_session"
  }
},
{
  "model": "auth.permission",
  "pk": 219,
  "fields": {
    "name": "Can delete session",
    "content_type": 55,
    "codename": "delete_session"
  }
},
{
  "model": "auth.permission",
  "pk": 220,
  "fields": {
    "name": "Can view session",
    "content_type": 55,
    "codename": "view_session"
  }
},
{
  "model": "auth.permission",
  "pk": 221,
  "fields": {
    "name": "Can add static device",
    "content_type": 56,
    "codename": "add_staticdevice"
  }
},
{
  "model": "auth.permission",
  "pk": 222,
  "fields": {
    "name": "Can change static device",
    "content_type": 56,
    "codename": "change_staticdevice"
  }
},
{
  "model": "auth.permission",
  "pk": 223,
  "fields": {
    "name": "Can delete static device",
    "content_type": 56,
    "codename": "delete_staticdevice"
  }
},
{
  "model": "auth.permission",
  "pk": 224,
  "fields": {
    "name": "Can view static device",
    "content_type": 56,
    "codename": "view_staticdevice"
  }
},
{
  "model": "auth.permission",
  "pk": 225,
  "fields": {
    "name": "Can add static token",
    "content_type": 57,
    "codename": "add_statictoken"
  }
},
{
  "model": "auth.permission",
  "pk": 226,
  "fields": {
    "name": "Can change static token",
    "content_type": 57,
    "codename": "change_statictoken"
  }
},
{
  "model": "auth.permission",
  "pk": 227,
  "fields": {
    "name": "Can delete static token",
    "content_type": 57,
    "codename": "delete_statictoken"
  }
},
{
  "model": "auth.permission",
  "pk": 228,
  "fields": {
    "name": "Can view static token",
    "content_type": 57,
    "codename": "view_statictoken"
  }
},
{
  "model": "auth.permission",
  "pk": 229,
  "fields": {
    "name": "Can add TOTP device",
    "content_type": 58,
    "codename": "add_totpdevice"
  }
},
{
  "model": "auth.permission",
  "pk": 230,
  "fields": {
    "name": "Can change TOTP device",
    "content_type": 58,
    "codename": "change_totpdevice"
  }
},
{
  "model": "auth.permission",
  "pk": 231,
  "fields": {
    "name": "Can delete TOTP device",
    "content_type": 58,
    "codename": "delete_totpdevice"
  }
},
{
  "model": "auth.permission",
  "pk": 232,
  "fields": {
    "name": "Can view TOTP device",
    "content_type": 58,
    "codename": "view_totpdevice"
  }
},
{
  "model": "auth.permission",
  "pk": 233,
  "fields": {
    "name": "Can add email device",
    "content_type": 59,
    "codename": "add_emaildevice"
  }
},
{
  "model": "auth.permission",
  "pk": 234,
  "fields": {
    "name": "Can change email device",
    "content_type": 59,
    "codename": "change_emaildevice"
  }
},
{
  "model": "auth.permission",
  "pk": 235,
  "fields": {
    "name": "Can delete email device",
    "content_type": 59,
    "codename": "delete_emaildevice"
  }
},
{
  "model": "auth.permission",
  "pk": 236,
  "fields": {
    "name": "Can view email device",
    "content_type": 59,
    "codename": "view_emaildevice"
  }
},
{
  "model": "auth.user",
  "pk": 1,
  "fields": {
    "password": "pbkdf2_sha256$870000$N13Ed2k7zIndZfPd8KN9lf$TPbCe3CLC1wYM7jsESb/fbDWwzytmwnN8xo0QujZ8cI=",
    "last_login": "2025-05-02T11:25:11.729Z",
    "is_superuser": true,
    "username": "admin",
    "first_name": "Admin",
    "last_name": "User",
    "email": "support@nearbeach.org",
    "is_staff": true,
    "is_active": true,
    "date_joined": "2023-02-15T08:52:25.503Z",
    "groups": [],
    "user_permissions": []
  }
},
{
  "model": "auth.user",
  "pk": 2,
  "fields": {
    "password": "pbkdf2_sha256$870000$dGZEylBdDKHXwooSAwSUUs$McnHkHw4DTH+33SqhZyQUeEOHoznNXb+tGSaLoAjZhg=",
    "last_login": "2025-05-05T08:50:28.406Z",
    "is_superuser": false,
    "username": "team_leader",
    "first_name": "Team",
    "last_name": "Leader",
    "email": "support@nearbeach.org",
    "is_staff": false,
    "is_active": true,
    "date_joined": "2023-02-15T09:08:39.426Z",
    "groups": [],
    "user_permissions": []
  }
},
{
  "model": "auth.user",
  "pk": 3,
  "fields": {
    "password": "pbkdf2_sha256$390000$fciTE1U9rkrQT7CxjHi2ae$B7zRiPi1Yvj6DsipShCbeJ2vaB2eSlOt7V7T8Pd1NDQ=",
    "last_login": null,
    "is_superuser": false,
    "username": "team_member",
    "first_name": "Team",
    "last_name": "Member",
    "email": "support@nearbeach.org",
    "is_staff": false,
    "is_active": true,
    "date_joined": "2023-02-15T09:09:18.372Z",
    "groups": [],
    "user_permissions": []
  }
},
{
  "model": "auth.user",
  "pk": 4,
  "fields": {
    "password": "pbkdf2_sha256$390000$g4K0zwz343vSUFJ98oChdw$kVnvD01xefHMYKJlVBCzHc7fsgQ37IobChg7e0WCCRc=",
    "last_login": null,
    "is_superuser": false,
    "username": "team_intern",
    "first_name": "Team",
    "last_name": "Intern",
    "email": "support@nearbeach.org",
    "is_staff": false,
    "is_active": true,
    "date_joined": "2023-02-15T09:09:54.016Z",
    "groups": [],
    "user_permissions": []
  }
},
{
  "model": "auth.user",
  "pk": 5,
  "fields": {
    "password": "pbkdf2_sha256$720000$lme60tWetgq1EdCCjo4iPZ$tGR4stCLa56Rt/LjtHYKCff2RDtJ0RJ4pFr4fC24TXo=",
    "last_login": "2024-09-25T09:42:33.989Z",
    "is_superuser": false,
    "username": "read_only",
    "first_name": "Read",
    "last_name": "Only",
    "email": "support@nearbeach.org",
    "is_staff": false,
    "is_active": true,
    "date_joined": "2023-02-15T09:10:40.680Z",
    "groups": [],
    "user_permissions": []
  }
},
{
  "model": "auth.user",
  "pk": 6,
  "fields": {
    "password": "pbkdf2_sha256$390000$3pWQzzL3ZWG5rSXBMRZ1nU$phvpS5OFRmW+BHal2eEViCtXpGFIo47RVcyUWTSjjLg=",
    "last_login": null,
    "is_superuser": false,
    "username": "no_group",
    "first_name": "No",
    "last_name": "Group",
    "email": "support@nearbeach.org",
    "is_staff": false,
    "is_active": true,
    "date_joined": "2023-02-15T09:11:23.252Z",
    "groups": [],
    "user_permissions": []
  }
},
{
  "model": "auth.user",
  "pk": 7,
  "fields": {
    "password": "pbkdf2_sha256$870000$S9jOgaSalLvViureHOXhJK$7aZn4tgZ2z7Ytskbqy20LefxMERj3angLXlbi8r3aEI=",
    "last_login": "2025-05-05T08:47:36.110Z",
    "is_superuser": true,
    "username": "dark_admin",
    "first_name": "Dark",
    "last_name": "Admin",
    "email": "support@nearbeach.org",
    "is_staff": false,
    "is_active": true,
    "date_joined": "2023-09-06T09:36:15.453Z",
    "groups": [],
    "user_permissions": []
  }
},
{
  "model": "auth.user",
  "pk": 8,
  "fields": {
    "password": "pbkdf2_sha256$720000$NWvmRMCfh3D6qWbNgpnVDA$F5fic/7kUyUHxLhDfBPJ8WjR82S233RGCJO61KNJpyQ=",
    "last_login": "2024-09-25T09:57:29.464Z",
    "is_superuser": false,
    "username": "read_only_extra",
    "first_name": "Read",
    "last_name": "Only Extra",
    "email": "support@nearbeach.org",
    "is_staff": false,
    "is_active": true,
    "date_joined": "2024-09-25T09:10:28.168Z",
    "groups": [],
    "user_permissions": []
  }
},
{
  "model": "contenttypes.contenttype",
  "pk": 1,
  "fields": {
    "app_label": "NearBeach",
    "model": "changetask"
  }
},
{
  "model": "contenttypes.contenttype",
  "pk": 2,
  "fields": {
    "app_label": "NearBeach",
    "model": "customer"
  }
},
{
  "model": "contenttypes.contenttype",
  "pk": 3,
  "fields": {
    "app_label": "NearBeach",
    "model": "document"
  }
},
{
  "model": "contenttypes.contenttype",
  "pk": 4,
  "fields": {
    "app_label": "NearBeach",
    "model": "group"
  }
},
{
  "model": "contenttypes.contenttype",
  "pk": 5,
  "fields": {
    "app_label": "NearBeach",
    "model": "kanbanboard"
  }
},
{
  "model": "contenttypes.contenttype",
  "pk": 6,
  "fields": {
    "app_label": "NearBeach",
    "model": "kanbancard"
  }
},
{
  "model": "contenttypes.contenttype",
  "pk": 7,
  "fields": {
    "app_label": "NearBeach",
    "model": "listofrequirementitemstatus"
  }
},
{
  "model": "contenttypes.contenttype",
  "pk": 8,
  "fields": {
    "app_label": "NearBeach",
    "model": "listofrequirementitemtype"
  }
},
{
  "model": "contenttypes.contenttype",
  "pk": 9,
  "fields": {
    "app_label": "NearBeach",
    "model": "listofrequirementstatus"
  }
},
{
  "model": "contenttypes.contenttype",
  "pk": 10,
  "fields": {
    "app_label": "NearBeach",
    "model": "listofrequirementtype"
  }
},
{
  "model": "contenttypes.contenttype",
  "pk": 11,
  "fields": {
    "app_label": "NearBeach",
    "model": "listofrfcstatus"
  }
},
{
  "model": "contenttypes.contenttype",
  "pk": 12,
  "fields": {
    "app_label": "NearBeach",
    "model": "organisation"
  }
},
{
  "model": "contenttypes.contenttype",
  "pk": 13,
  "fields": {
    "app_label": "NearBeach",
    "model": "permissionset"
  }
},
{
  "model": "contenttypes.contenttype",
  "pk": 14,
  "fields": {
    "app_label": "NearBeach",
    "model": "requestforchange"
  }
},
{
  "model": "contenttypes.contenttype",
  "pk": 15,
  "fields": {
    "app_label": "NearBeach",
    "model": "requirement"
  }
},
{
  "model": "contenttypes.contenttype",
  "pk": 16,
  "fields": {
    "app_label": "NearBeach",
    "model": "tag"
  }
},
{
  "model": "contenttypes.contenttype",
  "pk": 17,
  "fields": {
    "app_label": "NearBeach",
    "model": "task"
  }
},
{
  "model": "contenttypes.contenttype",
  "pk": 18,
  "fields": {
    "app_label": "NearBeach",
    "model": "userprofilepicture"
  }
},
{
  "model": "contenttypes.contenttype",
  "pk": 19,
  "fields": {
    "app_label": "NearBeach",
    "model": "usergroup"
  }
},
{
  "model": "contenttypes.contenttype",
  "pk": 20,
  "fields": {
    "app_label": "NearBeach",
    "model": "tagassignment"
  }
},
{
  "model": "contenttypes.contenttype",
  "pk": 21,
  "fields": {
    "app_label": "NearBeach",
    "model": "requirementitem"
  }
},
{
  "model": "contenttypes.contenttype",
  "pk": 22,
  "fields": {
    "app_label": "NearBeach",
    "model": "requestforchangegroupapproval"
  }
},
{
  "model": "contenttypes.contenttype",
  "pk": 23,
  "fields": {
    "app_label": "NearBeach",
    "model": "project"
  }
},
{
  "model": "contenttypes.contenttype",
  "pk": 24,
  "fields": {
    "app_label": "NearBeach",
    "model": "objectnote"
  }
},
{
  "model": "contenttypes.contenttype",
  "pk": 25,
  "fields": {
    "app_label": "NearBeach",
    "model": "objectassignment"
  }
},
{
  "model": "contenttypes.contenttype",
  "pk": 26,
  "fields": {
    "app_label": "NearBeach",
    "model": "notification"
  }
},
{
  "model": "contenttypes.contenttype",
  "pk": 27,
  "fields": {
    "app_label": "NearBeach",
    "model": "listoftitle"
  }
},
{
  "model": "contenttypes.contenttype",
  "pk": 28,
  "fields": {
    "app_label": "NearBeach",
    "model": "listofbugclient"
  }
},
{
  "model": "contenttypes.contenttype",
  "pk": 29,
  "fields": {
    "app_label": "NearBeach",
    "model": "kanbanlevel"
  }
},
{
  "model": "contenttypes.contenttype",
  "pk": 30,
  "fields": {
    "app_label": "NearBeach",
    "model": "kanbancolumn"
  }
},
{
  "model": "contenttypes.contenttype",
  "pk": 31,
  "fields": {
    "app_label": "NearBeach",
    "model": "grouppermission"
  }
},
{
  "model": "contenttypes.contenttype",
  "pk": 32,
  "fields": {
    "app_label": "NearBeach",
    "model": "folder"
  }
},
{
  "model": "contenttypes.contenttype",
  "pk": 33,
  "fields": {
    "app_label": "NearBeach",
    "model": "documentpermission"
  }
},
{
  "model": "contenttypes.contenttype",
  "pk": 34,
  "fields": {
    "app_label": "NearBeach",
    "model": "changetaskblock"
  }
},
{
  "model": "contenttypes.contenttype",
  "pk": 35,
  "fields": {
    "app_label": "NearBeach",
    "model": "bugclient"
  }
},
{
  "model": "contenttypes.contenttype",
  "pk": 36,
  "fields": {
    "app_label": "NearBeach",
    "model": "bug"
  }
},
{
  "model": "contenttypes.contenttype",
  "pk": 37,
  "fields": {
    "app_label": "NearBeach",
    "model": "usersetting"
  }
},
{
  "model": "contenttypes.contenttype",
  "pk": 38,
  "fields": {
    "app_label": "NearBeach",
    "model": "publiclink"
  }
},
{
  "model": "contenttypes.contenttype",
  "pk": 39,
  "fields": {
    "app_label": "NearBeach",
    "model": "listofprojectstatus"
  }
},
{
  "model": "contenttypes.contenttype",
  "pk": 40,
  "fields": {
    "app_label": "NearBeach",
    "model": "listoftaskstatus"
  }
},
{
  "model": "contenttypes.contenttype",
  "pk": 41,
  "fields": {
    "app_label": "NearBeach",
    "model": "sprint"
  }
},
{
  "model": "contenttypes.contenttype",
  "pk": 42,
  "fields": {
    "app_label": "NearBeach",
    "model": "sprintaudittable"
  }
},
{
  "model": "contenttypes.contenttype",
  "pk": 43,
  "fields": {
    "app_label": "NearBeach",
    "model": "sprintobjectassignment"
  }
},
{
  "model": "contenttypes.contenttype",
  "pk": 44,
  "fields": {
    "app_label": "NearBeach",
    "model": "userjob"
  }
},
{
  "model": "contenttypes.contenttype",
  "pk": 45,
  "fields": {
    "app_label": "NearBeach",
    "model": "objecttemplate"
  }
},
{
  "model": "contenttypes.contenttype",
  "pk": 46,
  "fields": {
    "app_label": "NearBeach",
    "model": "objecttemplategroup"
  }
},
{
  "model": "contenttypes.contenttype",
  "pk": 47,
  "fields": {
    "app_label": "NearBeach",
    "model": "scheduledobject"
  }
},
{
  "model": "contenttypes.contenttype",
  "pk": 48,
  "fields": {
    "app_label": "authtoken",
    "model": "token"
  }
},
{
  "model": "contenttypes.contenttype",
  "pk": 49,
  "fields": {
    "app_label": "authtoken",
    "model": "tokenproxy"
  }
},
{
  "model": "contenttypes.contenttype",
  "pk": 50,
  "fields": {
    "app_label": "admin",
    "model": "logentry"
  }
},
{
  "model": "contenttypes.contenttype",
  "pk": 51,
  "fields": {
    "app_label": "auth",
    "model": "permission"
  }
},
{
  "model": "contenttypes.contenttype",
  "pk": 52,
  "fields": {
    "app_label": "auth",
    "model": "group"
  }
},
{
  "model": "contenttypes.contenttype",
  "pk": 53,
  "fields": {
    "app_label": "auth",
    "model": "user"
  }
},
{
  "model": "contenttypes.contenttype",
  "pk": 54,
  "fields": {
    "app_label": "contenttypes",
    "model": "contenttype"
  }
},
{
  "model": "contenttypes.contenttype",
  "pk": 55,
  "fields": {
    "app_label": "sessions",
    "model": "session"
  }
},
{
  "model": "contenttypes.contenttype",
  "pk": 56,
  "fields": {
    "app_label": "otp_static",
    "model": "staticdevice"
  }
},
{
  "model": "contenttypes.contenttype",
  "pk": 57,
  "fields": {
    "app_label": "otp_static",
    "model": "statictoken"
  }
},
{
  "model": "contenttypes.contenttype",
  "pk": 58,
  "fields": {
    "app_label": "otp_totp",
    "model": "totpdevice"
  }
},
{
  "model": "contenttypes.contenttype",
  "pk": 59,
  "fields": {
    "app_label": "otp_email",
    "model": "emaildevice"
  }
},
{
  "model": "sessions.session",
  "pk": "1dxxe5glzsbvq94spcivlz28kvq8vazx",
  "fields": {
    "session_data": ".eJxVjEEOgyAQRe_CuiEoI4wuu-8ZyABjtTXagKya3r2SuGi3_73_3sJR2SdXMic3RzGITlx-N0_hyWsF8UHrfZNhW_c0e1kVedIsb1vk5Xq6f4GJ8nS8jUdq0IIhrbANYDmy5l5FGAMCtR1Y4xtkYgjYKd1Ab9AAe2DSBPqIztnl8uJUs2IYacn8-QK2uz9a:1s6Swp:5KDFXsDZsmVAprYtI7TP_dX-ddlKrYDYujwVQTCZbSU",
    "expire_date": "2024-05-27T10:30:23.003Z"
  }
},
{
  "model": "sessions.session",
  "pk": "2d0a7wnqmtllewu86yqgf4hncwjaxqtk",
  "fields": {
    "session_data": ".eJxVjEEOwiAQRe_C2hBLgYEu3XsGMjCDrZrWQFkZ726bdKHb_95_bxGwrWNolUuYSAwCxOl3i5gePO-A7jjfFpmWeS1TlLsiD1rldSF-Xg73LzBiHbe3AYuWLHcZbEq-d2CdBuNVZtKgQQGyJ9tpb8AZh4bOPlM0kFH1KastOtVQ24vLnhXDWhp_vm-8PxQ:1t1iXR:1mJ_IjjkqHzL47CqIE8fjOqFnqLXt52NO69kRTLBhx4",
    "expire_date": "2024-11-01T08:40:49.734Z"
  }
},
{
  "model": "sessions.session",
  "pk": "41t2bmdty3irkugyv45mcq9p5oivovhk",
  "fields": {
    "session_data": ".eJxVjDsOwjAQBe_iGln-xJ-kpOcM1nq9xoEoQXZSIe5OIqWA9s28ebMA21rC1qiGMbGBeXb53SLgk-YDpAfM94XjMq91jPxQ-Ekbvy2Jpuvp_gUKtLK_IyhByXuZrdFkCSlKp5JDJT1pFNmoHnTMgL1Ba0AILRwo23e-U4ncHh1baNuL6pFlQ4ap0ecL5aQ_3g:1stOm1:fa0fhnVS-zfJqt2mgTTqYgfLfrIyY4E6bpQsk8l_HIU",
    "expire_date": "2024-10-09T09:57:29.474Z"
  }
},
{
  "model": "sessions.session",
  "pk": "4ihdjbrhcx7hokg3uisrpinxhca0e34d",
  "fields": {
    "session_data": ".eJxVjEEOwiAQRe_C2hAYoNQu3XsGwgyDrZrWQFkZ726bdKHb_95_bxFiW8fQKpcwJTEILU6_G0Z68LyDdI_zbZG0zGuZUO6KPGiV1yXx83K4f4Ex1nF7O0Ai68FFdqlPkdH1nBUmC-SzNqAUeaMMGtuBBsAz6q7LtrfaGqdoi0411PbismfFsJbGny-LGT7k:1rWvse:lyt6TXjJYt27JiKtOvUdRIF7rY3B9FsAx6nGOaFkuVA",
    "expire_date": "2024-02-19T10:07:12.158Z"
  }
},
{
  "model": "sessions.session",
  "pk": "6ijlztlbeuobpqj85nn5sz82nxb27b6e",
  "fields": {
    "session_data": ".eJxVjMsOwiAUBf-FtSHQF-DSvd9AuC9bNa2BsjL-u23ShW7PzJm3iqmuY6yFc5xInZVVp98NEj543gHd03xbNC7zmifQu6IPWvR1IX5eDvcvMKYybm8YerLGJ9dZsCKBxAV0BJ4QWtMIQOux6xu2GFhcFxjZGRnA9uJbNlt0KrHUF-c9q85rrvz5Ar6eQGE:1r3DhY:kBkq63w57t7pLz9nNmDjiZ9gx_r6SSDLMLyMP__LaKY",
    "expire_date": "2023-11-29T11:04:56.353Z"
  }
},
{
  "model": "sessions.session",
  "pk": "8m5uznyh101is14fmwrekdyh1rf0y6ft",
  "fields": {
    "session_data": ".eJxVjEEOwiAQRe_C2hAYoNQu3XsGwgyDrZrWQFkZ726bdKHb_95_bxFiW8fQKpcwJTEILU6_G0Z68LyDdI_zbZG0zGuZUO6KPGiV1yXx83K4f4Ex1nF7O0Ai68FFdqlPkdH1nBUmC-SzNqAUeaMMGtuBBsAz6q7LtrfaGqdoi0411PbismfFsJbGny-LGT7k:1rW4H5:z0s-sSFp5Omsk3ltbIEgBmp6Ll-0CCRZo0oHPsZgHl4",
    "expire_date": "2024-02-17T00:52:51.968Z"
  }
},
{
  "model": "sessions.session",
  "pk": "8xecpyshecbti7r0jtu61ns4ftp1hkcb",
  "fields": {
    "session_data": ".eJxVjDsOwjAQBe_iGln-xJ-kpOcM1nq9xoEoQXZSIe5OIqWA9s28ebMA21rC1qiGMbGBeXb53SLgk-YDpAfM94XjMq91jPxQ-Ekbvy2Jpuvp_gUKtLK_IyhByXuZrdFkCSlKp5JDJT1pFNmoHnTMgL1Ba0AILRwo23e-U4ncHh1baNuL6pFlQ4ap0ecL5aQ_3g:1stOlp:CFFmBxjIwkRdgoxtQs4dd2YXNfoTI5d9QLb6acm0d70",
    "expire_date": "2024-10-09T09:57:17.595Z"
  }
},
{
  "model": "sessions.session",
  "pk": "922i2920gbdv4xctpizrk8pypiaysael",
  "fields": {
    "session_data": ".eJxVjEEOwiAQRe_C2hAYoNQu3XsGwgyDrZrWQFkZ726bdKHb_95_bxFiW8fQKpcwJTEILU6_G0Z68LyDdI_zbZG0zGuZUO6KPGiV1yXx83K4f4Ex1nF7O0Ai68FFdqlPkdH1nBUmC-SzNqAUeaMMGtuBBsAz6q7LtrfaGqdoi0411PbismfFsJbGny-LGT7k:1s6Sva:uc1eEmvvEv9_L46aDGeLvGYfSLgwPVARk6sdNAHWLGk",
    "expire_date": "2024-05-27T10:29:06.063Z"
  }
},
{
  "model": "sessions.session",
  "pk": "bjg85wdarjo3cgh7m5n5ghtyuml55cpw",
  "fields": {
    "session_data": ".eJxVjjsOwjAQRO_iGln-yklKes5gjb1rEkAJipMKcXewlALaeTNP8xIR-zbGvfIaJxKDMOL0myXkO88N0A3zdZF5mbd1SrJV5EGrvCzEj_PR_ROMqON3nYKzSoOSt9YA1rJP8KZouD4HogJCVlmHYgz3Fsjadz5rx0oF17VXU411f_LatGIoeFR-fwDnpUAT:1rWu2C:w9CQ0CqBFz3eAoPmkTJMR7Jl_30-3aTVL3156Fwm8UA",
    "expire_date": "2024-02-19T08:08:56.987Z"
  }
},
{
  "model": "sessions.session",
  "pk": "eadpzhss62w9e8b4n9uprqn6d54rv6kw",
  "fields": {
    "session_data": ".eJxVjEtuwzAMRO-idWEgkhXHXnbfMxCUSMVqBSvQJw4a5O6VWy_qHR_fzDzF6r8xEZQ1gkNbYoIQr36Bu-dVTE-RC9_EtNQQ3n5vICzYxGtH5wPnP-ZHSfjP3zH4RkxwKDYDWMsMNXMCT2ISJ3H4GbRfvGyCPnG5xs7GpSRvui3S7TZ3H5E4vO_Zw8CMeW5tZ0hrLZHlaEaWvbODJiW1Pvf2fDEXphYwJ0VDr5R2Uqt-kG5gJ0enlOM26jPkeuO0zYqppMqvH10xa0c:1uBrVB:ZmP3FCbpUasH51eHybV0p_DQZ5GALjwVHEY5D9DBjA8",
    "expire_date": "2025-05-19T08:48:41.144Z"
  }
},
{
  "model": "sessions.session",
  "pk": "fj963qhis19bs6d4fllnuv1pmr2f7jh7",
  "fields": {
    "session_data": ".eJxVjMtugzAQRf_F6wqZgICw7L7fYI1nxsGtZUd-hKhR_r0mYVF2c-fcex5itb8QSeU1KAOYQ1QuXKxXN8urmB8iZb6K2RfnPl63IshQwXOPxjpO78z3HOEfv4GzNTGpw7ASBSUvqiSOypKYxSgOPw34w34D9A3-EhoMPkerm63S7DQ1X4HYfe7dg2CBtNQ1G5R0MqeWmGhkNANLOTD2HQ8jdsCt6amd9MT92KHB81lTq3uUHcoJ2VSpTSqVK8dNK-YcCz__ALstbOE:1uBrU8:s93odI8dUFcxe751jOaR0F8XlWNO4jeq1dY1kspAdqc",
    "expire_date": "2025-05-19T08:47:36.144Z"
  }
},
{
  "model": "sessions.session",
  "pk": "g9wggp3nsnnsn06gb2s4807w9536fmli",
  "fields": {
    "session_data": ".eJxVjDsOgzAQBe_iOrLWBptPmT5nsNa7SyCJANm4inL3gESRtG_mzVsFLNsYSpYUJla9Muryu0Wkp8wH4AfO90XTMm9pivpQ9Emzvi0sr-vp_gVGzOP-loYHdrECh-Qje0CBCtC4drDka0RjW4hkGts5Ai-NjSI8CIN0Rmrao1MOuaySjqzqt1Tk8wW8ZUBn:1q1mZn:tXT9RZUZ_xCydCcGBQH0DKMpyY0Vm2j9YeaOsqaTWug",
    "expire_date": "2023-06-07T11:22:43.278Z"
  }
},
{
  "model": "sessions.session",
  "pk": "jf4rxb43g0qzwg0jblkwjg2xqtoz0ope",
  "fields": {
    "session_data": ".eJxVjjsOwjAQRO_iGln-yklKes5gjb1rEkAJipMKcXewlALaeTNP8xIR-zbGvfIaJxKDMOL0myXkO88N0A3zdZF5mbd1SrJV5EGrvCzEj_PR_ROMqON3nYKzSoOSt9YA1rJP8KZouD4HogJCVlmHYgz3Fsjadz5rx0oF17VXU411f_LatGIoeFR-fwDnpUAT:1s6R9m:qyY_lFApfV6G3NPniA1Nzshbmg-FY9fJYvUlZu5IFRs",
    "expire_date": "2024-05-27T08:35:38.574Z"
  }
},
{
  "model": "sessions.session",
  "pk": "kml4rul4ztacc8rth3cm01bw5x5i983r",
  "fields": {
    "session_data": ".eJxVjDsOgzAQBe_iOrLWBptPmT5nsNa7SyCJANm4inL3gESRtG_mzVsFLNsYSpYUJla9Muryu0Wkp8wH4AfO90XTMm9pivpQ9Emzvi0sr-vp_gVGzOP-loYHdrECh-Qje0CBCtC4drDka0RjW4hkGts5Ai-NjSI8CIN0Rmrao1MOuaySjqzqt1Tk8wW8ZUBn:1pU3v8:fiZm-IlzIW779V5YsFMBp0JR4B4L2Jft8b9ZHIKdGn4",
    "expire_date": "2023-03-06T11:01:22.209Z"
  }
},
{
  "model": "sessions.session",
  "pk": "mapudo1arv41bj7qaevnliswe5d9l6tu",
  "fields": {
    "session_data": ".eJxVjEEOwiAQRe_C2hAybWHo0r1nIAMMgjatKe3KeHdL0oVu_3v_vYWjfctur7y6EsUoQFx-N0_hyXMD8UHzfZFhmbe1eNkUedIqb0vk6Xq6f4FMNR9vqw3rHjwmJLJoAJSyqU8QPcTENmjGDjwjQlM9DxBUT6HDCIaSOqKlurq_eG1ZMSaaKn--zyE_-w:1pU2E1:GrhctJb4A0BHVABE_4btsX6s-BtlIgVJsGHnI_I6ukM",
    "expire_date": "2023-03-06T09:12:45.111Z"
  }
},
{
  "model": "sessions.session",
  "pk": "owt532l68p5tnjt8utn8fg5q06vsiwmw",
  "fields": {
    "session_data": ".eJxVjEEOgyAQRe_CuiEIo4jL7nsGMjBDtW3UgKya3r2auGi3_73_3sJj3UZfC2c_kRiEFZffLWB88nwAeuB8X2Rc5i1PQR6KPGmRt4X4dT3dv8CIZdzfOnZsnU5Guw6MSx0y9GwILTrVABIF2yvqGSIlpU1yChib1DK3FgLs0an4UlfOR1YMW678-QKagj_Z:1qdoy7:ikguhaQ5OjgCpnqvgjdUBVUxwwsYoewvRLjwf1Cl2SA",
    "expire_date": "2023-09-20T09:37:03.276Z"
  }
},
{
  "model": "sessions.session",
  "pk": "qs3salfoousndtiocd7snght5kg0w4zb",
  "fields": {
    "session_data": ".eJxVjEEOwiAQRe_C2hAYoNQu3XsGwgyDrZrWQFkZ726bdKHb_95_bxFiW8fQKpcwJTEILU6_G0Z68LyDdI_zbZG0zGuZUO6KPGiV1yXx83K4f4Ex1nF7O0Ai68FFdqlPkdH1nBUmC-SzNqAUeaMMGtuBBsAz6q7LtrfaGqdoi0411PbismfFsJbGny-LGT7k:1t2n2j:YDC2Cf0jBM0mhlVVku3Qfo9aFHRcqtH62SD0b3-aheE",
    "expire_date": "2024-11-04T07:41:33.144Z"
  }
},
{
  "model": "sessions.session",
  "pk": "vtnt5jh48qc9lm3apgq6ppwyqwbsmbkc",
  "fields": {
    "session_data": ".eJxVjDsOgzAQBe_iOrLWBptPmT5nsNa7SyCJANm4inL3gESRtG_mzVsFLNsYSpYUJla9Muryu0Wkp8wH4AfO90XTMm9pivpQ9Emzvi0sr-vp_gVGzOP-loYHdrECh-Qje0CBCtC4drDka0RjW4hkGts5Ai-NjSI8CIN0Rmrao1MOuaySjqzqt1Tk8wW8ZUBn:1pSDwg:7aeBahHYeqv4iuCmRuzXy6KRCL7lDDZm5OntHf58-jQ",
    "expire_date": "2023-03-01T09:19:22.771Z"
  }
},
{
  "model": "sessions.session",
  "pk": "w3iepd6fu5cfao0mpwh97dp39fgh7ujn",
  "fields": {
    "session_data": ".eJxVjEEOwiAQRe_C2hAYoNQu3XsGwgyDrZrWQFkZ726bdKHb_95_bxFiW8fQKpcwJTEILU6_G0Z68LyDdI_zbZG0zGuZUO6KPGiV1yXx83K4f4Ex1nF7O0Ai68FFdqlPkdH1nBUmC-SzNqAUeaMMGtuBBsAz6q7LtrfaGqdoi0411PbismfFsJbGny-LGT7k:1rm8cG:YKlIkAtjptFKY3cmZkt8jsVLAhI7ajhEUr0BE4D7S5Y",
    "expire_date": "2024-04-01T08:45:08.164Z"
  }
},
{
  "model": "sessions.session",
  "pk": "w453g709b692nhazunuecnfofjhuunc9",
  "fields": {
    "session_data": ".eJxVjEEOwiAQRe_C2hBLgYEu3XsGMjCDrZrWQFkZ726bdKHb_95_bxGwrWNolUuYSAwCxOl3i5gePO-A7jjfFpmWeS1TlLsiD1rldSF-Xg73LzBiHbe3AYuWLHcZbEq-d2CdBuNVZtKgQQGyJ9tpb8AZh4bOPlM0kFH1KastOtVQ24vLnhXDWhp_vm-8PxQ:1stNwg:MDEmEu3ELWw44tH7DKm_nXI8QNDrElLBynYQvxAVnIA",
    "expire_date": "2024-10-09T09:04:26.484Z"
  }
},
{
  "model": "sessions.session",
  "pk": "xr2f11xvpnjni8sglzva93j2o99ewpvp",
  "fields": {
    "session_data": ".eJxVjEFuwyAQRe_CurJiYhrjZfc9w2gYhpgWQQQ4rhrl7sWtF_Vu3rz__0Os_huzhbomcEg1ZQjp6iPcPa9ieohS-SamuITw8nuDxYpNPHd0PnD5Y_6qGf_5OwbfiC0cis0ALnWGpXAGb8UkpDj8DNInx03YD4zX1FGKNXvTbZFut6V7T5bD2549DMxY5tamQepxYLJKqn7ojVXEqDUijwP1ozqfWCppsHdn50jj5ZUvo1Et4U5aErZRX6AsN87brJgchsLPH855a-Q:1uBrWu:1xpk8hXQE4WXtQJFl7-fd-1WiF-vSyqwoWIRFTXF-ec",
    "expire_date": "2025-05-19T08:50:28.424Z"
  }
}
]
