[
{
  "model": "NearBeach.document",
  "pk": "2fc398ee-d12b-4f60-9ecb-40199ac74f13",
  "fields": {
    "date_created": "2023-02-22T09:18:33.040Z",
    "date_modified": "2023-02-22T09:18:33.040Z",
    "change_user": 1,
    "creation_user": 1,
    "is_deleted": false,
    "description": "NearBeach Homepage",
    "url_location": "https://nearbeach.org",
    "document": "",
    "upload_successfully": false,
    "is_purged": false
  }
},
{
  "model": "NearBeach.document",
  "pk": "80a7bd50-eba9-49f8-a55c-d1febd052ab9",
  "fields": {
    "date_created": "2023-02-22T09:18:51.309Z",
    "date_modified": "2023-02-22T09:18:51.309Z",
    "change_user": 1,
    "creation_user": 1,
    "is_deleted": false,
    "description": "NearBeach Homepage",
    "url_location": "https://nearbeach.org",
    "document": "",
    "upload_successfully": false,
    "is_purged": false
  }
},
{
  "model": "NearBeach.organisation",
  "pk": 1,
  "fields": {
    "date_created": "2023-02-15T08:56:40.669Z",
    "date_modified": "2023-02-15T08:56:40.669Z",
    "change_user": 1,
    "creation_user": 1,
    "is_deleted": false,
    "name": "NearBeach Incorporate",
    "website": "https://nearbeach.org",
    "email": "support@nearbeach.org",
    "profile_picture": null
  }
},
{
  "model": "NearBeach.listoftitle",
  "pk": 1,
  "fields": {
    "date_created": "2023-02-15T08:51:58.374Z",
    "date_modified": "2023-02-15T08:51:58.374Z",
    "is_deleted": false,
    "title": "Mr",
    "change_user": null,
    "creation_user": null
  }
},
{
  "model": "NearBeach.listoftitle",
  "pk": 2,
  "fields": {
    "date_created": "2023-02-15T08:51:58.374Z",
    "date_modified": "2023-02-15T08:51:58.374Z",
    "is_deleted": false,
    "title": "Ms",
    "change_user": null,
    "creation_user": null
  }
},
{
  "model": "NearBeach.listoftitle",
  "pk": 3,
  "fields": {
    "date_created": "2023-02-15T08:51:58.374Z",
    "date_modified": "2023-02-15T08:51:58.374Z",
    "is_deleted": false,
    "title": "Mrs",
    "change_user": null,
    "creation_user": null
  }
},
{
  "model": "NearBeach.listoftitle",
  "pk": 4,
  "fields": {
    "date_created": "2023-02-15T08:51:58.374Z",
    "date_modified": "2023-02-15T08:51:58.374Z",
    "is_deleted": false,
    "title": "Mx",
    "change_user": null,
    "creation_user": null
  }
},
{
  "model": "NearBeach.customer",
  "pk": 1,
  "fields": {
    "date_created": "2023-02-15T08:57:03.560Z",
    "date_modified": "2023-02-15T08:57:03.560Z",
    "change_user": 1,
    "creation_user": 1,
    "is_deleted": false,
    "title": 2,
    "first_name": "Socks",
    "last_name": "Fluffy",
    "email": "socks@nearbeach.org",
    "profile_picture": null,
    "organisation": 1
  }
},
{
  "model": "NearBeach.listofrequirementstatus",
  "pk": 1,
  "fields": {
    "date_created": "2023-02-15T08:51:58.373Z",
    "date_modified": "2023-02-15T08:51:58.373Z",
    "is_deleted": false,
    "status": "Backlog",
    "higher_order_status": "Backlog",
    "sort_order": 1,
    "change_user": null,
    "creation_user": null
  }
},
{
  "model": "NearBeach.listofrequirementstatus",
  "pk": 2,
  "fields": {
    "date_created": "2023-02-15T08:51:58.373Z",
    "date_modified": "2023-02-15T08:51:58.373Z",
    "is_deleted": false,
    "status": "Blocked",
    "higher_order_status": "Blocked",
    "sort_order": 2,
    "change_user": null,
    "creation_user": null
  }
},
{
  "model": "NearBeach.listofrequirementstatus",
  "pk": 3,
  "fields": {
    "date_created": "2023-02-15T08:51:58.373Z",
    "date_modified": "2023-02-15T08:51:58.373Z",
    "is_deleted": false,
    "status": "In Progress",
    "higher_order_status": "Normal",
    "sort_order": 3,
    "change_user": null,
    "creation_user": null
  }
},
{
  "model": "NearBeach.listofrequirementstatus",
  "pk": 4,
  "fields": {
    "date_created": "2023-02-15T08:51:58.373Z",
    "date_modified": "2023-02-15T08:51:58.373Z",
    "is_deleted": false,
    "status": "Testing/Review",
    "higher_order_status": "Normal",
    "sort_order": 4,
    "change_user": null,
    "creation_user": null
  }
},
{
  "model": "NearBeach.listofrequirementstatus",
  "pk": 5,
  "fields": {
    "date_created": "2023-02-15T08:51:58.373Z",
    "date_modified": "2023-02-15T08:51:58.373Z",
    "is_deleted": false,
    "status": "Closed",
    "higher_order_status": "Closed",
    "sort_order": 5,
    "change_user": null,
    "creation_user": null
  }
},
{
  "model": "NearBeach.listofrequirementtype",
  "pk": 1,
  "fields": {
    "date_created": "2023-02-15T08:51:58.373Z",
    "date_modified": "2023-02-15T08:51:58.373Z",
    "is_deleted": false,
    "type": "Non Specific",
    "change_user": null,
    "creation_user": null
  }
},
{
  "model": "NearBeach.listofrequirementtype",
  "pk": 2,
  "fields": {
    "date_created": "2023-02-15T08:51:58.373Z",
    "date_modified": "2023-02-15T08:51:58.373Z",
    "is_deleted": false,
    "type": "Customer Requirements",
    "change_user": null,
    "creation_user": null
  }
},
{
  "model": "NearBeach.listofrequirementtype",
  "pk": 3,
  "fields": {
    "date_created": "2023-02-15T08:51:58.373Z",
    "date_modified": "2023-02-15T08:51:58.373Z",
    "is_deleted": false,
    "type": "System Requirements",
    "change_user": null,
    "creation_user": null
  }
},
{
  "model": "NearBeach.requirement",
  "pk": 1,
  "fields": {
    "date_created": "2023-02-15T09:17:21.805Z",
    "date_modified": "2023-02-15T09:17:21.805Z",
    "change_user": 1,
    "creation_user": 1,
    "is_deleted": false,
    "title": "Requirement - Administration",
    "description": "<p>Requirement - Administration</p>",
    "type": 2,
    "status": 3,
    "story_point_min": 1,
    "story_point_max": 4,
    "organisation": 1
  }
},
{
  "model": "NearBeach.requirement",
  "pk": 2,
  "fields": {
    "date_created": "2023-02-15T09:18:34.843Z",
    "date_modified": "2023-02-15T09:18:34.843Z",
    "change_user": 1,
    "creation_user": 1,
    "is_deleted": false,
    "title": "Requirement - QA Team",
    "description": "<p>Requirement - QA Team</p>",
    "type": 2,
    "status": 3,
    "story_point_min": 1,
    "story_point_max": 4,
    "organisation": 1
  }
},
{
  "model": "NearBeach.kanbanboard",
  "pk": 1,
  "fields": {
    "date_created": "2023-02-15T09:12:31.594Z",
    "date_modified": "2023-02-15T09:12:31.594Z",
    "change_user": 1,
    "creation_user": 1,
    "is_deleted": false,
    "requirement": null,
    "title": "Kanban Admin Only",
    "status": "Open"
  }
},
{
  "model": "NearBeach.kanbanboard",
  "pk": 2,
  "fields": {
    "date_created": "2023-02-15T09:13:17.992Z",
    "date_modified": "2023-02-15T09:13:17.992Z",
    "change_user": 1,
    "creation_user": 1,
    "is_deleted": false,
    "requirement": null,
    "title": "Kanban QA Team",
    "status": "Open"
  }
},
{
  "model": "NearBeach.kanbancolumn",
  "pk": 1,
  "fields": {
    "date_created": "2023-02-15T09:12:31.597Z",
    "date_modified": "2023-02-15T09:12:31.597Z",
    "change_user": 1,
    "creation_user": 1,
    "is_deleted": false,
    "name": "Backlog",
    "property": "Normal",
    "sort_number": 0,
    "kanban_board": 1
  }
},
{
  "model": "NearBeach.kanbancolumn",
  "pk": 2,
  "fields": {
    "date_created": "2023-02-15T09:12:31.599Z",
    "date_modified": "2023-02-15T09:12:31.599Z",
    "change_user": 1,
    "creation_user": 1,
    "is_deleted": false,
    "name": "Blocked",
    "property": "Blocked",
    "sort_number": 1,
    "kanban_board": 1
  }
},
{
  "model": "NearBeach.kanbancolumn",
  "pk": 3,
  "fields": {
    "date_created": "2023-02-15T09:12:31.600Z",
    "date_modified": "2023-02-15T09:12:31.600Z",
    "change_user": 1,
    "creation_user": 1,
    "is_deleted": false,
    "name": "In Progress",
    "property": "Normal",
    "sort_number": 2,
    "kanban_board": 1
  }
},
{
  "model": "NearBeach.kanbancolumn",
  "pk": 4,
  "fields": {
    "date_created": "2023-02-15T09:12:31.600Z",
    "date_modified": "2023-02-15T09:12:31.601Z",
    "change_user": 1,
    "creation_user": 1,
    "is_deleted": false,
    "name": "Review and QA",
    "property": "Normal",
    "sort_number": 3,
    "kanban_board": 1
  }
},
{
  "model": "NearBeach.kanbancolumn",
  "pk": 5,
  "fields": {
    "date_created": "2023-02-15T09:12:31.601Z",
    "date_modified": "2023-02-15T09:12:31.602Z",
    "change_user": 1,
    "creation_user": 1,
    "is_deleted": false,
    "name": "Completed",
    "property": "Closed",
    "sort_number": 4,
    "kanban_board": 1
  }
},
{
  "model": "NearBeach.kanbancolumn",
  "pk": 6,
  "fields": {
    "date_created": "2023-02-15T09:13:17.995Z",
    "date_modified": "2023-02-15T09:13:17.995Z",
    "change_user": 1,
    "creation_user": 1,
    "is_deleted": false,
    "name": "Backlog",
    "property": "Normal",
    "sort_number": 0,
    "kanban_board": 2
  }
},
{
  "model": "NearBeach.kanbancolumn",
  "pk": 7,
  "fields": {
    "date_created": "2023-02-15T09:13:17.996Z",
    "date_modified": "2023-02-15T09:13:17.996Z",
    "change_user": 1,
    "creation_user": 1,
    "is_deleted": false,
    "name": "Blocked",
    "property": "Blocked",
    "sort_number": 1,
    "kanban_board": 2
  }
},
{
  "model": "NearBeach.kanbancolumn",
  "pk": 8,
  "fields": {
    "date_created": "2023-02-15T09:13:17.997Z",
    "date_modified": "2023-02-15T09:13:17.997Z",
    "change_user": 1,
    "creation_user": 1,
    "is_deleted": false,
    "name": "In Progress",
    "property": "Normal",
    "sort_number": 2,
    "kanban_board": 2
  }
},
{
  "model": "NearBeach.kanbancolumn",
  "pk": 9,
  "fields": {
    "date_created": "2023-02-15T09:13:17.998Z",
    "date_modified": "2023-02-15T09:13:17.998Z",
    "change_user": 1,
    "creation_user": 1,
    "is_deleted": false,
    "name": "Review and QA",
    "property": "Normal",
    "sort_number": 3,
    "kanban_board": 2
  }
},
{
  "model": "NearBeach.kanbancolumn",
  "pk": 10,
  "fields": {
    "date_created": "2023-02-15T09:13:17.999Z",
    "date_modified": "2023-02-15T09:13:17.999Z",
    "change_user": 1,
    "creation_user": 1,
    "is_deleted": false,
    "name": "Completed",
    "property": "Closed",
    "sort_number": 4,
    "kanban_board": 2
  }
},
{
  "model": "NearBeach.kanbanlevel",
  "pk": 1,
  "fields": {
    "date_created": "2023-02-15T09:12:31.603Z",
    "date_modified": "2023-02-15T09:12:31.603Z",
    "change_user": 1,
    "creation_user": 1,
    "is_deleted": false,
    "name": "Sprint 1",
    "sort_number": 0,
    "kanban_board": 1
  }
},
{
  "model": "NearBeach.kanbanlevel",
  "pk": 2,
  "fields": {
    "date_created": "2023-02-15T09:12:31.604Z",
    "date_modified": "2023-02-15T09:12:31.604Z",
    "change_user": 1,
    "creation_user": 1,
    "is_deleted": false,
    "name": "Sprint 2",
    "sort_number": 1,
    "kanban_board": 1
  }
},
{
  "model": "NearBeach.kanbanlevel",
  "pk": 3,
  "fields": {
    "date_created": "2023-02-15T09:13:18Z",
    "date_modified": "2023-02-15T09:13:18Z",
    "change_user": 1,
    "creation_user": 1,
    "is_deleted": false,
    "name": "Sprint 1",
    "sort_number": 0,
    "kanban_board": 2
  }
},
{
  "model": "NearBeach.kanbanlevel",
  "pk": 4,
  "fields": {
    "date_created": "2023-02-15T09:13:18.001Z",
    "date_modified": "2023-02-15T09:13:18.001Z",
    "change_user": 1,
    "creation_user": 1,
    "is_deleted": false,
    "name": "Sprint 2",
    "sort_number": 1,
    "kanban_board": 2
  }
},
{
  "model": "NearBeach.listofprojectstatus",
  "pk": 1,
  "fields": {
    "date_created": "2023-12-28T04:35:43.322Z",
    "date_modified": "2023-12-28T04:35:43.323Z",
    "is_deleted": false,
    "status": "New",
    "higher_order_status": "Backlog",
    "sort_order": 1,
    "change_user": null,
    "creation_user": null
  }
},
{
  "model": "NearBeach.listofprojectstatus",
  "pk": 2,
  "fields": {
    "date_created": "2023-12-28T04:35:43.323Z",
    "date_modified": "2023-12-28T04:35:43.323Z",
    "is_deleted": false,
    "status": "Backlog",
    "higher_order_status": "Backlog",
    "sort_order": 2,
    "change_user": null,
    "creation_user": null
  }
},
{
  "model": "NearBeach.listofprojectstatus",
  "pk": 3,
  "fields": {
    "date_created": "2023-12-28T04:35:43.323Z",
    "date_modified": "2023-12-28T04:35:43.323Z",
    "is_deleted": false,
    "status": "Blocked",
    "higher_order_status": "Blocked",
    "sort_order": 3,
    "change_user": null,
    "creation_user": null
  }
},
{
  "model": "NearBeach.listofprojectstatus",
  "pk": 4,
  "fields": {
    "date_created": "2023-12-28T04:35:43.323Z",
    "date_modified": "2023-12-28T04:35:43.323Z",
    "is_deleted": false,
    "status": "In Progress",
    "higher_order_status": "Normal",
    "sort_order": 4,
    "change_user": null,
    "creation_user": null
  }
},
{
  "model": "NearBeach.listofprojectstatus",
  "pk": 5,
  "fields": {
    "date_created": "2023-12-28T04:35:43.323Z",
    "date_modified": "2023-12-28T04:35:43.323Z",
    "is_deleted": false,
    "status": "Test/Review",
    "higher_order_status": "Normal",
    "sort_order": 5,
    "change_user": null,
    "creation_user": null
  }
},
{
  "model": "NearBeach.listofprojectstatus",
  "pk": 6,
  "fields": {
    "date_created": "2023-12-28T04:35:43.323Z",
    "date_modified": "2023-12-28T04:35:43.323Z",
    "is_deleted": false,
    "status": "Closed",
    "higher_order_status": "Closed",
    "sort_order": 6,
    "change_user": null,
    "creation_user": null
  }
},
{
  "model": "NearBeach.project",
  "pk": 1,
  "fields": {
    "date_created": "2023-02-15T09:13:53.432Z",
    "date_modified": "2023-02-15T09:13:53.432Z",
    "change_user": 1,
    "creation_user": 1,
    "is_deleted": false,
    "title": "Project - Only Administration",
    "description": "<p>Project - Only Administration</p>",
    "organisation": 1,
    "start_date": "2023-02-14T22:00:00Z",
    "end_date": "2023-03-01T05:00:00Z",
    "status": 1,
    "story_point": 1,
    "priority": 2
  }
},
{
  "model": "NearBeach.project",
  "pk": 2,
  "fields": {
    "date_created": "2023-02-15T09:14:14.985Z",
    "date_modified": "2023-02-15T09:14:14.985Z",
    "change_user": 1,
    "creation_user": 1,
    "is_deleted": false,
    "title": "Project - QA Team",
    "description": "<p>Project - QA Team</p>",
    "organisation": 1,
    "start_date": "2023-02-14T22:00:00Z",
    "end_date": "2023-03-01T05:00:00Z",
    "status": 1,
    "story_point": 1,
    "priority": 2
  }
},
{
  "model": "NearBeach.listofrequirementitemstatus",
  "pk": 1,
  "fields": {
    "date_created": "2023-02-15T08:51:58.372Z",
    "date_modified": "2023-02-15T08:51:58.372Z",
    "is_deleted": false,
    "status": "Draft",
    "higher_order_status": "Backlog",
    "sort_order": 1,
    "change_user": null,
    "creation_user": null
  }
},
{
  "model": "NearBeach.listofrequirementitemstatus",
  "pk": 2,
  "fields": {
    "date_created": "2023-02-15T08:51:58.372Z",
    "date_modified": "2023-02-15T08:51:58.372Z",
    "is_deleted": false,
    "status": "Review",
    "higher_order_status": "Backlog",
    "sort_order": 2,
    "change_user": null,
    "creation_user": null
  }
},
{
  "model": "NearBeach.listofrequirementitemstatus",
  "pk": 3,
  "fields": {
    "date_created": "2023-02-15T08:51:58.372Z",
    "date_modified": "2023-02-15T08:51:58.372Z",
    "is_deleted": false,
    "status": "Developing/Working",
    "higher_order_status": "Normal",
    "sort_order": 3,
    "change_user": null,
    "creation_user": null
  }
},
{
  "model": "NearBeach.listofrequirementitemstatus",
  "pk": 4,
  "fields": {
    "date_created": "2023-02-15T08:51:58.372Z",
    "date_modified": "2023-02-15T08:51:58.372Z",
    "is_deleted": false,
    "status": "Testing",
    "higher_order_status": "Normal",
    "sort_order": 4,
    "change_user": null,
    "creation_user": null
  }
},
{
  "model": "NearBeach.listofrequirementitemstatus",
  "pk": 5,
  "fields": {
    "date_created": "2023-02-15T08:51:58.372Z",
    "date_modified": "2023-02-15T08:51:58.372Z",
    "is_deleted": false,
    "status": "User Acceptance Testing",
    "higher_order_status": "Normal",
    "sort_order": 5,
    "change_user": null,
    "creation_user": null
  }
},
{
  "model": "NearBeach.listofrequirementitemstatus",
  "pk": 6,
  "fields": {
    "date_created": "2023-02-15T08:51:58.372Z",
    "date_modified": "2023-02-15T08:51:58.372Z",
    "is_deleted": false,
    "status": "Rework",
    "higher_order_status": "Normal",
    "sort_order": 6,
    "change_user": null,
    "creation_user": null
  }
},
{
  "model": "NearBeach.listofrequirementitemstatus",
  "pk": 7,
  "fields": {
    "date_created": "2023-02-15T08:51:58.372Z",
    "date_modified": "2023-02-15T08:51:58.372Z",
    "is_deleted": false,
    "status": "Implemented",
    "higher_order_status": "Closed",
    "sort_order": 7,
    "change_user": null,
    "creation_user": null
  }
},
{
  "model": "NearBeach.listofrequirementitemstatus",
  "pk": 8,
  "fields": {
    "date_created": "2023-02-15T08:51:58.372Z",
    "date_modified": "2023-02-15T08:51:58.372Z",
    "is_deleted": false,
    "status": "Finish",
    "higher_order_status": "Closed",
    "sort_order": 8,
    "change_user": null,
    "creation_user": null
  }
},
{
  "model": "NearBeach.listofrequirementitemstatus",
  "pk": 9,
  "fields": {
    "date_created": "2023-02-15T08:51:58.372Z",
    "date_modified": "2023-02-15T08:51:58.372Z",
    "is_deleted": false,
    "status": "Not Tested",
    "higher_order_status": "Normal",
    "sort_order": 9,
    "change_user": null,
    "creation_user": null
  }
},
{
  "model": "NearBeach.listofrequirementitemstatus",
  "pk": 10,
  "fields": {
    "date_created": "2023-02-15T08:51:58.372Z",
    "date_modified": "2023-02-15T08:51:58.372Z",
    "is_deleted": false,
    "status": "Obsolete",
    "higher_order_status": "Closed",
    "sort_order": 10,
    "change_user": null,
    "creation_user": null
  }
},
{
  "model": "NearBeach.listofrequirementitemtype",
  "pk": 1,
  "fields": {
    "date_created": "2023-02-15T08:51:58.372Z",
    "date_modified": "2023-02-15T08:51:58.372Z",
    "is_deleted": false,
    "type": "Informational",
    "change_user": null,
    "creation_user": null
  }
},
{
  "model": "NearBeach.listofrequirementitemtype",
  "pk": 2,
  "fields": {
    "date_created": "2023-02-15T08:51:58.372Z",
    "date_modified": "2023-02-15T08:51:58.372Z",
    "is_deleted": false,
    "type": "Feature",
    "change_user": null,
    "creation_user": null
  }
},
{
  "model": "NearBeach.listofrequirementitemtype",
  "pk": 3,
  "fields": {
    "date_created": "2023-02-15T08:51:58.372Z",
    "date_modified": "2023-02-15T08:51:58.372Z",
    "is_deleted": false,
    "type": "User Case",
    "change_user": null,
    "creation_user": null
  }
},
{
  "model": "NearBeach.listofrequirementitemtype",
  "pk": 4,
  "fields": {
    "date_created": "2023-02-15T08:51:58.372Z",
    "date_modified": "2023-02-15T08:51:58.372Z",
    "is_deleted": false,
    "type": "User Interface",
    "change_user": null,
    "creation_user": null
  }
},
{
  "model": "NearBeach.listofrequirementitemtype",
  "pk": 5,
  "fields": {
    "date_created": "2023-02-15T08:51:58.372Z",
    "date_modified": "2023-02-15T08:51:58.372Z",
    "is_deleted": false,
    "type": "Non Functional",
    "change_user": null,
    "creation_user": null
  }
},
{
  "model": "NearBeach.listofrequirementitemtype",
  "pk": 6,
  "fields": {
    "date_created": "2023-02-15T08:51:58.372Z",
    "date_modified": "2023-02-15T08:51:58.373Z",
    "is_deleted": false,
    "type": "Constraint",
    "change_user": null,
    "creation_user": null
  }
},
{
  "model": "NearBeach.listofrequirementitemtype",
  "pk": 7,
  "fields": {
    "date_created": "2023-02-15T08:51:58.373Z",
    "date_modified": "2023-02-15T08:51:58.373Z",
    "is_deleted": false,
    "type": "System Function",
    "change_user": null,
    "creation_user": null
  }
},
{
  "model": "NearBeach.requirementitem",
  "pk": 1,
  "fields": {
    "date_created": "2023-02-15T09:17:45.806Z",
    "date_modified": "2023-02-15T09:17:45.806Z",
    "change_user": 1,
    "creation_user": 1,
    "is_deleted": false,
    "requirement": 1,
    "title": "Requirement Item - Administration Only",
    "description": "<p>Requirement Item - Administration Only</p>",
    "status": 3,
    "type": 4,
    "story_point": 1,
    "priority": 2
  }
},
{
  "model": "NearBeach.requirementitem",
  "pk": 2,
  "fields": {
    "date_created": "2023-02-15T09:19:00.099Z",
    "date_modified": "2023-02-15T09:19:00.099Z",
    "change_user": 1,
    "creation_user": 1,
    "is_deleted": false,
    "requirement": 2,
    "title": "Requirement Item - QA Team",
    "description": "<p>Requirement Item - QA Team</p>",
    "status": 3,
    "type": 3,
    "story_point": 1,
    "priority": 2
  }
},
{
  "model": "NearBeach.listoftaskstatus",
  "pk": 1,
  "fields": {
    "date_created": "2023-12-28T04:35:43.324Z",
    "date_modified": "2023-12-28T04:35:43.324Z",
    "is_deleted": false,
    "status": "New",
    "higher_order_status": "Backlog",
    "sort_order": 1,
    "change_user": null,
    "creation_user": null
  }
},
{
  "model": "NearBeach.listoftaskstatus",
  "pk": 2,
  "fields": {
    "date_created": "2023-12-28T04:35:43.324Z",
    "date_modified": "2023-12-28T04:35:43.324Z",
    "is_deleted": false,
    "status": "Backlog",
    "higher_order_status": "Backlog",
    "sort_order": 2,
    "change_user": null,
    "creation_user": null
  }
},
{
  "model": "NearBeach.listoftaskstatus",
  "pk": 3,
  "fields": {
    "date_created": "2023-12-28T04:35:43.324Z",
    "date_modified": "2023-12-28T04:35:43.324Z",
    "is_deleted": false,
    "status": "Blocked",
    "higher_order_status": "Blocked",
    "sort_order": 3,
    "change_user": null,
    "creation_user": null
  }
},
{
  "model": "NearBeach.listoftaskstatus",
  "pk": 4,
  "fields": {
    "date_created": "2023-12-28T04:35:43.324Z",
    "date_modified": "2023-12-28T04:35:43.324Z",
    "is_deleted": false,
    "status": "In Progress",
    "higher_order_status": "Normal",
    "sort_order": 4,
    "change_user": null,
    "creation_user": null
  }
},
{
  "model": "NearBeach.listoftaskstatus",
  "pk": 5,
  "fields": {
    "date_created": "2023-12-28T04:35:43.324Z",
    "date_modified": "2023-12-28T04:35:43.324Z",
    "is_deleted": false,
    "status": "Test/Review",
    "higher_order_status": "Normal",
    "sort_order": 5,
    "change_user": null,
    "creation_user": null
  }
},
{
  "model": "NearBeach.listoftaskstatus",
  "pk": 6,
  "fields": {
    "date_created": "2023-12-28T04:35:43.324Z",
    "date_modified": "2023-12-28T04:35:43.324Z",
    "is_deleted": false,
    "status": "Closed",
    "higher_order_status": "Closed",
    "sort_order": 6,
    "change_user": null,
    "creation_user": null
  }
},
{
  "model": "NearBeach.task",
  "pk": 1,
  "fields": {
    "date_created": "2023-02-15T09:19:37.972Z",
    "date_modified": "2023-02-15T09:19:37.972Z",
    "change_user": 1,
    "creation_user": 1,
    "is_deleted": false,
    "title": "Task - Administration",
    "description": "<p>Task - Administration</p>",
    "organisation": 1,
    "start_date": "2023-02-14T22:00:00Z",
    "end_date": "2023-03-01T05:00:00Z",
    "assigned_to": null,
    "status": 1,
    "story_point": 1,
    "priority": 2
  }
},
{
  "model": "NearBeach.task",
  "pk": 2,
  "fields": {
    "date_created": "2023-02-15T09:19:58.920Z",
    "date_modified": "2023-02-15T09:19:58.920Z",
    "change_user": 1,
    "creation_user": 1,
    "is_deleted": false,
    "title": "Task - QA Team",
    "description": "<p>Task - QA Team</p>",
    "organisation": 1,
    "start_date": "2023-02-14T22:00:00Z",
    "end_date": "2023-03-01T05:00:00Z",
    "assigned_to": null,
    "status": 1,
    "story_point": 1,
    "priority": 2
  }
},
{
  "model": "NearBeach.kanbancard",
  "pk": 1,
  "fields": {
    "date_created": "2023-02-15T09:12:40.336Z",
    "date_modified": "2024-02-05T09:45:14.014Z",
    "change_user": 1,
    "creation_user": 1,
    "is_deleted": false,
    "title": "Administration Card",
    "description": "",
    "sort_number": 0,
    "kanban_level": 1,
    "kanban_column": 1,
    "kanban_board": 1,
    "priority": 2,
    "project": null,
    "task": null,
    "requirement": null,
    "requirement_item": null,
    "is_archived": false
  }
},
{
  "model": "NearBeach.kanbancard",
  "pk": 2,
  "fields": {
    "date_created": "2023-02-15T09:13:24.890Z",
    "date_modified": "2023-02-20T11:00:44.424Z",
    "change_user": 1,
    "creation_user": 1,
    "is_deleted": false,
    "title": "QA Team Card",
    "description": "",
    "sort_number": 0,
    "kanban_level": 3,
    "kanban_column": 6,
    "kanban_board": 2,
    "priority": 2,
    "project": null,
    "task": null,
    "requirement": null,
    "requirement_item": null,
    "is_archived": false
  }
},
{
  "model": "NearBeach.requestforchange",
  "pk": 1,
  "fields": {
    "date_created": "2023-02-15T09:15:05.013Z",
    "date_modified": "2023-02-15T09:15:05.013Z",
    "change_user": 1,
    "creation_user": 1,
    "is_deleted": false,
    "title": "RFC - Admin",
    "description": "<p>Request for Change - admin</p>",
    "type": 2,
    "implementation_start_date": "2023-02-14T22:00:00Z",
    "implementation_end_date": "2023-03-01T05:00:00Z",
    "implementation_release_date": "2023-03-01T06:00:00Z",
    "version_number": "0.30.0",
    "status": 1,
    "lead": 1,
    "priority": 2,
    "risk": 3,
    "impact": 2,
    "risk_and_impact_analysis": "<p>Risk Association</p>",
    "implementation_plan": "<p>Implementation Plan</p>",
    "backout_plan": "<p>Backout plan</p>",
    "test_plan": "<p>Test Plan</p>"
  }
},
{
  "model": "NearBeach.requestforchange",
  "pk": 2,
  "fields": {
    "date_created": "2023-02-15T09:16:25.935Z",
    "date_modified": "2023-02-15T09:16:25.935Z",
    "change_user": 1,
    "creation_user": 1,
    "is_deleted": false,
    "title": "RFC - QA Team",
    "description": "<p>Request For Change - QA Team</p>",
    "type": 2,
    "implementation_start_date": "2023-02-14T22:00:00Z",
    "implementation_end_date": "2023-03-01T05:00:00Z",
    "implementation_release_date": "2023-03-01T06:00:00Z",
    "version_number": "0.30.0",
    "status": 1,
    "lead": 1,
    "priority": 2,
    "risk": 3,
    "impact": 2,
    "risk_and_impact_analysis": "<p>Risk Association</p>",
    "implementation_plan": "<p>Implementation Plan</p>",
    "backout_plan": "<p>Backout Plan</p>",
    "test_plan": "<p>Test Plan</p>"
  }
},
{
  "model": "NearBeach.documentpermission",
  "pk": 1,
  "fields": {
    "date_created": "2023-02-22T09:18:33.044Z",
    "date_modified": "2023-02-22T09:18:33.044Z",
    "change_user": 1,
    "creation_user": 1,
    "is_deleted": false,
    "organisation": null,
    "customer": null,
    "requirement": null,
    "project": 1,
    "requirement_item": null,
    "task": null,
    "kanban_card": null,
    "request_for_change": null,
    "document": "2fc398ee-d12b-4f60-9ecb-40199ac74f13",
    "user": null,
    "new_object": null,
    "folder": null,
    "is_profile_picture": false,
    "is_purged": false
  }
},
{
  "model": "NearBeach.documentpermission",
  "pk": 2,
  "fields": {
    "date_created": "2023-02-22T09:18:51.313Z",
    "date_modified": "2023-02-22T09:18:51.313Z",
    "change_user": 1,
    "creation_user": 1,
    "is_deleted": false,
    "organisation": null,
    "customer": null,
    "requirement": null,
    "project": 2,
    "requirement_item": null,
    "task": null,
    "kanban_card": null,
    "request_for_change": null,
    "document": "80a7bd50-eba9-49f8-a55c-d1febd052ab9",
    "user": null,
    "new_object": null,
    "folder": null,
    "is_profile_picture": false,
    "is_purged": false
  }
},
{
  "model": "NearBeach.group",
  "pk": 1,
  "fields": {
    "date_created": "2023-02-15T08:56:14.216Z",
    "date_modified": "2023-02-15T08:56:14.216Z",
    "change_user": 1,
    "creation_user": 1,
    "is_deleted": false,
    "name": "Administration",
    "parent_group": null
  }
},
{
  "model": "NearBeach.group",
  "pk": 2,
  "fields": {
    "date_created": "2023-02-15T08:57:34.987Z",
    "date_modified": "2023-02-15T08:57:34.987Z",
    "change_user": 1,
    "creation_user": 1,
    "is_deleted": false,
    "name": "QA Team",
    "parent_group": null
  }
},
{
  "model": "NearBeach.group",
  "pk": 3,
  "fields": {
    "date_created": "2023-02-15T08:57:47.633Z",
    "date_modified": "2023-02-15T08:57:47.633Z",
    "change_user": 1,
    "creation_user": 1,
    "is_deleted": false,
    "name": "Empty Group",
    "parent_group": null
  }
},
{
  "model": "NearBeach.group",
  "pk": 4,
  "fields": {
    "date_created": "2023-02-15T08:57:55.934Z",
    "date_modified": "2023-02-15T08:57:55.934Z",
    "change_user": 1,
    "creation_user": 1,
    "is_deleted": false,
    "name": "No Group",
    "parent_group": null
  }
},
{
  "model": "NearBeach.extendsauthtoken",
  "pk": "1cb749ee06e48ffb1ea912652dd74a991d05376fa2510bf814a186615d17024fdeb5fbfd972aeb95a00ffc9364fe7c81d1b3cc46feec9483a70adbb7372d4c9d",
  "fields": {
    "description": "",
    "change_user": 1
  }
},
{
  "model": "NearBeach.extendsauthtoken",
  "pk": "2cb4125ce45a670f42ae1915d78b5ec7a665eb8ba6a475a39e7234ffc400f069b26f4d51136396bf30767e3d4044558a690b6dd0643cc2bfa1954ec2949c6c4b",
  "fields": {
    "description": "",
    "change_user": 1
  }
},
{
  "model": "NearBeach.extendsauthtoken",
  "pk": "5c562553b64ec438cc36e85cf3eef33dbce7bfd719ecad9e2e29dd0ca085b57bfd9277f2b7ec12f638349a9949df0fc44fd56a8a9254839760f77e418dbba1be",
  "fields": {
    "description": "Api Key",
    "change_user": 1
  }
},
{
  "model": "NearBeach.extendsauthtoken",
  "pk": "608769efc72a579e4092e704b424db36c719d88e60dac9e544784dc9acab868ac9a8c53b2f8c27e69c2569d85e3a6476ee994d1b071c0ff335c63be035d8e5a4",
  "fields": {
    "description": "",
    "change_user": 1
  }
},
{
  "model": "NearBeach.extendsauthtoken",
  "pk": "9efa2641316d368480956df9c632f09973a7ef27b375eed8c77c41439cd7f30db38b6d4cafa676f3774e20b5200787419bc7ae53b08c70cfb5d35effbf3df518",
  "fields": {
    "description": "",
    "change_user": 1
  }
},
{
  "model": "NearBeach.extendsauthtoken",
  "pk": "b160c9b126e95d65566a3099c8de84bba41734b0877429e3359b4bd13ac9ddccdc779fd6cbd1b0e25ec74b53398b523f5b7cea97999ed8fb3058fe6274d4e2c5",
  "fields": {
    "description": "",
    "change_user": 1
  }
},
{
  "model": "NearBeach.extendsauthtoken",
  "pk": "b171178a441ac13f376013aebb2ec9190b5cd47d9e779f51e59cc33d017924ec170226a87fee8a314a840e80a08b84d76edd9587bbda3ee3b1a3936076f9fe98",
  "fields": {
    "description": "",
    "change_user": 1
  }
},
{
  "model": "NearBeach.extendsauthtoken",
  "pk": "fa9c312d26cc30d421425b2b15391dad85377ef824e010236cda6b1b86f8712acd4f07f39828c5bb9600960a470666e58b23b5fb31055c4621d33c76edb9618a",
  "fields": {
    "description": "",
    "change_user": 1
  }
},
{
  "model": "NearBeach.notification",
  "pk": 1,
  "fields": {
    "date_created": "2023-11-15T11:05:26.869Z",
    "date_modified": "2023-11-15T11:05:26.869Z",
    "change_user": 1,
    "creation_user": 1,
    "is_deleted": false,
    "header": "A simple notification for everyone",
    "message": "Please ignore - this is a fixture notification",
    "start_date": "2023-11-14T22:00:00Z",
    "end_date": "2099-11-27T05:00:00Z",
    "location": "all"
  }
},
{
  "model": "NearBeach.objecttemplate",
  "pk": 1,
  "fields": {
    "date_created": "2024-10-18T08:41:37.261Z",
    "date_modified": "2024-10-18T10:44:34.053Z",
    "change_user": 7,
    "creation_user": 1,
    "is_deleted": false,
    "type": 1,
    "json": {
      "object_type": "task",
      "object_title": "App Pool Recycle",
      "object_description": "<p>Can someone please run an app pool recycle</p>",
      "object_organisation": 1,
      "object_start_date": "2024-10-17T22:00:00Z",
      "object_end_date": "2024-11-01T05:00:00Z",
      "uuid": "ce8c05db-20df-4ada-b064-c8e9d72fc3eb"
    }
  }
},
{
  "model": "NearBeach.objecttemplate",
  "pk": 2,
  "fields": {
    "date_created": "2024-10-18T08:42:25.245Z",
    "date_modified": "2024-10-18T11:16:23.382Z",
    "change_user": 7,
    "creation_user": 1,
    "is_deleted": false,
    "type": 1,
    "json": {
      "object_type": "task",
      "object_title": "Weekly Monday Report",
      "object_description": "<p>Weekly Monday Report</p>",
      "object_organisation": 1,
      "object_start_date": "2024-10-17T22:00:00Z",
      "object_end_date": "2024-11-01T05:00:00Z",
      "uuid": "76f61f6a-67f8-4c99-bd7c-cad352a78165"
    }
  }
},
{
  "model": "NearBeach.objecttemplate",
  "pk": 3,
  "fields": {
    "date_created": "2024-10-18T08:49:33.486Z",
    "date_modified": "2024-10-18T10:47:12.799Z",
    "change_user": 7,
    "creation_user": 1,
    "is_deleted": false,
    "type": 1,
    "json": {
      "object_type": "task",
      "object_title": "Trim Beard",
      "object_description": "<p>Trim beard and go to parents place</p>",
      "object_organisation": 1,
      "object_start_date": "2024-10-17T22:00:00Z",
      "object_end_date": "2024-11-01T05:00:00Z",
      "uuid": "24ee3bd1-591c-44d7-8292-401d487ca4a3"
    }
  }
},
{
  "model": "NearBeach.objecttemplate",
  "pk": 4,
  "fields": {
    "date_created": "2024-10-18T08:50:08.220Z",
    "date_modified": "2024-10-18T11:16:34.613Z",
    "change_user": 7,
    "creation_user": 1,
    "is_deleted": false,
    "type": 0,
    "json": {
      "object_type": "project",
      "object_title": "Monthly Budgeting Report",
      "object_description": "<p>Monthly Budgeting Report</p>",
      "object_organisation": 1,
      "object_start_date": "2024-10-17T22:00:00Z",
      "object_end_date": "2024-11-01T05:00:00Z",
      "uuid": "22d50f6a-9df0-402b-86ff-f9e02980c841"
    }
  }
},
{
  "model": "NearBeach.objecttemplate",
  "pk": 5,
  "fields": {
    "date_created": "2024-10-18T08:50:37.061Z",
    "date_modified": "2024-10-18T11:16:12.833Z",
    "change_user": 7,
    "creation_user": 1,
    "is_deleted": false,
    "type": 0,
    "json": {
      "object_type": "project",
      "object_title": "End of Month Report",
      "object_description": "<p>End of Month Report</p>",
      "object_organisation": 1,
      "object_start_date": "2024-10-17T22:00:00Z",
      "object_end_date": "2024-11-01T05:00:00Z",
      "uuid": "fbc54001-f78e-4ae6-ba75-374dfa801160"
    }
  }
},
{
  "model": "NearBeach.objecttemplate",
  "pk": 6,
  "fields": {
    "date_created": "2024-10-18T08:51:18.928Z",
    "date_modified": "2024-10-18T10:47:33.091Z",
    "change_user": 7,
    "creation_user": 1,
    "is_deleted": false,
    "type": 0,
    "json": {
      "object_type": "project",
      "object_title": "Close off all unwanted tickets",
      "object_description": "<p>Close off all unwanted tickets</p>",
      "object_organisation": 1,
      "object_start_date": "2024-10-17T22:00:00Z",
      "object_end_date": "2024-11-01T05:00:00Z",
      "uuid": "ebccb2f7-e2a1-42e7-8e22-cad83786d383"
    }
  }
},
{
  "model": "NearBeach.objecttemplate",
  "pk": 7,
  "fields": {
    "date_created": "2024-10-18T08:53:57.137Z",
    "date_modified": "2024-10-18T08:54:11.990Z",
    "change_user": 7,
    "creation_user": 1,
    "is_deleted": false,
    "type": 1,
    "json": {
      "object_type": "task",
      "object_title": "Inactive Task",
      "object_description": "<p>Inactive Task</p>",
      "object_organisation": 1,
      "object_start_date": "2024-10-17T22:00:00Z",
      "object_end_date": "2024-11-01T05:00:00Z",
      "uuid": "d4469011-acad-42a5-9a37-8f61d6338f7e"
    }
  }
},
{
  "model": "NearBeach.objecttemplate",
  "pk": 8,
  "fields": {
    "date_created": "2024-10-18T11:24:25.719Z",
    "date_modified": "2024-10-18T11:27:24.767Z",
    "change_user": 7,
    "creation_user": 1,
    "is_deleted": false,
    "type": 1,
    "json": {
      "object_type": "task",
      "object_title": "Set day of the week - repeat 5 times - run time 5",
      "object_description": "<p>Set day of the week - repeat 5 times - run time 5</p>",
      "object_organisation": 1,
      "object_start_date": "2024-10-17T22:00:00Z",
      "object_end_date": "2024-11-01T05:00:00Z",
      "uuid": "ed89bd54-30a7-4202-909c-ebe58b2d1899"
    }
  }
},
{
  "model": "NearBeach.objecttemplate",
  "pk": 9,
  "fields": {
    "date_created": "2024-10-18T11:24:52.111Z",
    "date_modified": "2024-10-18T11:24:52.111Z",
    "change_user": 7,
    "creation_user": 1,
    "is_deleted": false,
    "type": 1,
    "json": {
      "object_type": "task",
      "object_title": "Weekly - repeat 5 times - run time 5",
      "object_description": "<p>Weekly - repeat 5 times - run time 5</p>",
      "object_organisation": 1,
      "object_start_date": "2024-10-17T22:00:00Z",
      "object_end_date": "2024-11-01T05:00:00Z",
      "uuid": "e21ff151-ae89-4cf7-ab05-9d9bb17be46e"
    }
  }
},
{
  "model": "NearBeach.objecttemplate",
  "pk": 10,
  "fields": {
    "date_created": "2024-10-18T11:43:14.944Z",
    "date_modified": "2024-10-18T11:43:14.944Z",
    "change_user": 7,
    "creation_user": 1,
    "is_deleted": false,
    "type": 1,
    "json": {
      "object_type": "task",
      "object_title": "Future Task",
      "object_description": "<p>Future Task</p>",
      "object_organisation": 1,
      "object_start_date": "2024-10-17T22:00:00Z",
      "object_end_date": "2024-11-01T05:00:00Z",
      "uuid": "2022f753-fe93-4b1c-9366-d8dd85d15c37"
    }
  }
},
{
  "model": "NearBeach.objecttemplate",
  "pk": 11,
  "fields": {
    "date_created": "2024-10-18T11:45:05.854Z",
    "date_modified": "2024-10-18T11:45:05.854Z",
    "change_user": 7,
    "creation_user": 1,
    "is_deleted": false,
    "type": 1,
    "json": {
      "object_type": "task",
      "object_title": "Future Weekly Task",
      "object_description": "<p>Future Weekly Task</p>",
      "object_organisation": 1,
      "object_start_date": "2024-10-17T22:00:00Z",
      "object_end_date": "2024-11-01T05:00:00Z",
      "uuid": "15ec9f7a-2c05-42e6-b66a-632c3e1f8337"
    }
  }
},
{
  "model": "NearBeach.objecttemplate",
  "pk": 12,
  "fields": {
    "date_created": "2024-10-18T12:01:43.694Z",
    "date_modified": "2024-10-18T12:01:43.694Z",
    "change_user": 7,
    "creation_user": 1,
    "is_deleted": false,
    "type": 1,
    "json": {
      "object_type": "task",
      "object_title": "Fortnightly Task Run on the 2024-01-06",
      "object_description": "<p>Fortnightly Task Run on the 2024-01-06</p>",
      "object_organisation": 1,
      "object_start_date": "2024-10-17T22:00:00Z",
      "object_end_date": "2024-11-01T05:00:00Z",
      "uuid": "18067c9c-047d-4085-ba52-1daa392b37a5"
    }
  }
},
{
  "model": "NearBeach.objecttemplate",
  "pk": 13,
  "fields": {
    "date_created": "2024-10-21T07:44:35.127Z",
    "date_modified": "2024-10-21T07:44:35.127Z",
    "change_user": 1,
    "creation_user": 1,
    "is_deleted": false,
    "type": 1,
    "json": {
      "object_type": "task",
      "object_title": "Monthly Task",
      "object_description": "<p>Monthly Task</p>",
      "object_organisation": 1,
      "object_start_date": "2024-10-20T22:00:00Z",
      "object_end_date": "2024-11-04T05:00:00Z",
      "uuid": "91fe23fd-ac6e-409f-9779-9b858d276510"
    }
  }
},
{
  "model": "NearBeach.objecttemplate",
  "pk": 14,
  "fields": {
    "date_created": "2024-10-21T08:28:00.645Z",
    "date_modified": "2024-10-21T08:28:00.645Z",
    "change_user": 1,
    "creation_user": 1,
    "is_deleted": false,
    "type": 1,
    "json": {
      "object_type": "task",
      "object_title": "Test",
      "object_description": "<p>Test</p>",
      "object_organisation": 1,
      "object_start_date": "2024-10-20T22:00:00Z",
      "object_end_date": "2024-11-04T05:00:00Z",
      "uuid": "852e785f-7245-45d9-baa2-aa3549c51389"
    }
  }
},
{
  "model": "NearBeach.objecttemplategroup",
  "pk": 14,
  "fields": {
    "date_created": "2024-10-18T08:54:12.002Z",
    "date_modified": "2024-10-18T08:54:12.002Z",
    "change_user": 7,
    "creation_user": 1,
    "is_deleted": false,
    "object_template": 7,
    "group": 1
  }
},
{
  "model": "NearBeach.objecttemplategroup",
  "pk": 15,
  "fields": {
    "date_created": "2024-10-18T10:44:34.058Z",
    "date_modified": "2024-10-18T10:44:34.058Z",
    "change_user": 7,
    "creation_user": 1,
    "is_deleted": false,
    "object_template": 1,
    "group": 1
  }
},
{
  "model": "NearBeach.objecttemplategroup",
  "pk": 16,
  "fields": {
    "date_created": "2024-10-18T10:44:34.059Z",
    "date_modified": "2024-10-18T10:44:34.059Z",
    "change_user": 7,
    "creation_user": 1,
    "is_deleted": false,
    "object_template": 1,
    "group": 2
  }
},
{
  "model": "NearBeach.objecttemplategroup",
  "pk": 19,
  "fields": {
    "date_created": "2024-10-18T10:47:12.803Z",
    "date_modified": "2024-10-18T10:47:12.803Z",
    "change_user": 7,
    "creation_user": 1,
    "is_deleted": false,
    "object_template": 3,
    "group": 1
  }
},
{
  "model": "NearBeach.objecttemplategroup",
  "pk": 21,
  "fields": {
    "date_created": "2024-10-18T10:47:33.094Z",
    "date_modified": "2024-10-18T10:47:33.094Z",
    "change_user": 7,
    "creation_user": 1,
    "is_deleted": false,
    "object_template": 6,
    "group": 1
  }
},
{
  "model": "NearBeach.objecttemplategroup",
  "pk": 22,
  "fields": {
    "date_created": "2024-10-18T11:16:12.836Z",
    "date_modified": "2024-10-18T11:16:12.836Z",
    "change_user": 7,
    "creation_user": 1,
    "is_deleted": false,
    "object_template": 5,
    "group": 1
  }
},
{
  "model": "NearBeach.objecttemplategroup",
  "pk": 23,
  "fields": {
    "date_created": "2024-10-18T11:16:23.385Z",
    "date_modified": "2024-10-18T11:16:23.385Z",
    "change_user": 7,
    "creation_user": 1,
    "is_deleted": false,
    "object_template": 2,
    "group": 1
  }
},
{
  "model": "NearBeach.objecttemplategroup",
  "pk": 24,
  "fields": {
    "date_created": "2024-10-18T11:16:23.387Z",
    "date_modified": "2024-10-18T11:16:23.387Z",
    "change_user": 7,
    "creation_user": 1,
    "is_deleted": false,
    "object_template": 2,
    "group": 2
  }
},
{
  "model": "NearBeach.objecttemplategroup",
  "pk": 25,
  "fields": {
    "date_created": "2024-10-18T11:16:34.617Z",
    "date_modified": "2024-10-18T11:16:34.617Z",
    "change_user": 7,
    "creation_user": 1,
    "is_deleted": false,
    "object_template": 4,
    "group": 1
  }
},
{
  "model": "NearBeach.objecttemplategroup",
  "pk": 28,
  "fields": {
    "date_created": "2024-10-18T11:24:52.112Z",
    "date_modified": "2024-10-18T11:24:52.112Z",
    "change_user": 7,
    "creation_user": 1,
    "is_deleted": false,
    "object_template": 9,
    "group": 1
  }
},
{
  "model": "NearBeach.objecttemplategroup",
  "pk": 31,
  "fields": {
    "date_created": "2024-10-18T11:27:24.771Z",
    "date_modified": "2024-10-18T11:27:24.771Z",
    "change_user": 7,
    "creation_user": 1,
    "is_deleted": false,
    "object_template": 8,
    "group": 1
  }
},
{
  "model": "NearBeach.objecttemplategroup",
  "pk": 32,
  "fields": {
    "date_created": "2024-10-18T11:27:24.772Z",
    "date_modified": "2024-10-18T11:27:24.772Z",
    "change_user": 7,
    "creation_user": 1,
    "is_deleted": false,
    "object_template": 8,
    "group": 2
  }
},
{
  "model": "NearBeach.objecttemplategroup",
  "pk": 33,
  "fields": {
    "date_created": "2024-10-18T11:43:14.946Z",
    "date_modified": "2024-10-18T11:43:14.946Z",
    "change_user": 7,
    "creation_user": 1,
    "is_deleted": false,
    "object_template": 10,
    "group": 1
  }
},
{
  "model": "NearBeach.objecttemplategroup",
  "pk": 34,
  "fields": {
    "date_created": "2024-10-18T11:45:05.856Z",
    "date_modified": "2024-10-18T11:45:05.856Z",
    "change_user": 7,
    "creation_user": 1,
    "is_deleted": false,
    "object_template": 11,
    "group": 1
  }
},
{
  "model": "NearBeach.objecttemplategroup",
  "pk": 35,
  "fields": {
    "date_created": "2024-10-18T12:01:43.704Z",
    "date_modified": "2024-10-18T12:01:43.704Z",
    "change_user": 7,
    "creation_user": 1,
    "is_deleted": false,
    "object_template": 12,
    "group": 1
  }
},
{
  "model": "NearBeach.objecttemplategroup",
  "pk": 36,
  "fields": {
    "date_created": "2024-10-21T07:44:35.130Z",
    "date_modified": "2024-10-21T07:44:35.130Z",
    "change_user": 1,
    "creation_user": 1,
    "is_deleted": false,
    "object_template": 13,
    "group": 1
  }
},
{
  "model": "NearBeach.objecttemplategroup",
  "pk": 37,
  "fields": {
    "date_created": "2024-10-21T07:44:35.132Z",
    "date_modified": "2024-10-21T07:44:35.132Z",
    "change_user": 1,
    "creation_user": 1,
    "is_deleted": false,
    "object_template": 13,
    "group": 2
  }
},
{
  "model": "NearBeach.objecttemplategroup",
  "pk": 38,
  "fields": {
    "date_created": "2024-10-21T08:28:00.648Z",
    "date_modified": "2024-10-21T08:28:00.648Z",
    "change_user": 1,
    "creation_user": 1,
    "is_deleted": false,
    "object_template": 14,
    "group": 1
  }
},
{
  "model": "NearBeach.objecttemplategroup",
  "pk": 39,
  "fields": {
    "date_created": "2024-10-21T08:28:00.650Z",
    "date_modified": "2024-10-21T08:28:00.650Z",
    "change_user": 1,
    "creation_user": 1,
    "is_deleted": false,
    "object_template": 14,
    "group": 2
  }
},
{
  "model": "NearBeach.publiclink",
  "pk": "1c1067e9-563f-4419-9dac-e87d757ecb37",
  "fields": {
    "date_created": "2024-02-05T09:45:50.460Z",
    "date_modified": "2024-02-05T09:45:50.460Z",
    "change_user": 1,
    "creation_user": 1,
    "is_deleted": false,
    "requirement": null,
    "kanban_board": null,
    "project": null,
    "requirement_item": null,
    "task": 1,
    "kanban_card": null,
    "request_for_change": null,
    "is_active": true
  }
},
{
  "model": "NearBeach.publiclink",
  "pk": "37a7cf65-c732-4e67-b16f-97d77329bdda",
  "fields": {
    "date_created": "2024-02-05T09:46:12.606Z",
    "date_modified": "2024-02-05T09:46:12.606Z",
    "change_user": 1,
    "creation_user": 1,
    "is_deleted": false,
    "requirement": null,
    "kanban_board": null,
    "project": null,
    "requirement_item": null,
    "task": null,
    "kanban_card": 2,
    "request_for_change": null,
    "is_active": true
  }
},
{
  "model": "NearBeach.publiclink",
  "pk": "3d7346c4-05b6-41df-816a-eff814d9bbd0",
  "fields": {
    "date_created": "2024-02-05T08:23:24.147Z",
    "date_modified": "2024-02-05T08:23:24.147Z",
    "change_user": 1,
    "creation_user": 1,
    "is_deleted": false,
    "requirement": null,
    "kanban_board": null,
    "project": 1,
    "requirement_item": null,
    "task": null,
    "kanban_card": null,
    "request_for_change": null,
    "is_active": true
  }
},
{
  "model": "NearBeach.publiclink",
  "pk": "5435086c-a145-4540-bc71-35a0fd0ee171",
  "fields": {
    "date_created": "2024-02-05T09:45:37.543Z",
    "date_modified": "2024-02-05T09:45:37.543Z",
    "change_user": 1,
    "creation_user": 1,
    "is_deleted": false,
    "requirement": 2,
    "kanban_board": null,
    "project": null,
    "requirement_item": null,
    "task": null,
    "kanban_card": null,
    "request_for_change": null,
    "is_active": true
  }
},
{
  "model": "NearBeach.publiclink",
  "pk": "57fea1be-1cbb-4583-8381-9609aa58334b",
  "fields": {
    "date_created": "2024-02-05T09:46:15.468Z",
    "date_modified": "2024-02-05T09:46:15.468Z",
    "change_user": 1,
    "creation_user": 1,
    "is_deleted": false,
    "requirement": null,
    "kanban_board": 2,
    "project": null,
    "requirement_item": null,
    "task": null,
    "kanban_card": null,
    "request_for_change": null,
    "is_active": true
  }
},
{
  "model": "NearBeach.publiclink",
  "pk": "5f369dc9-a0bb-416d-9779-92576d0500bb",
  "fields": {
    "date_created": "2024-02-05T08:23:08.239Z",
    "date_modified": "2024-02-05T08:23:08.239Z",
    "change_user": 2,
    "creation_user": 2,
    "is_deleted": false,
    "requirement": null,
    "kanban_board": null,
    "project": 2,
    "requirement_item": null,
    "task": null,
    "kanban_card": null,
    "request_for_change": null,
    "is_active": true
  }
},
{
  "model": "NearBeach.publiclink",
  "pk": "755ee6ea-7eac-4e8b-9c19-fbdba2dd290d",
  "fields": {
    "date_created": "2024-02-05T09:46:05.511Z",
    "date_modified": "2024-02-05T09:46:05.511Z",
    "change_user": 1,
    "creation_user": 1,
    "is_deleted": false,
    "requirement": null,
    "kanban_board": 1,
    "project": null,
    "requirement_item": null,
    "task": null,
    "kanban_card": null,
    "request_for_change": null,
    "is_active": true
  }
},
{
  "model": "NearBeach.publiclink",
  "pk": "9b6a9317-df46-453f-aa5b-6f33b77c28c4",
  "fields": {
    "date_created": "2024-02-05T10:08:55.342Z",
    "date_modified": "2024-02-05T10:08:55.342Z",
    "change_user": 1,
    "creation_user": 1,
    "is_deleted": false,
    "requirement": null,
    "kanban_board": null,
    "project": null,
    "requirement_item": 2,
    "task": null,
    "kanban_card": null,
    "request_for_change": null,
    "is_active": true
  }
},
{
  "model": "NearBeach.publiclink",
  "pk": "aba74809-aae5-4fc4-8929-5fd835fefa22",
  "fields": {
    "date_created": "2024-02-05T10:07:57.659Z",
    "date_modified": "2024-02-05T10:07:57.659Z",
    "change_user": 1,
    "creation_user": 1,
    "is_deleted": false,
    "requirement": null,
    "kanban_board": null,
    "project": null,
    "requirement_item": 1,
    "task": null,
    "kanban_card": null,
    "request_for_change": null,
    "is_active": true
  }
},
{
  "model": "NearBeach.publiclink",
  "pk": "c5994697-a7e6-4e54-b8b1-4dee7315d7ea",
  "fields": {
    "date_created": "2024-02-05T09:45:53.661Z",
    "date_modified": "2024-02-05T09:45:53.661Z",
    "change_user": 1,
    "creation_user": 1,
    "is_deleted": false,
    "requirement": null,
    "kanban_board": null,
    "project": null,
    "requirement_item": null,
    "task": 2,
    "kanban_card": null,
    "request_for_change": null,
    "is_active": true
  }
},
{
  "model": "NearBeach.publiclink",
  "pk": "fbda2f94-be7b-41e5-b93a-3ce65516d09d",
  "fields": {
    "date_created": "2024-02-05T09:45:34.525Z",
    "date_modified": "2024-02-05T09:45:34.525Z",
    "change_user": 1,
    "creation_user": 1,
    "is_deleted": false,
    "requirement": 1,
    "kanban_board": null,
    "project": null,
    "requirement_item": null,
    "task": null,
    "kanban_card": null,
    "request_for_change": null,
    "is_active": true
  }
},
{
  "model": "NearBeach.publiclink",
  "pk": "feb8f0e1-369a-4934-8208-9de39f9dfa98",
  "fields": {
    "date_created": "2024-02-05T09:46:02.249Z",
    "date_modified": "2024-02-05T09:46:02.249Z",
    "change_user": 1,
    "creation_user": 1,
    "is_deleted": false,
    "requirement": null,
    "kanban_board": null,
    "project": null,
    "requirement_item": null,
    "task": null,
    "kanban_card": 1,
    "request_for_change": null,
    "is_active": true
  }
},
{
  "model": "NearBeach.scheduledobject",
  "pk": 1,
  "fields": {
    "date_created": "2024-10-18T08:41:37.268Z",
    "date_modified": "2024-10-18T10:44:50.067Z",
    "change_user": 7,
    "creation_user": 1,
    "is_deleted": false,
    "title": "App Pool Recycle",
    "last_run": null,
    "start_date": "2024-01-01",
    "end_date": "2024-02-01",
    "next_scheduled_run": null,
    "number_of_repeats": -1,
    "run_count": 0,
    "is_active": true,
    "frequency": "Set Day of the Week",
    "frequency_attribute": {
      "days_of_the_week": [
        "friday",
        "wednesday",
        "monday"
      ]
    },
    "object_template": 1
  }
},
{
  "model": "NearBeach.scheduledobject",
  "pk": 2,
  "fields": {
    "date_created": "2024-10-18T08:42:25.251Z",
    "date_modified": "2024-10-18T11:17:02.929Z",
    "change_user": 7,
    "creation_user": 1,
    "is_deleted": false,
    "title": "Weekly Monday Report",
    "last_run": null,
    "start_date": "2024-01-01",
    "end_date": "2024-02-01",
    "next_scheduled_run": null,
    "number_of_repeats": -1,
    "run_count": 0,
    "is_active": true,
    "frequency": "Weekly",
    "frequency_attribute": {
      "day_of_the_week": "monday"
    },
    "object_template": 2
  }
},
{
  "model": "NearBeach.scheduledobject",
  "pk": 3,
  "fields": {
    "date_created": "2024-10-18T08:49:33.490Z",
    "date_modified": "2024-10-18T12:13:23.409Z",
    "change_user": 7,
    "creation_user": 1,
    "is_deleted": false,
    "title": "Trim Beard",
    "last_run": "2023-12-22",
    "start_date": "2024-01-01",
    "end_date": "2024-01-12",
    "next_scheduled_run": null,
    "number_of_repeats": -1,
    "run_count": 0,
    "is_active": true,
    "frequency": "Fortnightly",
    "frequency_attribute": {
      "day_of_the_week": "saturday"
    },
    "object_template": 3
  }
},
{
  "model": "NearBeach.scheduledobject",
  "pk": 4,
  "fields": {
    "date_created": "2024-10-18T08:50:08.224Z",
    "date_modified": "2024-10-18T11:17:27.265Z",
    "change_user": 7,
    "creation_user": 1,
    "is_deleted": false,
    "title": "Monthly Budgeting Report",
    "last_run": null,
    "start_date": "2024-01-01",
    "end_date": "2024-02-01",
    "next_scheduled_run": null,
    "number_of_repeats": -1,
    "run_count": 0,
    "is_active": true,
    "frequency": "Start of the Month",
    "frequency_attribute": {},
    "object_template": 4
  }
},
{
  "model": "NearBeach.scheduledobject",
  "pk": 5,
  "fields": {
    "date_created": "2024-10-18T08:50:37.068Z",
    "date_modified": "2024-10-21T08:37:29.371Z",
    "change_user": 7,
    "creation_user": 1,
    "is_deleted": false,
    "title": "End of Month Report",
    "last_run": null,
    "start_date": "2024-01-01",
    "end_date": "2024-02-29",
    "next_scheduled_run": null,
    "number_of_repeats": -1,
    "run_count": 0,
    "is_active": true,
    "frequency": "End of the Month",
    "frequency_attribute": {},
    "object_template": 5
  }
},
{
  "model": "NearBeach.scheduledobject",
  "pk": 6,
  "fields": {
    "date_created": "2024-10-18T08:51:18.932Z",
    "date_modified": "2024-10-18T10:48:34.774Z",
    "change_user": 7,
    "creation_user": 1,
    "is_deleted": false,
    "title": "Close off all unwanted tickets",
    "last_run": null,
    "start_date": "2024-01-01",
    "end_date": "2024-04-01",
    "next_scheduled_run": null,
    "number_of_repeats": -1,
    "run_count": 0,
    "is_active": true,
    "frequency": "X Days before End of the Month",
    "frequency_attribute": {
      "days_before": 5
    },
    "object_template": 6
  }
},
{
  "model": "NearBeach.scheduledobject",
  "pk": 7,
  "fields": {
    "date_created": "2024-10-18T08:53:57.141Z",
    "date_modified": "2024-10-18T08:54:33.113Z",
    "change_user": 7,
    "creation_user": 1,
    "is_deleted": false,
    "title": "Inactive Task",
    "last_run": null,
    "start_date": "2024-01-01",
    "end_date": null,
    "next_scheduled_run": null,
    "number_of_repeats": -1,
    "run_count": 0,
    "is_active": false,
    "frequency": "Set Day of the Week",
    "frequency_attribute": {
      "days_of_the_week": [
        "monday",
        "tuesday",
        "wednesday",
        "thursday",
        "friday",
        "saturday",
        "sunday"
      ]
    },
    "object_template": 7
  }
},
{
  "model": "NearBeach.scheduledobject",
  "pk": 8,
  "fields": {
    "date_created": "2024-10-18T11:24:25.724Z",
    "date_modified": "2024-10-18T11:39:54.889Z",
    "change_user": 7,
    "creation_user": 1,
    "is_deleted": false,
    "title": "Set day of the week - repeat 5 times - run time 5",
    "last_run": null,
    "start_date": "2024-10-19",
    "end_date": null,
    "next_scheduled_run": null,
    "number_of_repeats": 5,
    "run_count": 6,
    "is_active": true,
    "frequency": "Set Day of the Week",
    "frequency_attribute": {
      "days_of_the_week": [
        "tuesday",
        "wednesday",
        "thursday",
        "monday",
        "friday",
        "saturday",
        "sunday"
      ]
    },
    "object_template": 8
  }
},
{
  "model": "NearBeach.scheduledobject",
  "pk": 9,
  "fields": {
    "date_created": "2024-10-18T11:24:52.114Z",
    "date_modified": "2024-10-18T11:39:51.765Z",
    "change_user": 7,
    "creation_user": 1,
    "is_deleted": false,
    "title": "Weekly - repeat 5 times - run time 5",
    "last_run": null,
    "start_date": "2023-12-01",
    "end_date": null,
    "next_scheduled_run": null,
    "number_of_repeats": 5,
    "run_count": 6,
    "is_active": true,
    "frequency": "Weekly",
    "frequency_attribute": {
      "day_of_the_week": "monday"
    },
    "object_template": 9
  }
},
{
  "model": "NearBeach.scheduledobject",
  "pk": 10,
  "fields": {
    "date_created": "2024-10-18T11:43:14.948Z",
    "date_modified": "2024-10-18T11:43:14.948Z",
    "change_user": 7,
    "creation_user": 1,
    "is_deleted": false,
    "title": "Future Task",
    "last_run": null,
    "start_date": "2024-10-19",
    "end_date": null,
    "next_scheduled_run": null,
    "number_of_repeats": -1,
    "run_count": 0,
    "is_active": true,
    "frequency": "Set Day of the Week",
    "frequency_attribute": {
      "days_of_the_week": [
        "tuesday",
        "wednesday",
        "thursday",
        "friday",
        "saturday"
      ]
    },
    "object_template": 10
  }
},
{
  "model": "NearBeach.scheduledobject",
  "pk": 11,
  "fields": {
    "date_created": "2024-10-18T11:45:05.858Z",
    "date_modified": "2024-10-18T11:45:05.858Z",
    "change_user": 7,
    "creation_user": 1,
    "is_deleted": false,
    "title": "Future Weekly Task",
    "last_run": null,
    "start_date": "2024-10-19",
    "end_date": null,
    "next_scheduled_run": null,
    "number_of_repeats": -1,
    "run_count": 0,
    "is_active": true,
    "frequency": "Weekly",
    "frequency_attribute": {
      "day_of_the_week": "wednesday"
    },
    "object_template": 11
  }
},
{
  "model": "NearBeach.scheduledobject",
  "pk": 12,
  "fields": {
    "date_created": "2024-10-18T12:01:43.706Z",
    "date_modified": "2024-10-18T12:14:31.353Z",
    "change_user": 7,
    "creation_user": 1,
    "is_deleted": false,
    "title": "Fortnightly Task Run on the 2024-01-06",
    "last_run": "2024-01-06",
    "start_date": "2024-01-01",
    "end_date": "2024-01-26",
    "next_scheduled_run": null,
    "number_of_repeats": -1,
    "run_count": 0,
    "is_active": true,
    "frequency": "Fortnightly",
    "frequency_attribute": {
      "day_of_the_week": "saturday"
    },
    "object_template": 12
  }
},
{
  "model": "NearBeach.scheduledobject",
  "pk": 13,
  "fields": {
    "date_created": "2024-10-21T07:44:35.135Z",
    "date_modified": "2024-10-21T08:35:33.895Z",
    "change_user": 1,
    "creation_user": 1,
    "is_deleted": false,
    "title": "Monthly Task",
    "last_run": null,
    "start_date": "2024-01-22",
    "end_date": "2024-03-31",
    "next_scheduled_run": null,
    "number_of_repeats": -1,
    "run_count": 0,
    "is_active": true,
    "frequency": "Monthly",
    "frequency_attribute": {},
    "object_template": 13
  }
},
{
  "model": "NearBeach.objectnote",
  "pk": 1,
  "fields": {
    "date_created": "2023-02-17T09:46:45.292Z",
    "date_modified": "2023-02-17T09:46:45.292Z",
    "change_user": 1,
    "creation_user": 1,
    "is_deleted": false,
    "organisation": null,
    "requirement": null,
    "project": null,
    "requirement_item": null,
    "task": null,
    "kanban_card": 1,
    "request_for_change": null,
    "note": "<p>Add a note</p>"
  }
},
{
  "model": "NearBeach.objectnote",
  "pk": 2,
  "fields": {
    "date_created": "2024-02-05T08:08:34.257Z",
    "date_modified": "2024-02-05T08:08:34.257Z",
    "change_user": 1,
    "creation_user": 1,
    "is_deleted": false,
    "organisation": null,
    "requirement": null,
    "project": 1,
    "requirement_item": null,
    "task": null,
    "kanban_card": null,
    "request_for_change": null,
    "note": "<p>Project Note 1 - will be deleted by unit testing.</p>\r\n<p>It will fail when an unprivileged user will try and delete it</p>"
  }
},
{
  "model": "NearBeach.objectnote",
  "pk": 3,
  "fields": {
    "date_created": "2024-02-05T08:09:07.922Z",
    "date_modified": "2024-02-05T08:19:28.185Z",
    "change_user": 2,
    "creation_user": 1,
    "is_deleted": false,
    "organisation": null,
    "requirement": null,
    "project": 2,
    "requirement_item": null,
    "task": null,
    "kanban_card": null,
    "request_for_change": null,
    "note": "<p>Team leader note. Will pass. Hello World</p>"
  }
},
{
  "model": "NearBeach.objectnote",
  "pk": 4,
  "fields": {
    "date_created": "2025-05-05T08:49:22.141Z",
    "date_modified": "2025-05-05T08:49:22.141Z",
    "change_user": 1,
    "creation_user": 1,
    "is_deleted": false,
    "organisation": null,
    "requirement": 1,
    "project": null,
    "requirement_item": null,
    "task": null,
    "kanban_card": null,
    "request_for_change": null,
    "note": "<p>Requirement Information note - written by the admin user</p>"
  }
},
{
  "model": "NearBeach.objectnote",
  "pk": 5,
  "fields": {
    "date_created": "2025-05-05T08:49:57.790Z",
    "date_modified": "2025-05-05T08:49:57.790Z",
    "change_user": 1,
    "creation_user": 1,
    "is_deleted": false,
    "organisation": null,
    "requirement": null,
    "project": null,
    "requirement_item": null,
    "task": 1,
    "kanban_card": null,
    "request_for_change": null,
    "note": "<p>Task information note - written by the admin user</p>"
  }
},
{
  "model": "NearBeach.objectnote",
  "pk": 6,
  "fields": {
    "date_created": "2025-05-05T08:50:20.276Z",
    "date_modified": "2025-05-05T08:50:20.276Z",
    "change_user": 1,
    "creation_user": 1,
    "is_deleted": false,
    "organisation": null,
    "requirement": null,
    "project": null,
    "requirement_item": null,
    "task": null,
    "kanban_card": 1,
    "request_for_change": null,
    "note": "<p>Kanban Card note written by the admin user</p>"
  }
},
{
  "model": "NearBeach.objectnote",
  "pk": 7,
  "fields": {
    "date_created": "2025-05-05T08:51:07.354Z",
    "date_modified": "2025-05-05T08:51:07.354Z",
    "change_user": 2,
    "creation_user": 1,
    "is_deleted": false,
    "organisation": null,
    "requirement": null,
    "project": 2,
    "requirement_item": null,
    "task": null,
    "kanban_card": null,
    "request_for_change": null,
    "note": "<p>Team leader has written a note on the project information</p>"
  }
},
{
  "model": "NearBeach.objectnote",
  "pk": 8,
  "fields": {
    "date_created": "2025-05-05T08:51:26.206Z",
    "date_modified": "2025-05-05T08:51:26.206Z",
    "change_user": 2,
    "creation_user": 1,
    "is_deleted": false,
    "organisation": null,
    "requirement": null,
    "project": null,
    "requirement_item": null,
    "task": 2,
    "kanban_card": null,
    "request_for_change": null,
    "note": "<p>Team Leader has written a note on the task information</p>"
  }
},
{
  "model": "NearBeach.objectnote",
  "pk": 9,
  "fields": {
    "date_created": "2025-05-05T08:51:40.931Z",
    "date_modified": "2025-05-05T08:51:40.931Z",
    "change_user": 2,
    "creation_user": 1,
    "is_deleted": false,
    "organisation": null,
    "requirement": null,
    "project": 2,
    "requirement_item": null,
    "task": null,
    "kanban_card": null,
    "request_for_change": null,
    "note": "<p>Team leader has written a note on the project information</p>"
  }
},
{
  "model": "NearBeach.objectnote",
  "pk": 10,
  "fields": {
    "date_created": "2025-05-05T08:52:02.009Z",
    "date_modified": "2025-05-05T08:52:02.009Z",
    "change_user": 2,
    "creation_user": 1,
    "is_deleted": false,
    "organisation": null,
    "requirement": null,
    "project": null,
    "requirement_item": null,
    "task": null,
    "kanban_card": 2,
    "request_for_change": null,
    "note": "<p>Team leader was here ;) kanban information</p>"
  }
},
{
  "model": "NearBeach.objectnote",
  "pk": 11,
  "fields": {
    "date_created": "2025-09-26T09:57:39.856Z",
    "date_modified": "2025-09-26T09:57:39.856Z",
    "change_user": 2,
    "creation_user": 1,
    "is_deleted": false,
    "organisation": null,
    "requirement": 2,
    "project": null,
    "requirement_item": null,
    "task": null,
    "kanban_card": null,
    "request_for_change": null,
    "note": "<p>A simple note from the team lead</p>"
  }
},
{
  "model": "NearBeach.objectnote",
  "pk": 12,
  "fields": {
    "date_created": "2025-09-26T09:58:05.659Z",
    "date_modified": "2025-09-26T09:58:05.659Z",
    "change_user": 1,
    "creation_user": 1,
    "is_deleted": false,
    "organisation": null,
    "requirement": null,
    "project": null,
    "requirement_item": 1,
    "task": null,
    "kanban_card": null,
    "request_for_change": null,
    "note": "<p>Requirement item note</p>"
  }
},
{
  "model": "NearBeach.objectnote",
  "pk": 13,
  "fields": {
    "date_created": "2025-09-26T09:58:18.185Z",
    "date_modified": "2025-09-26T09:58:18.185Z",
    "change_user": 2,
    "creation_user": 1,
    "is_deleted": false,
    "organisation": null,
    "requirement": null,
    "project": null,
    "requirement_item": 2,
    "task": null,
    "kanban_card": null,
    "request_for_change": null,
    "note": "<p>Requirement item notes</p>"
  }
},
{
  "model": "NearBeach.tag",
  "pk": 1,
  "fields": {
    "date_created": "2024-02-03T00:53:00.375Z",
    "date_modified": "2024-02-03T00:53:00.375Z",
    "change_user": 1,
    "creation_user": 1,
    "is_deleted": false,
    "tag_name": "default tag",
    "tag_colour": "#37cbd2",
    "tag_text_colour": "#ffffff"
  }
},
{
  "model": "NearBeach.tag",
  "pk": 2,
  "fields": {
    "date_created": "2025-05-02T11:26:55.795Z",
    "date_modified": "2025-05-02T11:26:55.795Z",
    "change_user": 1,
    "creation_user": 1,
    "is_deleted": false,
    "tag_name": "Project Planning",
    "tag_colour": "#E46661",
    "tag_text_colour": "#ffffff"
  }
},
{
  "model": "NearBeach.tag",
  "pk": 3,
  "fields": {
    "date_created": "2025-05-02T11:27:09.060Z",
    "date_modified": "2025-05-02T11:27:09.060Z",
    "change_user": 1,
    "creation_user": 1,
    "is_deleted": false,
    "tag_name": "Team Collaboration",
    "tag_colour": "#189A32",
    "tag_text_colour": "#ffffff"
  }
},
{
  "model": "NearBeach.tag",
  "pk": 4,
  "fields": {
    "date_created": "2025-05-02T11:27:21.676Z",
    "date_modified": "2025-05-02T11:27:21.676Z",
    "change_user": 1,
    "creation_user": 1,
    "is_deleted": false,
    "tag_name": "Budgeting",
    "tag_colour": "#3757C1",
    "tag_text_colour": "#ffffff"
  }
},
{
  "model": "NearBeach.tag",
  "pk": 5,
  "fields": {
    "date_created": "2025-05-02T11:27:33.942Z",
    "date_modified": "2025-05-02T11:27:33.942Z",
    "change_user": 1,
    "creation_user": 1,
    "is_deleted": false,
    "tag_name": "Performance Metrics",
    "tag_colour": "#EF1C97",
    "tag_text_colour": "#ffffff"
  }
},
{
  "model": "NearBeach.tag",
  "pk": 6,
  "fields": {
    "date_created": "2025-05-02T11:27:47.510Z",
    "date_modified": "2025-05-02T11:27:47.510Z",
    "change_user": 1,
    "creation_user": 1,
    "is_deleted": false,
    "tag_name": "Documentation",
    "tag_colour": "#57BBA9",
    "tag_text_colour": "#ffffff"
  }
},
{
  "model": "NearBeach.tagassignment",
  "pk": 1,
  "fields": {
    "date_created": "2025-05-02T11:28:27.104Z",
    "date_modified": "2025-05-02T11:28:27.104Z",
    "change_user": 1,
    "creation_user": 1,
    "is_deleted": false,
    "tag": 4,
    "object_enum": "requirement",
    "object_id": 1
  }
},
{
  "model": "NearBeach.tagassignment",
  "pk": 2,
  "fields": {
    "date_created": "2025-05-02T11:28:27.106Z",
    "date_modified": "2025-05-02T11:28:27.106Z",
    "change_user": 1,
    "creation_user": 1,
    "is_deleted": false,
    "tag": 5,
    "object_enum": "requirement",
    "object_id": 1
  }
},
{
  "model": "NearBeach.tagassignment",
  "pk": 3,
  "fields": {
    "date_created": "2025-05-02T11:28:35.675Z",
    "date_modified": "2025-05-02T11:28:35.675Z",
    "change_user": 1,
    "creation_user": 1,
    "is_deleted": false,
    "tag": 5,
    "object_enum": "project",
    "object_id": 1
  }
},
{
  "model": "NearBeach.tagassignment",
  "pk": 4,
  "fields": {
    "date_created": "2025-05-02T11:28:35.678Z",
    "date_modified": "2025-05-02T11:28:35.678Z",
    "change_user": 1,
    "creation_user": 1,
    "is_deleted": false,
    "tag": 6,
    "object_enum": "project",
    "object_id": 1
  }
},
{
  "model": "NearBeach.tagassignment",
  "pk": 5,
  "fields": {
    "date_created": "2025-05-02T11:28:42.678Z",
    "date_modified": "2025-05-02T11:28:42.678Z",
    "change_user": 1,
    "creation_user": 1,
    "is_deleted": false,
    "tag": 2,
    "object_enum": "project",
    "object_id": 1
  }
},
{
  "model": "NearBeach.tagassignment",
  "pk": 6,
  "fields": {
    "date_created": "2025-05-02T11:28:42.681Z",
    "date_modified": "2025-05-02T11:28:42.681Z",
    "change_user": 1,
    "creation_user": 1,
    "is_deleted": false,
    "tag": 4,
    "object_enum": "project",
    "object_id": 1
  }
},
{
  "model": "NearBeach.tagassignment",
  "pk": 7,
  "fields": {
    "date_created": "2025-05-02T11:28:48.539Z",
    "date_modified": "2025-05-02T11:28:48.539Z",
    "change_user": 1,
    "creation_user": 1,
    "is_deleted": false,
    "tag": 2,
    "object_enum": "task",
    "object_id": 1
  }
},
{
  "model": "NearBeach.tagassignment",
  "pk": 8,
  "fields": {
    "date_created": "2025-05-02T11:28:58.210Z",
    "date_modified": "2025-05-02T11:28:58.210Z",
    "change_user": 1,
    "creation_user": 1,
    "is_deleted": false,
    "tag": 2,
    "object_enum": "task",
    "object_id": 2
  }
},
{
  "model": "NearBeach.tagassignment",
  "pk": 9,
  "fields": {
    "date_created": "2025-05-02T11:28:58.213Z",
    "date_modified": "2025-05-02T11:28:58.213Z",
    "change_user": 1,
    "creation_user": 1,
    "is_deleted": false,
    "tag": 4,
    "object_enum": "task",
    "object_id": 2
  }
},
{
  "model": "NearBeach.tagassignment",
  "pk": 10,
  "fields": {
    "date_created": "2025-05-02T11:29:12.109Z",
    "date_modified": "2025-05-02T11:29:12.109Z",
    "change_user": 1,
    "creation_user": 1,
    "is_deleted": false,
    "tag": 2,
    "object_enum": "kanban_card",
    "object_id": 1
  }
},
{
  "model": "NearBeach.tagassignment",
  "pk": 11,
  "fields": {
    "date_created": "2025-05-02T11:29:12.112Z",
    "date_modified": "2025-05-02T11:29:12.112Z",
    "change_user": 1,
    "creation_user": 1,
    "is_deleted": false,
    "tag": 3,
    "object_enum": "kanban_card",
    "object_id": 1
  }
},
{
  "model": "NearBeach.tagassignment",
  "pk": 12,
  "fields": {
    "date_created": "2025-05-02T11:29:22.209Z",
    "date_modified": "2025-05-02T11:29:22.210Z",
    "change_user": 1,
    "creation_user": 1,
    "is_deleted": false,
    "tag": 5,
    "object_enum": "kanban_card",
    "object_id": 2
  }
},
{
  "model": "NearBeach.tagassignment",
  "pk": 13,
  "fields": {
    "date_created": "2025-05-02T11:30:50.620Z",
    "date_modified": "2025-05-02T11:30:50.620Z",
    "change_user": 1,
    "creation_user": 1,
    "is_deleted": false,
    "tag": 3,
    "object_enum": "organisation",
    "object_id": 1
  }
},
{
  "model": "NearBeach.tagassignment",
  "pk": 14,
  "fields": {
    "date_created": "2025-05-02T11:30:50.623Z",
    "date_modified": "2025-05-02T11:30:50.623Z",
    "change_user": 1,
    "creation_user": 1,
    "is_deleted": false,
    "tag": 2,
    "object_enum": "organisation",
    "object_id": 1
  }
},
{
  "model": "NearBeach.changetask",
  "pk": 1,
  "fields": {
    "date_created": "2023-02-15T09:15:34.805Z",
    "date_modified": "2023-02-15T09:15:34.805Z",
    "change_user": 1,
    "creation_user": 1,
    "is_deleted": false,
    "request_for_change": 1,
    "title": "Administration - Back up - Change Task",
    "description": "<p>Description is optional</p>",
    "start_date": "2023-02-14T22:00:00Z",
    "end_date": "2023-03-01T05:00:00Z",
    "seconds": 1234800000,
    "assigned_user": 1,
    "qa_user": 2,
    "required_by": "Stakeholder(s)",
    "status": 1,
    "is_downtime": false
  }
},
{
  "model": "NearBeach.changetask",
  "pk": 2,
  "fields": {
    "date_created": "2023-02-15T09:16:43.997Z",
    "date_modified": "2023-02-15T09:16:43.997Z",
    "change_user": 1,
    "creation_user": 1,
    "is_deleted": false,
    "request_for_change": 2,
    "title": "QA Team to backup database",
    "description": "",
    "start_date": "2023-02-14T22:00:00Z",
    "end_date": "2023-03-01T05:00:00Z",
    "seconds": 1234800000,
    "assigned_user": 2,
    "qa_user": 3,
    "required_by": "Stakeholder(s)",
    "status": 1,
    "is_downtime": false
  }
},
{
  "model": "NearBeach.objectassignment",
  "pk": 1,
  "fields": {
    "date_created": "2023-02-15T09:12:31.608Z",
    "date_modified": "2023-02-15T09:12:31.609Z",
    "change_user": 1,
    "creation_user": 1,
    "is_deleted": false,
    "assigned_user": null,
    "group": 1,
    "requirement": null,
    "requirement_item": null,
    "project": null,
    "task": null,
    "kanban_board": 1,
    "kanban_card": null,
    "request_for_change": null,
    "customer": null,
    "organisation": null,
    "change_task": null,
    "meta_object": null,
    "meta_object_title": "",
    "meta_object_status": "",
    "link_relationship": "",
    "parent_link": ""
  }
},
{
  "model": "NearBeach.objectassignment",
  "pk": 2,
  "fields": {
    "date_created": "2023-02-15T09:13:18.003Z",
    "date_modified": "2023-02-15T09:13:18.003Z",
    "change_user": 1,
    "creation_user": 1,
    "is_deleted": true,
    "assigned_user": null,
    "group": 2,
    "requirement": null,
    "requirement_item": null,
    "project": null,
    "task": null,
    "kanban_board": 2,
    "kanban_card": null,
    "request_for_change": null,
    "customer": null,
    "organisation": null,
    "change_task": null,
    "meta_object": null,
    "meta_object_title": "",
    "meta_object_status": "",
    "link_relationship": "",
    "parent_link": ""
  }
},
{
  "model": "NearBeach.objectassignment",
  "pk": 3,
  "fields": {
    "date_created": "2023-02-15T09:13:53.434Z",
    "date_modified": "2023-02-15T09:13:53.434Z",
    "change_user": 1,
    "creation_user": 1,
    "is_deleted": false,
    "assigned_user": null,
    "group": 1,
    "requirement": null,
    "requirement_item": null,
    "project": 1,
    "task": null,
    "kanban_board": null,
    "kanban_card": null,
    "request_for_change": null,
    "customer": null,
    "organisation": null,
    "change_task": null,
    "meta_object": null,
    "meta_object_title": "",
    "meta_object_status": "",
    "link_relationship": "",
    "parent_link": ""
  }
},
{
  "model": "NearBeach.objectassignment",
  "pk": 4,
  "fields": {
    "date_created": "2023-02-15T09:14:14.988Z",
    "date_modified": "2023-02-15T09:14:14.989Z",
    "change_user": 1,
    "creation_user": 1,
    "is_deleted": true,
    "assigned_user": null,
    "group": 2,
    "requirement": null,
    "requirement_item": null,
    "project": 2,
    "task": null,
    "kanban_board": null,
    "kanban_card": null,
    "request_for_change": null,
    "customer": null,
    "organisation": null,
    "change_task": null,
    "meta_object": null,
    "meta_object_title": "",
    "meta_object_status": "",
    "link_relationship": "",
    "parent_link": ""
  }
},
{
  "model": "NearBeach.objectassignment",
  "pk": 5,
  "fields": {
    "date_created": "2023-02-15T09:15:05.016Z",
    "date_modified": "2023-02-15T09:15:05.016Z",
    "change_user": 1,
    "creation_user": 1,
    "is_deleted": false,
    "assigned_user": null,
    "group": 1,
    "requirement": null,
    "requirement_item": null,
    "project": null,
    "task": null,
    "kanban_board": null,
    "kanban_card": null,
    "request_for_change": 1,
    "customer": null,
    "organisation": null,
    "change_task": null,
    "meta_object": null,
    "meta_object_title": "",
    "meta_object_status": "",
    "link_relationship": "",
    "parent_link": ""
  }
},
{
  "model": "NearBeach.objectassignment",
  "pk": 6,
  "fields": {
    "date_created": "2023-02-15T09:15:05.019Z",
    "date_modified": "2023-02-15T09:15:05.019Z",
    "change_user": 1,
    "creation_user": 1,
    "is_deleted": true,
    "assigned_user": null,
    "group": 2,
    "requirement": null,
    "requirement_item": null,
    "project": null,
    "task": null,
    "kanban_board": null,
    "kanban_card": null,
    "request_for_change": 1,
    "customer": null,
    "organisation": null,
    "change_task": null,
    "meta_object": null,
    "meta_object_title": "",
    "meta_object_status": "",
    "link_relationship": "",
    "parent_link": ""
  }
},
{
  "model": "NearBeach.objectassignment",
  "pk": 7,
  "fields": {
    "date_created": "2023-02-15T09:16:25.939Z",
    "date_modified": "2023-02-15T09:16:25.939Z",
    "change_user": 1,
    "creation_user": 1,
    "is_deleted": true,
    "assigned_user": null,
    "group": 2,
    "requirement": null,
    "requirement_item": null,
    "project": null,
    "task": null,
    "kanban_board": null,
    "kanban_card": null,
    "request_for_change": 2,
    "customer": null,
    "organisation": null,
    "change_task": null,
    "meta_object": null,
    "meta_object_title": "",
    "meta_object_status": "",
    "link_relationship": "",
    "parent_link": ""
  }
},
{
  "model": "NearBeach.objectassignment",
  "pk": 8,
  "fields": {
    "date_created": "2023-02-15T09:17:21.807Z",
    "date_modified": "2023-02-15T09:17:21.807Z",
    "change_user": 1,
    "creation_user": 1,
    "is_deleted": false,
    "assigned_user": null,
    "group": 1,
    "requirement": 1,
    "requirement_item": null,
    "project": null,
    "task": null,
    "kanban_board": null,
    "kanban_card": null,
    "request_for_change": null,
    "customer": null,
    "organisation": null,
    "change_task": null,
    "meta_object": null,
    "meta_object_title": "",
    "meta_object_status": "",
    "link_relationship": "",
    "parent_link": ""
  }
},
{
  "model": "NearBeach.objectassignment",
  "pk": 9,
  "fields": {
    "date_created": "2023-02-15T09:18:34.847Z",
    "date_modified": "2023-02-15T09:18:34.847Z",
    "change_user": 1,
    "creation_user": 1,
    "is_deleted": true,
    "assigned_user": null,
    "group": 2,
    "requirement": 2,
    "requirement_item": null,
    "project": null,
    "task": null,
    "kanban_board": null,
    "kanban_card": null,
    "request_for_change": null,
    "customer": null,
    "organisation": null,
    "change_task": null,
    "meta_object": null,
    "meta_object_title": "",
    "meta_object_status": "",
    "link_relationship": "",
    "parent_link": ""
  }
},
{
  "model": "NearBeach.objectassignment",
  "pk": 10,
  "fields": {
    "date_created": "2023-02-15T09:19:37.974Z",
    "date_modified": "2023-02-15T09:19:37.974Z",
    "change_user": 1,
    "creation_user": 1,
    "is_deleted": false,
    "assigned_user": null,
    "group": 1,
    "requirement": null,
    "requirement_item": null,
    "project": null,
    "task": 1,
    "kanban_board": null,
    "kanban_card": null,
    "request_for_change": null,
    "customer": null,
    "organisation": null,
    "change_task": null,
    "meta_object": null,
    "meta_object_title": "",
    "meta_object_status": "",
    "link_relationship": "",
    "parent_link": ""
  }
},
{
  "model": "NearBeach.objectassignment",
  "pk": 11,
  "fields": {
    "date_created": "2023-02-15T09:19:58.923Z",
    "date_modified": "2023-02-15T09:19:58.923Z",
    "change_user": 1,
    "creation_user": 1,
    "is_deleted": true,
    "assigned_user": null,
    "group": 2,
    "requirement": null,
    "requirement_item": null,
    "project": null,
    "task": 2,
    "kanban_board": null,
    "kanban_card": null,
    "request_for_change": null,
    "customer": null,
    "organisation": null,
    "change_task": null,
    "meta_object": null,
    "meta_object_title": "",
    "meta_object_status": "",
    "link_relationship": "",
    "parent_link": ""
  }
},
{
  "model": "NearBeach.objectassignment",
  "pk": 12,
  "fields": {
    "date_created": "2023-02-17T09:47:56.396Z",
    "date_modified": "2023-02-17T09:47:56.396Z",
    "change_user": 1,
    "creation_user": 1,
    "is_deleted": true,
    "assigned_user": null,
    "group": 2,
    "requirement": 1,
    "requirement_item": null,
    "project": null,
    "task": null,
    "kanban_board": null,
    "kanban_card": null,
    "request_for_change": null,
    "customer": null,
    "organisation": null,
    "change_task": null,
    "meta_object": null,
    "meta_object_title": "",
    "meta_object_status": "",
    "link_relationship": "",
    "parent_link": ""
  }
},
{
  "model": "NearBeach.objectassignment",
  "pk": 13,
  "fields": {
    "date_created": "2023-02-17T09:48:05.023Z",
    "date_modified": "2023-02-17T09:48:05.024Z",
    "change_user": 1,
    "creation_user": 1,
    "is_deleted": true,
    "assigned_user": 2,
    "group": null,
    "requirement": 1,
    "requirement_item": null,
    "project": null,
    "task": null,
    "kanban_board": null,
    "kanban_card": null,
    "request_for_change": null,
    "customer": null,
    "organisation": null,
    "change_task": null,
    "meta_object": null,
    "meta_object_title": "",
    "meta_object_status": "",
    "link_relationship": "",
    "parent_link": ""
  }
},
{
  "model": "NearBeach.objectassignment",
  "pk": 14,
  "fields": {
    "date_created": "2023-02-20T10:28:14.258Z",
    "date_modified": "2023-02-20T10:28:14.258Z",
    "change_user": 1,
    "creation_user": 1,
    "is_deleted": true,
    "assigned_user": null,
    "group": 2,
    "requirement": null,
    "requirement_item": null,
    "project": null,
    "task": 2,
    "kanban_board": null,
    "kanban_card": null,
    "request_for_change": null,
    "customer": null,
    "organisation": null,
    "change_task": null,
    "meta_object": null,
    "meta_object_title": "",
    "meta_object_status": "",
    "link_relationship": "",
    "parent_link": ""
  }
},
{
  "model": "NearBeach.objectassignment",
  "pk": 15,
  "fields": {
    "date_created": "2023-02-20T10:28:37.960Z",
    "date_modified": "2023-02-20T10:28:37.960Z",
    "change_user": 1,
    "creation_user": 1,
    "is_deleted": true,
    "assigned_user": null,
    "group": 2,
    "requirement": null,
    "requirement_item": null,
    "project": null,
    "task": null,
    "kanban_board": null,
    "kanban_card": null,
    "request_for_change": 1,
    "customer": null,
    "organisation": null,
    "change_task": null,
    "meta_object": null,
    "meta_object_title": "",
    "meta_object_status": "",
    "link_relationship": "",
    "parent_link": ""
  }
},
{
  "model": "NearBeach.objectassignment",
  "pk": 16,
  "fields": {
    "date_created": "2023-02-20T10:30:49.863Z",
    "date_modified": "2023-02-20T10:30:49.863Z",
    "change_user": 1,
    "creation_user": 1,
    "is_deleted": true,
    "assigned_user": null,
    "group": 2,
    "requirement": null,
    "requirement_item": null,
    "project": null,
    "task": null,
    "kanban_board": null,
    "kanban_card": null,
    "request_for_change": 1,
    "customer": null,
    "organisation": null,
    "change_task": null,
    "meta_object": null,
    "meta_object_title": "",
    "meta_object_status": "",
    "link_relationship": "",
    "parent_link": ""
  }
},
{
  "model": "NearBeach.objectassignment",
  "pk": 17,
  "fields": {
    "date_created": "2023-02-20T10:33:05.033Z",
    "date_modified": "2023-02-20T10:33:05.033Z",
    "change_user": 1,
    "creation_user": 1,
    "is_deleted": true,
    "assigned_user": null,
    "group": 2,
    "requirement": null,
    "requirement_item": null,
    "project": null,
    "task": null,
    "kanban_board": null,
    "kanban_card": null,
    "request_for_change": 1,
    "customer": null,
    "organisation": null,
    "change_task": null,
    "meta_object": null,
    "meta_object_title": "",
    "meta_object_status": "",
    "link_relationship": "",
    "parent_link": ""
  }
},
{
  "model": "NearBeach.objectassignment",
  "pk": 18,
  "fields": {
    "date_created": "2023-02-20T10:33:15.300Z",
    "date_modified": "2023-02-20T10:33:15.300Z",
    "change_user": 1,
    "creation_user": 1,
    "is_deleted": true,
    "assigned_user": null,
    "group": 2,
    "requirement": null,
    "requirement_item": null,
    "project": null,
    "task": 2,
    "kanban_board": null,
    "kanban_card": null,
    "request_for_change": null,
    "customer": null,
    "organisation": null,
    "change_task": null,
    "meta_object": null,
    "meta_object_title": "",
    "meta_object_status": "",
    "link_relationship": "",
    "parent_link": ""
  }
},
{
  "model": "NearBeach.objectassignment",
  "pk": 19,
  "fields": {
    "date_created": "2023-02-20T10:33:42.849Z",
    "date_modified": "2023-02-20T10:33:42.849Z",
    "change_user": 1,
    "creation_user": 1,
    "is_deleted": true,
    "assigned_user": null,
    "group": 2,
    "requirement": null,
    "requirement_item": null,
    "project": null,
    "task": 2,
    "kanban_board": null,
    "kanban_card": null,
    "request_for_change": null,
    "customer": null,
    "organisation": null,
    "change_task": null,
    "meta_object": null,
    "meta_object_title": "",
    "meta_object_status": "",
    "link_relationship": "",
    "parent_link": ""
  }
},
{
  "model": "NearBeach.objectassignment",
  "pk": 20,
  "fields": {
    "date_created": "2023-02-20T10:35:33.187Z",
    "date_modified": "2023-02-20T10:35:33.188Z",
    "change_user": 1,
    "creation_user": 1,
    "is_deleted": true,
    "assigned_user": null,
    "group": 2,
    "requirement": null,
    "requirement_item": null,
    "project": null,
    "task": null,
    "kanban_board": null,
    "kanban_card": null,
    "request_for_change": 1,
    "customer": null,
    "organisation": null,
    "change_task": null,
    "meta_object": null,
    "meta_object_title": "",
    "meta_object_status": "",
    "link_relationship": "",
    "parent_link": ""
  }
},
{
  "model": "NearBeach.objectassignment",
  "pk": 21,
  "fields": {
    "date_created": "2023-02-20T10:35:46.699Z",
    "date_modified": "2023-02-20T10:35:46.699Z",
    "change_user": 1,
    "creation_user": 1,
    "is_deleted": true,
    "assigned_user": null,
    "group": 2,
    "requirement": null,
    "requirement_item": null,
    "project": null,
    "task": null,
    "kanban_board": null,
    "kanban_card": null,
    "request_for_change": 1,
    "customer": null,
    "organisation": null,
    "change_task": null,
    "meta_object": null,
    "meta_object_title": "",
    "meta_object_status": "",
    "link_relationship": "",
    "parent_link": ""
  }
},
{
  "model": "NearBeach.objectassignment",
  "pk": 22,
  "fields": {
    "date_created": "2023-02-20T10:36:29.057Z",
    "date_modified": "2023-02-20T10:36:29.057Z",
    "change_user": 1,
    "creation_user": 1,
    "is_deleted": true,
    "assigned_user": null,
    "group": 2,
    "requirement": null,
    "requirement_item": null,
    "project": null,
    "task": 2,
    "kanban_board": null,
    "kanban_card": null,
    "request_for_change": null,
    "customer": null,
    "organisation": null,
    "change_task": null,
    "meta_object": null,
    "meta_object_title": "",
    "meta_object_status": "",
    "link_relationship": "",
    "parent_link": ""
  }
},
{
  "model": "NearBeach.objectassignment",
  "pk": 23,
  "fields": {
    "date_created": "2023-02-20T10:36:38.369Z",
    "date_modified": "2023-02-20T10:36:38.369Z",
    "change_user": 1,
    "creation_user": 1,
    "is_deleted": true,
    "assigned_user": null,
    "group": 2,
    "requirement": null,
    "requirement_item": null,
    "project": null,
    "task": null,
    "kanban_board": null,
    "kanban_card": null,
    "request_for_change": 1,
    "customer": null,
    "organisation": null,
    "change_task": null,
    "meta_object": null,
    "meta_object_title": "",
    "meta_object_status": "",
    "link_relationship": "",
    "parent_link": ""
  }
},
{
  "model": "NearBeach.objectassignment",
  "pk": 24,
  "fields": {
    "date_created": "2023-02-20T10:37:05.498Z",
    "date_modified": "2023-02-20T10:37:05.498Z",
    "change_user": 1,
    "creation_user": 1,
    "is_deleted": true,
    "assigned_user": null,
    "group": 2,
    "requirement": null,
    "requirement_item": null,
    "project": null,
    "task": 2,
    "kanban_board": null,
    "kanban_card": null,
    "request_for_change": null,
    "customer": null,
    "organisation": null,
    "change_task": null,
    "meta_object": null,
    "meta_object_title": "",
    "meta_object_status": "",
    "link_relationship": "",
    "parent_link": ""
  }
},
{
  "model": "NearBeach.objectassignment",
  "pk": 25,
  "fields": {
    "date_created": "2023-02-20T10:37:12.767Z",
    "date_modified": "2023-02-20T10:37:12.767Z",
    "change_user": 1,
    "creation_user": 1,
    "is_deleted": true,
    "assigned_user": null,
    "group": 2,
    "requirement": null,
    "requirement_item": null,
    "project": null,
    "task": null,
    "kanban_board": null,
    "kanban_card": null,
    "request_for_change": 1,
    "customer": null,
    "organisation": null,
    "change_task": null,
    "meta_object": null,
    "meta_object_title": "",
    "meta_object_status": "",
    "link_relationship": "",
    "parent_link": ""
  }
},
{
  "model": "NearBeach.objectassignment",
  "pk": 26,
  "fields": {
    "date_created": "2023-02-20T10:40:02.466Z",
    "date_modified": "2023-02-20T10:40:02.466Z",
    "change_user": 1,
    "creation_user": 1,
    "is_deleted": true,
    "assigned_user": null,
    "group": 2,
    "requirement": null,
    "requirement_item": null,
    "project": null,
    "task": null,
    "kanban_board": null,
    "kanban_card": null,
    "request_for_change": 1,
    "customer": null,
    "organisation": null,
    "change_task": null,
    "meta_object": null,
    "meta_object_title": "",
    "meta_object_status": "",
    "link_relationship": "",
    "parent_link": ""
  }
},
{
  "model": "NearBeach.objectassignment",
  "pk": 27,
  "fields": {
    "date_created": "2023-02-20T10:43:44.500Z",
    "date_modified": "2023-02-20T10:43:44.500Z",
    "change_user": 1,
    "creation_user": 1,
    "is_deleted": false,
    "assigned_user": null,
    "group": 2,
    "requirement": null,
    "requirement_item": null,
    "project": null,
    "task": 2,
    "kanban_board": null,
    "kanban_card": null,
    "request_for_change": null,
    "customer": null,
    "organisation": null,
    "change_task": null,
    "meta_object": null,
    "meta_object_title": "",
    "meta_object_status": "",
    "link_relationship": "",
    "parent_link": ""
  }
},
{
  "model": "NearBeach.objectassignment",
  "pk": 28,
  "fields": {
    "date_created": "2023-02-20T10:49:25.057Z",
    "date_modified": "2023-02-20T10:49:25.057Z",
    "change_user": 1,
    "creation_user": 1,
    "is_deleted": true,
    "assigned_user": null,
    "group": 2,
    "requirement": null,
    "requirement_item": null,
    "project": null,
    "task": null,
    "kanban_board": null,
    "kanban_card": null,
    "request_for_change": 1,
    "customer": null,
    "organisation": null,
    "change_task": null,
    "meta_object": null,
    "meta_object_title": "",
    "meta_object_status": "",
    "link_relationship": "",
    "parent_link": ""
  }
},
{
  "model": "NearBeach.objectassignment",
  "pk": 29,
  "fields": {
    "date_created": "2023-02-20T10:57:24.376Z",
    "date_modified": "2023-02-20T10:57:24.376Z",
    "change_user": 1,
    "creation_user": 1,
    "is_deleted": true,
    "assigned_user": null,
    "group": 2,
    "requirement": null,
    "requirement_item": null,
    "project": null,
    "task": null,
    "kanban_board": null,
    "kanban_card": null,
    "request_for_change": 1,
    "customer": null,
    "organisation": null,
    "change_task": null,
    "meta_object": null,
    "meta_object_title": "",
    "meta_object_status": "",
    "link_relationship": "",
    "parent_link": ""
  }
},
{
  "model": "NearBeach.objectassignment",
  "pk": 30,
  "fields": {
    "date_created": "2023-02-20T11:00:54.678Z",
    "date_modified": "2023-02-20T11:00:54.678Z",
    "change_user": 1,
    "creation_user": 1,
    "is_deleted": false,
    "assigned_user": null,
    "group": 2,
    "requirement": null,
    "requirement_item": null,
    "project": null,
    "task": null,
    "kanban_board": null,
    "kanban_card": null,
    "request_for_change": 2,
    "customer": null,
    "organisation": null,
    "change_task": null,
    "meta_object": null,
    "meta_object_title": "",
    "meta_object_status": "",
    "link_relationship": "",
    "parent_link": ""
  }
},
{
  "model": "NearBeach.objectassignment",
  "pk": 31,
  "fields": {
    "date_created": "2023-02-20T11:01:01.010Z",
    "date_modified": "2023-02-20T11:01:01.010Z",
    "change_user": 1,
    "creation_user": 1,
    "is_deleted": false,
    "assigned_user": null,
    "group": 2,
    "requirement": 2,
    "requirement_item": null,
    "project": null,
    "task": null,
    "kanban_board": null,
    "kanban_card": null,
    "request_for_change": null,
    "customer": null,
    "organisation": null,
    "change_task": null,
    "meta_object": null,
    "meta_object_title": "",
    "meta_object_status": "",
    "link_relationship": "",
    "parent_link": ""
  }
},
{
  "model": "NearBeach.objectassignment",
  "pk": 32,
  "fields": {
    "date_created": "2023-02-20T11:01:07.872Z",
    "date_modified": "2023-02-20T11:01:07.872Z",
    "change_user": 1,
    "creation_user": 1,
    "is_deleted": false,
    "assigned_user": null,
    "group": 2,
    "requirement": null,
    "requirement_item": null,
    "project": 2,
    "task": null,
    "kanban_board": null,
    "kanban_card": null,
    "request_for_change": null,
    "customer": null,
    "organisation": null,
    "change_task": null,
    "meta_object": null,
    "meta_object_title": "",
    "meta_object_status": "",
    "link_relationship": "",
    "parent_link": ""
  }
},
{
  "model": "NearBeach.objectassignment",
  "pk": 33,
  "fields": {
    "date_created": "2023-02-20T11:01:20.403Z",
    "date_modified": "2023-02-20T11:01:20.403Z",
    "change_user": 1,
    "creation_user": 1,
    "is_deleted": false,
    "assigned_user": null,
    "group": 2,
    "requirement": null,
    "requirement_item": null,
    "project": null,
    "task": null,
    "kanban_board": 2,
    "kanban_card": null,
    "request_for_change": null,
    "customer": null,
    "organisation": null,
    "change_task": null,
    "meta_object": null,
    "meta_object_title": "",
    "meta_object_status": "",
    "link_relationship": "",
    "parent_link": ""
  }
},
{
  "model": "NearBeach.objectassignment",
  "pk": 34,
  "fields": {
    "date_created": "2024-05-13T08:35:50.388Z",
    "date_modified": "2024-05-13T08:35:50.388Z",
    "change_user": 1,
    "creation_user": 1,
    "is_deleted": false,
    "assigned_user": 1,
    "group": null,
    "requirement": 1,
    "requirement_item": null,
    "project": null,
    "task": null,
    "kanban_board": null,
    "kanban_card": null,
    "request_for_change": null,
    "customer": null,
    "organisation": null,
    "change_task": null,
    "meta_object": null,
    "meta_object_title": "",
    "meta_object_status": "",
    "link_relationship": "",
    "parent_link": ""
  }
},
{
  "model": "NearBeach.objectassignment",
  "pk": 35,
  "fields": {
    "date_created": "2024-05-13T10:29:17.681Z",
    "date_modified": "2024-05-13T10:29:17.681Z",
    "change_user": 1,
    "creation_user": 1,
    "is_deleted": false,
    "assigned_user": 1,
    "group": null,
    "requirement": null,
    "requirement_item": null,
    "project": 1,
    "task": null,
    "kanban_board": null,
    "kanban_card": null,
    "request_for_change": null,
    "customer": null,
    "organisation": null,
    "change_task": null,
    "meta_object": null,
    "meta_object_title": "",
    "meta_object_status": "",
    "link_relationship": "",
    "parent_link": ""
  }
},
{
  "model": "NearBeach.objectassignment",
  "pk": 36,
  "fields": {
    "date_created": "2024-05-13T10:30:40.078Z",
    "date_modified": "2024-05-13T10:30:40.078Z",
    "change_user": 1,
    "creation_user": 1,
    "is_deleted": false,
    "assigned_user": 5,
    "group": null,
    "requirement": null,
    "requirement_item": null,
    "project": null,
    "task": 2,
    "kanban_board": null,
    "kanban_card": null,
    "request_for_change": null,
    "customer": null,
    "organisation": null,
    "change_task": null,
    "meta_object": null,
    "meta_object_title": "",
    "meta_object_status": "",
    "link_relationship": "",
    "parent_link": ""
  }
},
{
  "model": "NearBeach.objectassignment",
  "pk": 37,
  "fields": {
    "date_created": "2024-05-13T10:41:58.777Z",
    "date_modified": "2024-05-13T10:41:58.777Z",
    "change_user": 2,
    "creation_user": 1,
    "is_deleted": false,
    "assigned_user": 3,
    "group": null,
    "requirement": null,
    "requirement_item": null,
    "project": null,
    "task": 2,
    "kanban_board": null,
    "kanban_card": null,
    "request_for_change": null,
    "customer": null,
    "organisation": null,
    "change_task": null,
    "meta_object": null,
    "meta_object_title": "",
    "meta_object_status": "",
    "link_relationship": "",
    "parent_link": ""
  }
},
{
  "model": "NearBeach.objectassignment",
  "pk": 38,
  "fields": {
    "date_created": "2024-05-13T10:42:14.120Z",
    "date_modified": "2024-05-13T10:42:14.120Z",
    "change_user": 2,
    "creation_user": 1,
    "is_deleted": false,
    "assigned_user": 2,
    "group": null,
    "requirement": null,
    "requirement_item": null,
    "project": null,
    "task": 2,
    "kanban_board": null,
    "kanban_card": null,
    "request_for_change": null,
    "customer": null,
    "organisation": null,
    "change_task": null,
    "meta_object": null,
    "meta_object_title": "",
    "meta_object_status": "",
    "link_relationship": "",
    "parent_link": ""
  }
},
{
  "model": "NearBeach.objectassignment",
  "pk": 39,
  "fields": {
    "date_created": "2024-09-25T09:46:04.567Z",
    "date_modified": "2024-09-25T09:46:04.567Z",
    "change_user": 7,
    "creation_user": 1,
    "is_deleted": false,
    "assigned_user": 8,
    "group": null,
    "requirement": null,
    "requirement_item": null,
    "project": null,
    "task": 2,
    "kanban_board": null,
    "kanban_card": null,
    "request_for_change": null,
    "customer": null,
    "organisation": null,
    "change_task": null,
    "meta_object": null,
    "meta_object_title": "",
    "meta_object_status": "",
    "link_relationship": "",
    "parent_link": ""
  }
},
{
  "model": "NearBeach.objectassignment",
  "pk": 40,
  "fields": {
    "date_created": "2025-09-22T11:20:03.739Z",
    "date_modified": "2025-09-22T11:20:03.739Z",
    "change_user": 1,
    "creation_user": 1,
    "is_deleted": false,
    "assigned_user": null,
    "group": null,
    "requirement": 1,
    "requirement_item": null,
    "project": 1,
    "task": null,
    "kanban_board": null,
    "kanban_card": null,
    "request_for_change": null,
    "customer": null,
    "organisation": null,
    "change_task": null,
    "meta_object": null,
    "meta_object_title": "",
    "meta_object_status": "",
    "link_relationship": "Subobject",
    "parent_link": "project"
  }
},
{
  "model": "NearBeach.objectassignment",
  "pk": 41,
  "fields": {
    "date_created": "2025-09-22T11:20:03.741Z",
    "date_modified": "2025-09-22T11:20:03.741Z",
    "change_user": 1,
    "creation_user": 1,
    "is_deleted": false,
    "assigned_user": null,
    "group": null,
    "requirement": 2,
    "requirement_item": null,
    "project": 1,
    "task": null,
    "kanban_board": null,
    "kanban_card": null,
    "request_for_change": null,
    "customer": null,
    "organisation": null,
    "change_task": null,
    "meta_object": null,
    "meta_object_title": "",
    "meta_object_status": "",
    "link_relationship": "Subobject",
    "parent_link": "project"
  }
},
{
  "model": "NearBeach.objectassignment",
  "pk": 42,
  "fields": {
    "date_created": "2025-09-22T11:20:08.906Z",
    "date_modified": "2025-09-22T11:20:08.906Z",
    "change_user": 1,
    "creation_user": 1,
    "is_deleted": false,
    "assigned_user": null,
    "group": null,
    "requirement": null,
    "requirement_item": null,
    "project": 1,
    "task": null,
    "kanban_board": null,
    "kanban_card": null,
    "request_for_change": null,
    "customer": null,
    "organisation": null,
    "change_task": null,
    "meta_object": 2,
    "meta_object_title": "Project - QA Team",
    "meta_object_status": "New",
    "link_relationship": "Relate",
    "parent_link": "project"
  }
},
{
  "model": "NearBeach.objectassignment",
  "pk": 43,
  "fields": {
    "date_created": "2025-09-22T11:20:18.659Z",
    "date_modified": "2025-09-22T11:20:18.659Z",
    "change_user": 1,
    "creation_user": 1,
    "is_deleted": false,
    "assigned_user": null,
    "group": null,
    "requirement": null,
    "requirement_item": null,
    "project": 1,
    "task": 1,
    "kanban_board": null,
    "kanban_card": null,
    "request_for_change": null,
    "customer": null,
    "organisation": null,
    "change_task": null,
    "meta_object": null,
    "meta_object_title": "",
    "meta_object_status": "",
    "link_relationship": "Relate",
    "parent_link": "project"
  }
},
{
  "model": "NearBeach.objectassignment",
  "pk": 44,
  "fields": {
    "date_created": "2025-09-22T11:20:18.662Z",
    "date_modified": "2025-09-22T11:20:18.662Z",
    "change_user": 1,
    "creation_user": 1,
    "is_deleted": false,
    "assigned_user": null,
    "group": null,
    "requirement": null,
    "requirement_item": null,
    "project": 1,
    "task": 2,
    "kanban_board": null,
    "kanban_card": null,
    "request_for_change": null,
    "customer": null,
    "organisation": null,
    "change_task": null,
    "meta_object": null,
    "meta_object_title": "",
    "meta_object_status": "",
    "link_relationship": "Relate",
    "parent_link": "project"
  }
},
{
  "model": "NearBeach.objectassignment",
  "pk": 45,
  "fields": {
    "date_created": "2025-09-22T11:22:56.961Z",
    "date_modified": "2025-09-22T11:22:56.961Z",
    "change_user": 1,
    "creation_user": 1,
    "is_deleted": false,
    "assigned_user": null,
    "group": null,
    "requirement": 1,
    "requirement_item": null,
    "project": 2,
    "task": null,
    "kanban_board": null,
    "kanban_card": null,
    "request_for_change": null,
    "customer": null,
    "organisation": null,
    "change_task": null,
    "meta_object": null,
    "meta_object_title": "",
    "meta_object_status": "",
    "link_relationship": "Subobject",
    "parent_link": "project"
  }
},
{
  "model": "NearBeach.objectassignment",
  "pk": 46,
  "fields": {
    "date_created": "2025-09-22T11:22:56.966Z",
    "date_modified": "2025-09-22T11:22:56.966Z",
    "change_user": 1,
    "creation_user": 1,
    "is_deleted": false,
    "assigned_user": null,
    "group": null,
    "requirement": 2,
    "requirement_item": null,
    "project": 2,
    "task": null,
    "kanban_board": null,
    "kanban_card": null,
    "request_for_change": null,
    "customer": null,
    "organisation": null,
    "change_task": null,
    "meta_object": null,
    "meta_object_title": "",
    "meta_object_status": "",
    "link_relationship": "Subobject",
    "parent_link": "project"
  }
},
{
  "model": "NearBeach.objectassignment",
  "pk": 47,
  "fields": {
    "date_created": "2025-09-22T11:23:04.441Z",
    "date_modified": "2025-09-22T11:23:04.441Z",
    "change_user": 1,
    "creation_user": 1,
    "is_deleted": false,
    "assigned_user": null,
    "group": null,
    "requirement": null,
    "requirement_item": null,
    "project": 2,
    "task": 1,
    "kanban_board": null,
    "kanban_card": null,
    "request_for_change": null,
    "customer": null,
    "organisation": null,
    "change_task": null,
    "meta_object": null,
    "meta_object_title": "",
    "meta_object_status": "",
    "link_relationship": "Relate",
    "parent_link": "project"
  }
},
{
  "model": "NearBeach.objectassignment",
  "pk": 48,
  "fields": {
    "date_created": "2025-09-22T11:23:04.449Z",
    "date_modified": "2025-09-22T11:23:04.449Z",
    "change_user": 1,
    "creation_user": 1,
    "is_deleted": false,
    "assigned_user": null,
    "group": null,
    "requirement": null,
    "requirement_item": null,
    "project": 2,
    "task": 2,
    "kanban_board": null,
    "kanban_card": null,
    "request_for_change": null,
    "customer": null,
    "organisation": null,
    "change_task": null,
    "meta_object": null,
    "meta_object_title": "",
    "meta_object_status": "",
    "link_relationship": "Relate",
    "parent_link": "project"
  }
},
{
  "model": "NearBeach.permissionset",
  "pk": 1,
  "fields": {
    "date_created": "2023-02-15T08:56:14.213Z",
    "date_modified": "2023-02-15T08:56:14.213Z",
    "change_user": 1,
    "creation_user": 1,
    "is_deleted": false,
    "name": "Administration Permission Set",
    "administration_assign_user_to_group": 4,
    "administration_create_group": 4,
    "administration_create_permission_set": 4,
    "administration_create_user": 4,
    "customer": 4,
    "kanban_board": 4,
    "organisation": 4,
    "project": 4,
    "request_for_change": 4,
    "requirement": 4,
    "schedule_object": 4,
    "sprint": 0,
    "task": 4,
    "tag": 4,
    "document": 1,
    "kanban_note": 1,
    "project_note": 1,
    "task_note": 1,
    "requirement_note": 0,
    "requirement_item_note": 0,
    "organisation_note": 0
  }
},
{
  "model": "NearBeach.permissionset",
  "pk": 2,
  "fields": {
    "date_created": "2023-02-15T08:59:39.865Z",
    "date_modified": "2023-05-24T11:22:55.972Z",
    "change_user": 1,
    "creation_user": 1,
    "is_deleted": false,
    "name": "Full Permission",
    "administration_assign_user_to_group": 0,
    "administration_create_group": 0,
    "administration_create_permission_set": 0,
    "administration_create_user": 0,
    "customer": 4,
    "kanban_board": 4,
    "organisation": 4,
    "project": 4,
    "request_for_change": 4,
    "requirement": 4,
    "schedule_object": 3,
    "sprint": 0,
    "task": 4,
    "tag": 4,
    "document": 0,
    "kanban_note": 0,
    "project_note": 0,
    "task_note": 0,
    "requirement_note": 0,
    "requirement_item_note": 0,
    "organisation_note": 0
  }
},
{
  "model": "NearBeach.permissionset",
  "pk": 3,
  "fields": {
    "date_created": "2023-02-15T09:00:25.979Z",
    "date_modified": "2023-05-24T11:23:06.295Z",
    "change_user": 1,
    "creation_user": 1,
    "is_deleted": false,
    "name": "Add and Edit",
    "administration_assign_user_to_group": 0,
    "administration_create_group": 0,
    "administration_create_permission_set": 0,
    "administration_create_user": 0,
    "customer": 3,
    "kanban_board": 3,
    "organisation": 3,
    "project": 3,
    "request_for_change": 3,
    "requirement": 3,
    "schedule_object": 3,
    "sprint": 0,
    "task": 3,
    "tag": 3,
    "document": 0,
    "kanban_note": 0,
    "project_note": 0,
    "task_note": 0,
    "requirement_note": 0,
    "requirement_item_note": 0,
    "organisation_note": 0
  }
},
{
  "model": "NearBeach.permissionset",
  "pk": 4,
  "fields": {
    "date_created": "2023-02-15T09:01:39.074Z",
    "date_modified": "2023-05-24T11:23:18.253Z",
    "change_user": 1,
    "creation_user": 1,
    "is_deleted": false,
    "name": "Edit Only",
    "administration_assign_user_to_group": 0,
    "administration_create_group": 0,
    "administration_create_permission_set": 0,
    "administration_create_user": 0,
    "customer": 2,
    "kanban_board": 2,
    "organisation": 2,
    "project": 2,
    "request_for_change": 2,
    "requirement": 2,
    "schedule_object": 2,
    "sprint": 0,
    "task": 2,
    "tag": 2,
    "document": 0,
    "kanban_note": 0,
    "project_note": 0,
    "task_note": 0,
    "requirement_note": 0,
    "requirement_item_note": 0,
    "organisation_note": 0
  }
},
{
  "model": "NearBeach.permissionset",
  "pk": 5,
  "fields": {
    "date_created": "2023-02-15T09:02:30.893Z",
    "date_modified": "2023-05-24T11:23:33.179Z",
    "change_user": 1,
    "creation_user": 1,
    "is_deleted": false,
    "name": "Read Only",
    "administration_assign_user_to_group": 0,
    "administration_create_group": 0,
    "administration_create_permission_set": 0,
    "administration_create_user": 0,
    "customer": 1,
    "kanban_board": 1,
    "organisation": 1,
    "project": 1,
    "request_for_change": 1,
    "requirement": 1,
    "schedule_object": 1,
    "sprint": 0,
    "task": 1,
    "tag": 1,
    "document": 0,
    "kanban_note": 0,
    "project_note": 0,
    "task_note": 0,
    "requirement_note": 0,
    "requirement_item_note": 0,
    "organisation_note": 0
  }
},
{
  "model": "NearBeach.permissionset",
  "pk": 6,
  "fields": {
    "date_created": "2023-02-15T09:03:06.209Z",
    "date_modified": "2024-09-25T10:00:38.360Z",
    "change_user": 1,
    "creation_user": 1,
    "is_deleted": false,
    "name": "Read Only + Extra",
    "administration_assign_user_to_group": 0,
    "administration_create_group": 0,
    "administration_create_permission_set": 0,
    "administration_create_user": 0,
    "customer": 1,
    "kanban_board": 1,
    "organisation": 1,
    "project": 1,
    "request_for_change": 1,
    "requirement": 1,
    "schedule_object": 1,
    "sprint": 0,
    "task": 1,
    "tag": 1,
    "document": 1,
    "kanban_note": 1,
    "project_note": 1,
    "task_note": 1,
    "requirement_note": 1,
    "requirement_item_note": 1,
    "organisation_note": 1
  }
},
{
  "model": "NearBeach.sprint",
  "pk": 1,
  "fields": {
    "date_created": "2024-03-18T08:45:43.446Z",
    "date_modified": "2024-03-18T08:45:43.446Z",
    "change_user": 1,
    "creation_user": 1,
    "is_deleted": false,
    "title": "project-1 - Sprint 1 - 18 Mar 2024",
    "requirement": null,
    "project": 1,
    "total_story_points": 0,
    "completed_story_points": 0,
    "sprint_status": "Draft",
    "sprint_start_date": "2024-03-18T08:45:28.841Z",
    "sprint_end_date": "2024-03-25T08:45:28.841Z"
  }
},
{
  "model": "NearBeach.sprint",
  "pk": 2,
  "fields": {
    "date_created": "2024-03-18T08:45:48.772Z",
    "date_modified": "2024-03-18T08:45:48.772Z",
    "change_user": 1,
    "creation_user": 1,
    "is_deleted": false,
    "title": "project-2 - Sprint 1 - 18 Mar 2024",
    "requirement": null,
    "project": 2,
    "total_story_points": 0,
    "completed_story_points": 0,
    "sprint_status": "Draft",
    "sprint_start_date": "2024-03-18T08:45:29.300Z",
    "sprint_end_date": "2024-03-25T08:45:29.300Z"
  }
},
{
  "model": "NearBeach.sprint",
  "pk": 3,
  "fields": {
    "date_created": "2024-03-18T08:46:56.631Z",
    "date_modified": "2024-03-18T08:46:56.631Z",
    "change_user": 1,
    "creation_user": 1,
    "is_deleted": false,
    "title": "requirement-1 - Sprint 1 - 18 Mar 2024",
    "requirement": 1,
    "project": null,
    "total_story_points": 0,
    "completed_story_points": 0,
    "sprint_status": "Draft",
    "sprint_start_date": "2024-03-18T08:45:37.303Z",
    "sprint_end_date": "2024-03-25T08:45:37.303Z"
  }
},
{
  "model": "NearBeach.sprint",
  "pk": 4,
  "fields": {
    "date_created": "2024-03-18T08:47:01.096Z",
    "date_modified": "2024-03-18T08:47:01.096Z",
    "change_user": 1,
    "creation_user": 1,
    "is_deleted": false,
    "title": "requirement-2 - Sprint 1 - 18 Mar 2024",
    "requirement": 2,
    "project": null,
    "total_story_points": 0,
    "completed_story_points": 0,
    "sprint_status": "Draft",
    "sprint_start_date": "2024-03-18T08:45:37.782Z",
    "sprint_end_date": "2024-03-25T08:45:37.782Z"
  }
},
{
  "model": "NearBeach.sprintobjectassignment",
  "pk": 1,
  "fields": {
    "date_created": "2024-03-18T08:48:15.226Z",
    "date_modified": "2024-03-18T08:48:15.226Z",
    "change_user": 1,
    "creation_user": 1,
    "is_deleted": false,
    "sprint_id": 1,
    "requirement_item": null,
    "project": null,
    "task": 1
  }
},
{
  "model": "NearBeach.sprintobjectassignment",
  "pk": 2,
  "fields": {
    "date_created": "2024-03-18T08:48:15.229Z",
    "date_modified": "2024-03-18T08:48:15.229Z",
    "change_user": 1,
    "creation_user": 1,
    "is_deleted": false,
    "sprint_id": 1,
    "requirement_item": null,
    "project": null,
    "task": 2
  }
},
{
  "model": "NearBeach.sprintobjectassignment",
  "pk": 3,
  "fields": {
    "date_created": "2024-03-18T08:48:26.803Z",
    "date_modified": "2024-03-18T08:48:26.803Z",
    "change_user": 1,
    "creation_user": 1,
    "is_deleted": false,
    "sprint_id": 2,
    "requirement_item": null,
    "project": null,
    "task": 1
  }
},
{
  "model": "NearBeach.sprintobjectassignment",
  "pk": 4,
  "fields": {
    "date_created": "2024-03-18T08:48:26.808Z",
    "date_modified": "2024-03-18T08:48:26.808Z",
    "change_user": 1,
    "creation_user": 1,
    "is_deleted": false,
    "sprint_id": 2,
    "requirement_item": null,
    "project": null,
    "task": 2
  }
},
{
  "model": "NearBeach.sprintobjectassignment",
  "pk": 5,
  "fields": {
    "date_created": "2024-03-18T08:48:36.349Z",
    "date_modified": "2024-03-18T08:48:36.349Z",
    "change_user": 1,
    "creation_user": 1,
    "is_deleted": false,
    "sprint_id": 3,
    "requirement_item": null,
    "project": null,
    "task": 1
  }
},
{
  "model": "NearBeach.sprintobjectassignment",
  "pk": 6,
  "fields": {
    "date_created": "2024-03-18T08:48:36.352Z",
    "date_modified": "2024-03-18T08:48:36.352Z",
    "change_user": 1,
    "creation_user": 1,
    "is_deleted": false,
    "sprint_id": 3,
    "requirement_item": null,
    "project": null,
    "task": 2
  }
},
{
  "model": "NearBeach.sprintobjectassignment",
  "pk": 7,
  "fields": {
    "date_created": "2024-03-18T08:48:42.818Z",
    "date_modified": "2024-03-18T08:48:42.819Z",
    "change_user": 1,
    "creation_user": 1,
    "is_deleted": false,
    "sprint_id": 4,
    "requirement_item": null,
    "project": null,
    "task": 1
  }
},
{
  "model": "NearBeach.sprintobjectassignment",
  "pk": 8,
  "fields": {
    "date_created": "2024-03-18T08:48:42.821Z",
    "date_modified": "2024-03-18T08:48:42.821Z",
    "change_user": 1,
    "creation_user": 1,
    "is_deleted": false,
    "sprint_id": 4,
    "requirement_item": null,
    "project": null,
    "task": 2
  }
},
{
  "model": "NearBeach.usergroup",
  "pk": 1,
  "fields": {
    "date_created": "2023-02-15T08:56:14.220Z",
    "date_modified": "2023-02-15T08:56:14.220Z",
    "change_user": 1,
    "creation_user": 1,
    "is_deleted": false,
    "username": 1,
    "group": 1,
    "permission_set": 1,
    "report_to": null,
    "group_leader": false
  }
},
{
  "model": "NearBeach.usergroup",
  "pk": 2,
  "fields": {
    "date_created": "2023-02-15T09:04:42.520Z",
    "date_modified": "2023-02-15T09:04:42.520Z",
    "change_user": 1,
    "creation_user": 1,
    "is_deleted": false,
    "username": 1,
    "group": 2,
    "permission_set": 1,
    "report_to": null,
    "group_leader": false
  }
},
{
  "model": "NearBeach.usergroup",
  "pk": 3,
  "fields": {
    "date_created": "2023-02-15T09:08:51.415Z",
    "date_modified": "2023-02-15T09:08:51.415Z",
    "change_user": 1,
    "creation_user": 1,
    "is_deleted": false,
    "username": 2,
    "group": 2,
    "permission_set": 2,
    "report_to": null,
    "group_leader": false
  }
},
{
  "model": "NearBeach.usergroup",
  "pk": 4,
  "fields": {
    "date_created": "2023-02-15T09:09:32.744Z",
    "date_modified": "2023-02-15T09:09:32.744Z",
    "change_user": 1,
    "creation_user": 1,
    "is_deleted": false,
    "username": 3,
    "group": 2,
    "permission_set": 3,
    "report_to": null,
    "group_leader": false
  }
},
{
  "model": "NearBeach.usergroup",
  "pk": 5,
  "fields": {
    "date_created": "2023-02-15T09:10:08.428Z",
    "date_modified": "2023-02-15T09:10:08.428Z",
    "change_user": 1,
    "creation_user": 1,
    "is_deleted": false,
    "username": 4,
    "group": 2,
    "permission_set": 4,
    "report_to": null,
    "group_leader": false
  }
},
{
  "model": "NearBeach.usergroup",
  "pk": 6,
  "fields": {
    "date_created": "2023-02-15T09:10:53.123Z",
    "date_modified": "2023-02-15T09:10:53.124Z",
    "change_user": 1,
    "creation_user": 1,
    "is_deleted": false,
    "username": 5,
    "group": 2,
    "permission_set": 5,
    "report_to": null,
    "group_leader": false
  }
},
{
  "model": "NearBeach.usergroup",
  "pk": 7,
  "fields": {
    "date_created": "2023-09-06T09:36:33.239Z",
    "date_modified": "2023-09-06T09:36:33.239Z",
    "change_user": 1,
    "creation_user": 1,
    "is_deleted": false,
    "username": 7,
    "group": 1,
    "permission_set": 1,
    "report_to": null,
    "group_leader": true
  }
},
{
  "model": "NearBeach.usergroup",
  "pk": 8,
  "fields": {
    "date_created": "2024-09-25T09:10:37.683Z",
    "date_modified": "2024-09-25T09:10:37.683Z",
    "change_user": 7,
    "creation_user": 1,
    "is_deleted": false,
    "username": 8,
    "group": 2,
    "permission_set": 6,
    "report_to": null,
    "group_leader": false
  }
},
{
  "model": "NearBeach.userjob",
  "pk": 1,
  "fields": {
    "date_created": "2024-05-13T10:29:27.540Z",
    "date_modified": "2024-05-13T10:32:17.413Z",
    "change_user": 1,
    "creation_user": 1,
    "is_deleted": false,
    "project": 1,
    "task": null,
    "kanban_card": null,
    "username": 1,
    "date": "2024-05-14",
    "sort_number": 0
  }
},
{
  "model": "NearBeach.userjob",
  "pk": 2,
  "fields": {
    "date_created": "2024-05-13T10:30:51.400Z",
    "date_modified": "2024-05-13T10:30:51.400Z",
    "change_user": 5,
    "creation_user": 1,
    "is_deleted": false,
    "project": null,
    "task": 2,
    "kanban_card": null,
    "username": 5,
    "date": "2024-05-13",
    "sort_number": 0
  }
},
{
  "model": "NearBeach.userjob",
  "pk": 3,
  "fields": {
    "date_created": "2024-05-13T10:42:21.906Z",
    "date_modified": "2024-05-13T10:42:30.668Z",
    "change_user": 2,
    "creation_user": 1,
    "is_deleted": false,
    "project": null,
    "task": 2,
    "kanban_card": null,
    "username": 2,
    "date": "2024-05-14",
    "sort_number": 0
  }
},
{
  "model": "NearBeach.userjob",
  "pk": 4,
  "fields": {
    "date_created": "2024-09-25T09:42:44.248Z",
    "date_modified": "2024-09-25T09:42:47.033Z",
    "change_user": 5,
    "creation_user": 1,
    "is_deleted": false,
    "project": null,
    "task": 2,
    "kanban_card": null,
    "username": 5,
    "date": "2024-09-26",
    "sort_number": 0
  }
},
{
  "model": "NearBeach.userjob",
  "pk": 5,
  "fields": {
    "date_created": "2024-09-25T09:46:15.465Z",
    "date_modified": "2024-09-25T09:46:15.465Z",
    "change_user": 8,
    "creation_user": 1,
    "is_deleted": false,
    "project": null,
    "task": 2,
    "kanban_card": null,
    "username": 8,
    "date": "2024-09-25",
    "sort_number": 0
  }
},
{
  "model": "NearBeach.usersetting",
  "pk": 1,
  "fields": {
    "date_created": "2026-02-19T22:19:30.856Z",
    "date_modified": "2026-02-19T22:19:30.883Z",
    "change_user": 1,
    "creation_user": 1,
    "is_deleted": false,
    "username": 7,
    "setting_type": "theme",
    "setting_data": {
      "theme": "dark"
    }
  }
},
{
  "model": "NearBeach.usersetting",
  "pk": 2,
  "fields": {
    "date_created": "2026-02-19T22:19:30.856Z",
    "date_modified": "2026-02-19T22:19:30.883Z",
    "change_user": 1,
    "creation_user": 1,
    "is_deleted": false,
    "username": 8,
    "setting_type": "theme",
    "setting_data": {
      "theme": "dark"
    }
  }
},
{
  "model": "knox.authtoken",
  "pk": "1cb749ee06e48ffb1ea912652dd74a991d05376fa2510bf814a186615d17024fdeb5fbfd972aeb95a00ffc9364fe7c81d1b3cc46feec9483a70adbb7372d4c9d",
  "fields": {
    "token_key": "bac8cc33798cc3b",
    "user": 6,
    "created": "2025-09-26T09:17:47.304Z",
    "expiry": "2025-10-26T09:17:47.303Z"
  }
},
{
  "model": "knox.authtoken",
  "pk": "2cb4125ce45a670f42ae1915d78b5ec7a665eb8ba6a475a39e7234ffc400f069b26f4d51136396bf30767e3d4044558a690b6dd0643cc2bfa1954ec2949c6c4b",
  "fields": {
    "token_key": "f6c28afb644b55f",
    "user": 5,
    "created": "2025-09-26T09:18:03.319Z",
    "expiry": "2025-10-26T09:18:03.317Z"
  }
},
{
  "model": "knox.authtoken",
  "pk": "5c562553b64ec438cc36e85cf3eef33dbce7bfd719ecad9e2e29dd0ca085b57bfd9277f2b7ec12f638349a9949df0fc44fd56a8a9254839760f77e418dbba1be",
  "fields": {
    "token_key": "c8bee226f8ebf49",
    "user": 7,
    "created": "2025-09-26T09:17:42.614Z",
    "expiry": "2025-10-26T09:17:42.613Z"
  }
},
{
  "model": "knox.authtoken",
  "pk": "608769efc72a579e4092e704b424db36c719d88e60dac9e544784dc9acab868ac9a8c53b2f8c27e69c2569d85e3a6476ee994d1b071c0ff335c63be035d8e5a4",
  "fields": {
    "token_key": "364f6338fb985a6",
    "user": 8,
    "created": "2025-09-26T09:18:06.696Z",
    "expiry": "2025-10-26T09:18:06.694Z"
  }
},
{
  "model": "knox.authtoken",
  "pk": "9efa2641316d368480956df9c632f09973a7ef27b375eed8c77c41439cd7f30db38b6d4cafa676f3774e20b5200787419bc7ae53b08c70cfb5d35effbf3df518",
  "fields": {
    "token_key": "86f55dc80e69b39",
    "user": 2,
    "created": "2025-09-26T09:17:55.459Z",
    "expiry": "2025-10-26T09:17:55.458Z"
  }
},
{
  "model": "knox.authtoken",
  "pk": "b160c9b126e95d65566a3099c8de84bba41734b0877429e3359b4bd13ac9ddccdc779fd6cbd1b0e25ec74b53398b523f5b7cea97999ed8fb3058fe6274d4e2c5",
  "fields": {
    "token_key": "47547bf6d13728b",
    "user": 4,
    "created": "2025-09-26T09:17:51.641Z",
    "expiry": "2025-10-26T09:17:51.640Z"
  }
},
{
  "model": "knox.authtoken",
  "pk": "b171178a441ac13f376013aebb2ec9190b5cd47d9e779f51e59cc33d017924ec170226a87fee8a314a840e80a08b84d76edd9587bbda3ee3b1a3936076f9fe98",
  "fields": {
    "token_key": "9794242af5a9f41",
    "user": 1,
    "created": "2025-09-26T09:18:10.855Z",
    "expiry": "2025-10-26T09:18:10.854Z"
  }
},
{
  "model": "knox.authtoken",
  "pk": "fa9c312d26cc30d421425b2b15391dad85377ef824e010236cda6b1b86f8712acd4f07f39828c5bb9600960a470666e58b23b5fb31055c4621d33c76edb9618a",
  "fields": {
    "token_key": "bfe0ff0343f346d",
    "user": 3,
    "created": "2025-09-26T09:17:58.895Z",
    "expiry": "2025-10-26T09:17:58.894Z"
  }
},
{
  "model": "auth.user",
  "pk": 1,
  "fields": {
    "password": "pbkdf2_sha256$1000000$KXozqanrdtkNtU5sIruh26$ZMqTWvF2Rhfy7feE3DdO1IYUUaAO8X6ry1pC6dQkIoQ=",
    "last_login": "2025-09-26T09:17:17.663Z",
    "is_superuser": true,
    "username": "admin",
    "first_name": "Admin",
    "last_name": "User",
    "email": "support@nearbeach.org",
    "is_staff": true,
    "is_active": true,
    "date_joined": "2023-02-15T08:52:25.503Z",
    "groups": [],
    "user_permissions": []
  }
},
{
  "model": "auth.user",
  "pk": 2,
  "fields": {
    "password": "pbkdf2_sha256$1000000$xQTdiET8crYOALsTR4ceXm$jTY/AjeXLKRciBk6bQTff0ia4mjgVDPKh7RqDEXHDlI=",
    "last_login": "2025-09-26T09:57:16.274Z",
    "is_superuser": false,
    "username": "team_leader",
    "first_name": "Team",
    "last_name": "Leader",
    "email": "support@nearbeach.org",
    "is_staff": false,
    "is_active": true,
    "date_joined": "2023-02-15T09:08:39.426Z",
    "groups": [],
    "user_permissions": []
  }
},
{
  "model": "auth.user",
  "pk": 3,
  "fields": {
    "password": "pbkdf2_sha256$390000$fciTE1U9rkrQT7CxjHi2ae$B7zRiPi1Yvj6DsipShCbeJ2vaB2eSlOt7V7T8Pd1NDQ=",
    "last_login": null,
    "is_superuser": false,
    "username": "team_member",
    "first_name": "Team",
    "last_name": "Member",
    "email": "support@nearbeach.org",
    "is_staff": false,
    "is_active": true,
    "date_joined": "2023-02-15T09:09:18.372Z",
    "groups": [],
    "user_permissions": []
  }
},
{
  "model": "auth.user",
  "pk": 4,
  "fields": {
    "password": "pbkdf2_sha256$390000$g4K0zwz343vSUFJ98oChdw$kVnvD01xefHMYKJlVBCzHc7fsgQ37IobChg7e0WCCRc=",
    "last_login": null,
    "is_superuser": false,
    "username": "team_intern",
    "first_name": "Team",
    "last_name": "Intern",
    "email": "support@nearbeach.org",
    "is_staff": false,
    "is_active": true,
    "date_joined": "2023-02-15T09:09:54.016Z",
    "groups": [],
    "user_permissions": []
  }
},
{
  "model": "auth.user",
  "pk": 5,
  "fields": {
    "password": "pbkdf2_sha256$720000$lme60tWetgq1EdCCjo4iPZ$tGR4stCLa56Rt/LjtHYKCff2RDtJ0RJ4pFr4fC24TXo=",
    "last_login": "2024-09-25T09:42:33.989Z",
    "is_superuser": false,
    "username": "read_only",
    "first_name": "Read",
    "last_name": "Only",
    "email": "support@nearbeach.org",
    "is_staff": false,
    "is_active": true,
    "date_joined": "2023-02-15T09:10:40.680Z",
    "groups": [],
    "user_permissions": []
  }
},
{
  "model": "auth.user",
  "pk": 6,
  "fields": {
    "password": "pbkdf2_sha256$390000$3pWQzzL3ZWG5rSXBMRZ1nU$phvpS5OFRmW+BHal2eEViCtXpGFIo47RVcyUWTSjjLg=",
    "last_login": null,
    "is_superuser": false,
    "username": "no_group",
    "first_name": "No",
    "last_name": "Group",
    "email": "support@nearbeach.org",
    "is_staff": false,
    "is_active": true,
    "date_joined": "2023-02-15T09:11:23.252Z",
    "groups": [],
    "user_permissions": []
  }
},
{
  "model": "auth.user",
  "pk": 7,
  "fields": {
    "password": "pbkdf2_sha256$870000$S9jOgaSalLvViureHOXhJK$7aZn4tgZ2z7Ytskbqy20LefxMERj3angLXlbi8r3aEI=",
    "last_login": "2025-05-05T08:47:36.110Z",
    "is_superuser": true,
    "username": "dark_admin",
    "first_name": "Dark",
    "last_name": "Admin",
    "email": "support@nearbeach.org",
    "is_staff": false,
    "is_active": true,
    "date_joined": "2023-09-06T09:36:15.453Z",
    "groups": [],
    "user_permissions": []
  }
},
{
  "model": "auth.user",
  "pk": 8,
  "fields": {
    "password": "pbkdf2_sha256$720000$NWvmRMCfh3D6qWbNgpnVDA$F5fic/7kUyUHxLhDfBPJ8WjR82S233RGCJO61KNJpyQ=",
    "last_login": "2024-09-25T09:57:29.464Z",
    "is_superuser": false,
    "username": "read_only_extra",
    "first_name": "Read",
    "last_name": "Only Extra",
    "email": "support@nearbeach.org",
    "is_staff": false,
    "is_active": true,
    "date_joined": "2024-09-25T09:10:28.168Z",
    "groups": [],
    "user_permissions": []
  }
},
{
  "model": "sessions.session",
  "pk": "1dxxe5glzsbvq94spcivlz28kvq8vazx",
  "fields": {
    "session_data": ".eJxVjEEOgyAQRe_CuiEoI4wuu-8ZyABjtTXagKya3r2SuGi3_73_3sJR2SdXMic3RzGITlx-N0_hyWsF8UHrfZNhW_c0e1kVedIsb1vk5Xq6f4GJ8nS8jUdq0IIhrbANYDmy5l5FGAMCtR1Y4xtkYgjYKd1Ab9AAe2DSBPqIztnl8uJUs2IYacn8-QK2uz9a:1s6Swp:5KDFXsDZsmVAprYtI7TP_dX-ddlKrYDYujwVQTCZbSU",
    "expire_date": "2024-05-27T10:30:23.003Z"
  }
},
{
  "model": "sessions.session",
  "pk": "2d0a7wnqmtllewu86yqgf4hncwjaxqtk",
  "fields": {
    "session_data": ".eJxVjEEOwiAQRe_C2hBLgYEu3XsGMjCDrZrWQFkZ726bdKHb_95_bxGwrWNolUuYSAwCxOl3i5gePO-A7jjfFpmWeS1TlLsiD1rldSF-Xg73LzBiHbe3AYuWLHcZbEq-d2CdBuNVZtKgQQGyJ9tpb8AZh4bOPlM0kFH1KastOtVQ24vLnhXDWhp_vm-8PxQ:1t1iXR:1mJ_IjjkqHzL47CqIE8fjOqFnqLXt52NO69kRTLBhx4",
    "expire_date": "2024-11-01T08:40:49.734Z"
  }
},
{
  "model": "sessions.session",
  "pk": "41t2bmdty3irkugyv45mcq9p5oivovhk",
  "fields": {
    "session_data": ".eJxVjDsOwjAQBe_iGln-xJ-kpOcM1nq9xoEoQXZSIe5OIqWA9s28ebMA21rC1qiGMbGBeXb53SLgk-YDpAfM94XjMq91jPxQ-Ekbvy2Jpuvp_gUKtLK_IyhByXuZrdFkCSlKp5JDJT1pFNmoHnTMgL1Ba0AILRwo23e-U4ncHh1baNuL6pFlQ4ap0ecL5aQ_3g:1stOm1:fa0fhnVS-zfJqt2mgTTqYgfLfrIyY4E6bpQsk8l_HIU",
    "expire_date": "2024-10-09T09:57:29.474Z"
  }
},
{
  "model": "sessions.session",
  "pk": "4ihdjbrhcx7hokg3uisrpinxhca0e34d",
  "fields": {
    "session_data": ".eJxVjEEOwiAQRe_C2hAYoNQu3XsGwgyDrZrWQFkZ726bdKHb_95_bxFiW8fQKpcwJTEILU6_G0Z68LyDdI_zbZG0zGuZUO6KPGiV1yXx83K4f4Ex1nF7O0Ai68FFdqlPkdH1nBUmC-SzNqAUeaMMGtuBBsAz6q7LtrfaGqdoi0411PbismfFsJbGny-LGT7k:1rWvse:lyt6TXjJYt27JiKtOvUdRIF7rY3B9FsAx6nGOaFkuVA",
    "expire_date": "2024-02-19T10:07:12.158Z"
  }
},
{
  "model": "sessions.session",
  "pk": "6ijlztlbeuobpqj85nn5sz82nxb27b6e",
  "fields": {
    "session_data": ".eJxVjMsOwiAUBf-FtSHQF-DSvd9AuC9bNa2BsjL-u23ShW7PzJm3iqmuY6yFc5xInZVVp98NEj543gHd03xbNC7zmifQu6IPWvR1IX5eDvcvMKYybm8YerLGJ9dZsCKBxAV0BJ4QWtMIQOux6xu2GFhcFxjZGRnA9uJbNlt0KrHUF-c9q85rrvz5Ar6eQGE:1r3DhY:kBkq63w57t7pLz9nNmDjiZ9gx_r6SSDLMLyMP__LaKY",
    "expire_date": "2023-11-29T11:04:56.353Z"
  }
},
{
  "model": "sessions.session",
  "pk": "8m5uznyh101is14fmwrekdyh1rf0y6ft",
  "fields": {
    "session_data": ".eJxVjEEOwiAQRe_C2hAYoNQu3XsGwgyDrZrWQFkZ726bdKHb_95_bxFiW8fQKpcwJTEILU6_G0Z68LyDdI_zbZG0zGuZUO6KPGiV1yXx83K4f4Ex1nF7O0Ai68FFdqlPkdH1nBUmC-SzNqAUeaMMGtuBBsAz6q7LtrfaGqdoi0411PbismfFsJbGny-LGT7k:1rW4H5:z0s-sSFp5Omsk3ltbIEgBmp6Ll-0CCRZo0oHPsZgHl4",
    "expire_date": "2024-02-17T00:52:51.968Z"
  }
},
{
  "model": "sessions.session",
  "pk": "8xecpyshecbti7r0jtu61ns4ftp1hkcb",
  "fields": {
    "session_data": ".eJxVjDsOwjAQBe_iGln-xJ-kpOcM1nq9xoEoQXZSIe5OIqWA9s28ebMA21rC1qiGMbGBeXb53SLgk-YDpAfM94XjMq91jPxQ-Ekbvy2Jpuvp_gUKtLK_IyhByXuZrdFkCSlKp5JDJT1pFNmoHnTMgL1Ba0AILRwo23e-U4ncHh1baNuL6pFlQ4ap0ecL5aQ_3g:1stOlp:CFFmBxjIwkRdgoxtQs4dd2YXNfoTI5d9QLb6acm0d70",
    "expire_date": "2024-10-09T09:57:17.595Z"
  }
},
{
  "model": "sessions.session",
  "pk": "922i2920gbdv4xctpizrk8pypiaysael",
  "fields": {
    "session_data": ".eJxVjEEOwiAQRe_C2hAYoNQu3XsGwgyDrZrWQFkZ726bdKHb_95_bxFiW8fQKpcwJTEILU6_G0Z68LyDdI_zbZG0zGuZUO6KPGiV1yXx83K4f4Ex1nF7O0Ai68FFdqlPkdH1nBUmC-SzNqAUeaMMGtuBBsAz6q7LtrfaGqdoi0411PbismfFsJbGny-LGT7k:1s6Sva:uc1eEmvvEv9_L46aDGeLvGYfSLgwPVARk6sdNAHWLGk",
    "expire_date": "2024-05-27T10:29:06.063Z"
  }
},
{
  "model": "sessions.session",
  "pk": "bjg85wdarjo3cgh7m5n5ghtyuml55cpw",
  "fields": {
    "session_data": ".eJxVjjsOwjAQRO_iGln-yklKes5gjb1rEkAJipMKcXewlALaeTNP8xIR-zbGvfIaJxKDMOL0myXkO88N0A3zdZF5mbd1SrJV5EGrvCzEj_PR_ROMqON3nYKzSoOSt9YA1rJP8KZouD4HogJCVlmHYgz3Fsjadz5rx0oF17VXU411f_LatGIoeFR-fwDnpUAT:1rWu2C:w9CQ0CqBFz3eAoPmkTJMR7Jl_30-3aTVL3156Fwm8UA",
    "expire_date": "2024-02-19T08:08:56.987Z"
  }
},
{
  "model": "sessions.session",
  "pk": "eadpzhss62w9e8b4n9uprqn6d54rv6kw",
  "fields": {
    "session_data": ".eJxVjEtuwzAMRO-idWEgkhXHXnbfMxCUSMVqBSvQJw4a5O6VWy_qHR_fzDzF6r8xEZQ1gkNbYoIQr36Bu-dVTE-RC9_EtNQQ3n5vICzYxGtH5wPnP-ZHSfjP3zH4RkxwKDYDWMsMNXMCT2ISJ3H4GbRfvGyCPnG5xs7GpSRvui3S7TZ3H5E4vO_Zw8CMeW5tZ0hrLZHlaEaWvbODJiW1Pvf2fDEXphYwJ0VDr5R2Uqt-kG5gJ0enlOM26jPkeuO0zYqppMqvH10xa0c:1uBrVB:ZmP3FCbpUasH51eHybV0p_DQZ5GALjwVHEY5D9DBjA8",
    "expire_date": "2025-05-19T08:48:41.144Z"
  }
},
{
  "model": "sessions.session",
  "pk": "fj963qhis19bs6d4fllnuv1pmr2f7jh7",
  "fields": {
    "session_data": ".eJxVjMtugzAQRf_F6wqZgICw7L7fYI1nxsGtZUd-hKhR_r0mYVF2c-fcex5itb8QSeU1KAOYQ1QuXKxXN8urmB8iZb6K2RfnPl63IshQwXOPxjpO78z3HOEfv4GzNTGpw7ASBSUvqiSOypKYxSgOPw34w34D9A3-EhoMPkerm63S7DQ1X4HYfe7dg2CBtNQ1G5R0MqeWmGhkNANLOTD2HQ8jdsCt6amd9MT92KHB81lTq3uUHcoJ2VSpTSqVK8dNK-YcCz__ALstbOE:1uBrU8:s93odI8dUFcxe751jOaR0F8XlWNO4jeq1dY1kspAdqc",
    "expire_date": "2025-05-19T08:47:36.144Z"
  }
},
{
  "model": "sessions.session",
  "pk": "g9wggp3nsnnsn06gb2s4807w9536fmli",
  "fields": {
    "session_data": ".eJxVjDsOgzAQBe_iOrLWBptPmT5nsNa7SyCJANm4inL3gESRtG_mzVsFLNsYSpYUJla9Muryu0Wkp8wH4AfO90XTMm9pivpQ9Emzvi0sr-vp_gVGzOP-loYHdrECh-Qje0CBCtC4drDka0RjW4hkGts5Ai-NjSI8CIN0Rmrao1MOuaySjqzqt1Tk8wW8ZUBn:1q1mZn:tXT9RZUZ_xCydCcGBQH0DKMpyY0Vm2j9YeaOsqaTWug",
    "expire_date": "2023-06-07T11:22:43.278Z"
  }
},
{
  "model": "sessions.session",
  "pk": "hsivqntbozocvws0hktri6tgslllmgf3",
  "fields": {
    "session_data": ".eJxVjEFuwyAQRe_CurIQxFC87L5nQMMwxLTIRIDjqlHuXtx6Ue_mz_v_PdgWv6F427ZsA2DLxaZ8jYu9R9rY9GC10Y1Ny5rSy-9tPTTo4HnEEBPVv0xfrcA_focUeyJvT8NOLKxttmulYqNnExPs9HOAn7TswH_Acs0D5qWV6Ia9Mhy0Du_ZU3o7uifBDHXua4kKTADtjXekpQoXLp3gKByHcJFaymBQjEGMynOnnX7FUaEyGnEEw7FLY7V1vVHZtWwKkCo9fwDQk2uv:1v25CW:AnCxkJJrX5amzXzniigm1WwYW01Z8luRGdBcKIU9fNY",
    "expire_date": "2025-10-10T09:57:16.303Z"
  }
},
{
  "model": "sessions.session",
  "pk": "jf4rxb43g0qzwg0jblkwjg2xqtoz0ope",
  "fields": {
    "session_data": ".eJxVjjsOwjAQRO_iGln-yklKes5gjb1rEkAJipMKcXewlALaeTNP8xIR-zbGvfIaJxKDMOL0myXkO88N0A3zdZF5mbd1SrJV5EGrvCzEj_PR_ROMqON3nYKzSoOSt9YA1rJP8KZouD4HogJCVlmHYgz3Fsjadz5rx0oF17VXU411f_LatGIoeFR-fwDnpUAT:1s6R9m:qyY_lFApfV6G3NPniA1Nzshbmg-FY9fJYvUlZu5IFRs",
    "expire_date": "2024-05-27T08:35:38.574Z"
  }
},
{
  "model": "sessions.session",
  "pk": "kml4rul4ztacc8rth3cm01bw5x5i983r",
  "fields": {
    "session_data": ".eJxVjDsOgzAQBe_iOrLWBptPmT5nsNa7SyCJANm4inL3gESRtG_mzVsFLNsYSpYUJla9Muryu0Wkp8wH4AfO90XTMm9pivpQ9Emzvi0sr-vp_gVGzOP-loYHdrECh-Qje0CBCtC4drDka0RjW4hkGts5Ai-NjSI8CIN0Rmrao1MOuaySjqzqt1Tk8wW8ZUBn:1pU3v8:fiZm-IlzIW779V5YsFMBp0JR4B4L2Jft8b9ZHIKdGn4",
    "expire_date": "2023-03-06T11:01:22.209Z"
  }
},
{
  "model": "sessions.session",
  "pk": "mapudo1arv41bj7qaevnliswe5d9l6tu",
  "fields": {
    "session_data": ".eJxVjEEOwiAQRe_C2hAybWHo0r1nIAMMgjatKe3KeHdL0oVu_3v_vYWjfctur7y6EsUoQFx-N0_hyXMD8UHzfZFhmbe1eNkUedIqb0vk6Xq6f4FMNR9vqw3rHjwmJLJoAJSyqU8QPcTENmjGDjwjQlM9DxBUT6HDCIaSOqKlurq_eG1ZMSaaKn--zyE_-w:1pU2E1:GrhctJb4A0BHVABE_4btsX6s-BtlIgVJsGHnI_I6ukM",
    "expire_date": "2023-03-06T09:12:45.111Z"
  }
},
{
  "model": "sessions.session",
  "pk": "owt532l68p5tnjt8utn8fg5q06vsiwmw",
  "fields": {
    "session_data": ".eJxVjEEOgyAQRe_CuiEIo4jL7nsGMjBDtW3UgKya3r2auGi3_73_3sJj3UZfC2c_kRiEFZffLWB88nwAeuB8X2Rc5i1PQR6KPGmRt4X4dT3dv8CIZdzfOnZsnU5Guw6MSx0y9GwILTrVABIF2yvqGSIlpU1yChib1DK3FgLs0an4UlfOR1YMW678-QKagj_Z:1qdoy7:ikguhaQ5OjgCpnqvgjdUBVUxwwsYoewvRLjwf1Cl2SA",
    "expire_date": "2023-09-20T09:37:03.276Z"
  }
},
{
  "model": "sessions.session",
  "pk": "q1jwk9c3cc71j12w1ytbsm156tshos51",
  "fields": {
    "session_data": ".eJxVjs1uwyAQhN-Fc2XFCdjYx97zDGhhl5gWQcRPXDXKu9e0PtTay85-M6N9stV9Q0JV1qgsmBKT8vHmgno4Wtn8ZLnQnc2hev_2uyuEAht47dI6T_lP01dJ8I8_wLtNEapDcCMKallUzZSUQzaznh1uGswnhQbwA8ItdiaGkpzumqXbae6uEcm_795DwQJ5aWl-HocRLdqehOFSC3Om0wVQaDFpSTiglXJETsRPk5zsxQpr-6Hng92mfeWyyvVOqdWyuaRKrx97VGu6:1v0ebO:2ntX8_0GOPGXZUm24JAVxEK8xfDYs6owDTWXCQ2d5bM",
    "expire_date": "2025-10-06T11:21:02.833Z"
  }
},
{
  "model": "sessions.session",
  "pk": "qs3salfoousndtiocd7snght5kg0w4zb",
  "fields": {
    "session_data": ".eJxVjEEOwiAQRe_C2hAYoNQu3XsGwgyDrZrWQFkZ726bdKHb_95_bxFiW8fQKpcwJTEILU6_G0Z68LyDdI_zbZG0zGuZUO6KPGiV1yXx83K4f4Ex1nF7O0Ai68FFdqlPkdH1nBUmC-SzNqAUeaMMGtuBBsAz6q7LtrfaGqdoi0411PbismfFsJbGny-LGT7k:1t2n2j:YDC2Cf0jBM0mhlVVku3Qfo9aFHRcqtH62SD0b3-aheE",
    "expire_date": "2024-11-04T07:41:33.144Z"
  }
},
{
  "model": "sessions.session",
  "pk": "sdgouiw901aauhky41srywjl8b2ni96k",
  "fields": {
    "session_data": ".eJxVjs1uwyAQhN-Fc2XFCdjYx97zDGhhl5gWQcRPXDXKu9e0PtTay85-M6N9stV9Q0JV1qgsmBKT8vHmgno4Wtn8ZLnQnc2hev_2uyuEAht47dI6T_lP01dJ8I8_wLtNEapDcCMKallUzZSUQzaznh1uGswnhQbwA8ItdiaGkpzumqXbae6uEcm_795DwQJ5aWl-HocRLdqehOFSC3Om0wVQaDFpSTiglXJETsRPk5zsxQpr-6Hng92mfeWyyvVOqdWyuaRKrx97VGu6:1v25Bn:Ux7xcH9kSi6LISROyxG8PzcZCFuuf38NmA1BsGrpFXU",
    "expire_date": "2025-10-10T09:56:31.597Z"
  }
},
{
  "model": "sessions.session",
  "pk": "vtnt5jh48qc9lm3apgq6ppwyqwbsmbkc",
  "fields": {
    "session_data": ".eJxVjDsOgzAQBe_iOrLWBptPmT5nsNa7SyCJANm4inL3gESRtG_mzVsFLNsYSpYUJla9Muryu0Wkp8wH4AfO90XTMm9pivpQ9Emzvi0sr-vp_gVGzOP-loYHdrECh-Qje0CBCtC4drDka0RjW4hkGts5Ai-NjSI8CIN0Rmrao1MOuaySjqzqt1Tk8wW8ZUBn:1pSDwg:7aeBahHYeqv4iuCmRuzXy6KRCL7lDDZm5OntHf58-jQ",
    "expire_date": "2023-03-01T09:19:22.771Z"
  }
},
{
  "model": "sessions.session",
  "pk": "w3iepd6fu5cfao0mpwh97dp39fgh7ujn",
  "fields": {
    "session_data": ".eJxVjEEOwiAQRe_C2hAYoNQu3XsGwgyDrZrWQFkZ726bdKHb_95_bxFiW8fQKpcwJTEILU6_G0Z68LyDdI_zbZG0zGuZUO6KPGiV1yXx83K4f4Ex1nF7O0Ai68FFdqlPkdH1nBUmC-SzNqAUeaMMGtuBBsAz6q7LtrfaGqdoi0411PbismfFsJbGny-LGT7k:1rm8cG:YKlIkAtjptFKY3cmZkt8jsVLAhI7ajhEUr0BE4D7S5Y",
    "expire_date": "2024-04-01T08:45:08.164Z"
  }
},
{
  "model": "sessions.session",
  "pk": "w453g709b692nhazunuecnfofjhuunc9",
  "fields": {
    "session_data": ".eJxVjEEOwiAQRe_C2hBLgYEu3XsGMjCDrZrWQFkZ726bdKHb_95_bxGwrWNolUuYSAwCxOl3i5gePO-A7jjfFpmWeS1TlLsiD1rldSF-Xg73LzBiHbe3AYuWLHcZbEq-d2CdBuNVZtKgQQGyJ9tpb8AZh4bOPlM0kFH1KastOtVQ24vLnhXDWhp_vm-8PxQ:1stNwg:MDEmEu3ELWw44tH7DKm_nXI8QNDrElLBynYQvxAVnIA",
    "expire_date": "2024-10-09T09:04:26.484Z"
  }
},
{
  "model": "sessions.session",
  "pk": "xr2f11xvpnjni8sglzva93j2o99ewpvp",
  "fields": {
    "session_data": ".eJxVjEFuwyAQRe_CurJiYhrjZfc9w2gYhpgWQQQ4rhrl7sWtF_Vu3rz__0Os_huzhbomcEg1ZQjp6iPcPa9ieohS-SamuITw8nuDxYpNPHd0PnD5Y_6qGf_5OwbfiC0cis0ALnWGpXAGb8UkpDj8DNInx03YD4zX1FGKNXvTbZFut6V7T5bD2549DMxY5tamQepxYLJKqn7ojVXEqDUijwP1ozqfWCppsHdn50jj5ZUvo1Et4U5aErZRX6AsN87brJgchsLPH855a-Q:1uBrWu:1xpk8hXQE4WXtQJFl7-fd-1WiF-vSyqwoWIRFTXF-ec",
    "expire_date": "2025-05-19T08:50:28.424Z"
  }
}
]
