[{"model": "NearBeach.change_task", "pk": 1, "fields": {"request_for_change": 1, "change_task_title": "Change task 1", "change_task_description": "", "change_task_start_date": "2022-09-23T05:00:00Z", "change_task_end_date": "2022-10-07T05:00:00Z", "change_task_seconds": 1209600000, "change_task_assigned_user": 1, "change_task_qa_user": 1, "change_task_required_by": "Stakeholder(s)", "change_task_status": 3, "is_downtime": false, "date_created": "2022-09-23T05:57:32.449Z", "date_modified": "2022-09-23T05:57:32.449Z", "change_user": 1, "creation_user": 1, "is_deleted": false}}, {"model": "NearBeach.change_task", "pk": 2, "fields": {"request_for_change": 1, "change_task_title": "Change task 0", "change_task_description": "<p>This should appear first</p>", "change_task_start_date": "2022-09-22T23:00:00Z", "change_task_end_date": "2022-10-07T05:00:00Z", "change_task_seconds": 1231200000, "change_task_assigned_user": 1, "change_task_qa_user": 1, "change_task_required_by": "Stakeholder(s)", "change_task_status": 3, "is_downtime": false, "date_created": "2022-09-23T05:57:51.223Z", "date_modified": "2022-09-23T05:57:51.223Z", "change_user": 1, "creation_user": 1, "is_deleted": false}}, {"model": "NearBeach.change_task", "pk": 3, "fields": {"request_for_change": 1, "change_task_title": "Backup of any configuration variables", "change_task_description": "<p>Just backup the configuration of these stuff.</p>", "change_task_start_date": "2022-10-03T00:00:00Z", "change_task_end_date": "2022-10-17T07:00:00Z", "change_task_seconds": 1234800000, "change_task_assigned_user": 2, "change_task_qa_user": 2, "change_task_required_by": "Stakeholder(s)", "change_task_status": 3, "is_downtime": false, "date_created": "2022-10-03T08:43:48.418Z", "date_modified": "2022-10-03T08:43:48.418Z", "change_user": 1, "creation_user": 1, "is_deleted": false}}, {"model": "NearBeach.change_task", "pk": 4, "fields": {"request_for_change": 2, "change_task_title": "User can start RFC Change tasks before accepted", "change_task_description": "<p>User can start RFC Change tasks before accepted</p>", "change_task_start_date": "2022-10-06T00:00:00Z", "change_task_end_date": "2022-10-20T07:00:00Z", "change_task_seconds": 1234800000, "change_task_assigned_user": 2, "change_task_qa_user": 2, "change_task_required_by": "Stakeholder(s)", "change_task_status": 5, "is_downtime": false, "date_created": "2022-10-06T09:39:15.348Z", "date_modified": "2022-10-06T09:39:57.352Z", "change_user": 2, "creation_user": 2, "is_deleted": false}}, {"model": "NearBeach.change_task", "pk": 5, "fields": {"request_for_change": 2, "change_task_title": "User can start RFC Change tasks before accepted", "change_task_description": "<p>User can start RFC Change tasks before accepted</p>", "change_task_start_date": "2022-10-06T00:00:00Z", "change_task_end_date": "2022-10-20T07:00:00Z", "change_task_seconds": 1234800000, "change_task_assigned_user": 2, "change_task_qa_user": 2, "change_task_required_by": "Stakeholder(s)", "change_task_status": 3, "is_downtime": false, "date_created": "2022-10-06T09:39:21.482Z", "date_modified": "2022-10-06T09:39:21.482Z", "change_user": 2, "creation_user": 2, "is_deleted": false}}, {"model": "NearBeach.change_task", "pk": 6, "fields": {"request_for_change": 2, "change_task_title": "User can start RFC Change tasks before accepted", "change_task_description": "<p>User can start RFC Change tasks before accepted</p>", "change_task_start_date": "2022-10-06T00:00:00Z", "change_task_end_date": "2022-10-20T07:00:00Z", "change_task_seconds": 1234800000, "change_task_assigned_user": 2, "change_task_qa_user": 2, "change_task_required_by": "Stakeholder(s)", "change_task_status": 3, "is_downtime": false, "date_created": "2022-10-06T09:39:26.276Z", "date_modified": "2022-10-06T09:39:26.276Z", "change_user": 2, "creation_user": 2, "is_deleted": false}}, {"model": "NearBeach.change_task", "pk": 7, "fields": {"request_for_change": 3, "change_task_title": "User can start RFC Change tasks before accepted", "change_task_description": "<p>User can start RFC Change tasks before accepted</p>", "change_task_start_date": "2022-10-06T00:00:00Z", "change_task_end_date": "2022-10-20T07:00:00Z", "change_task_seconds": 1234800000, "change_task_assigned_user": 2, "change_task_qa_user": 2, "change_task_required_by": "Stakeholder(s)", "change_task_status": 1, "is_downtime": false, "date_created": "2022-10-06T09:41:16.409Z", "date_modified": "2022-10-06T10:06:09.254Z", "change_user": 2, "creation_user": 2, "is_deleted": true}}, {"model": "NearBeach.customer", "pk": 1, "fields": {"customer_title": 2, "customer_first_name": "Socks", "customer_last_name": "Clarke", "customer_email": "socks@nearbeach.org", "customer_profile_picture": "", "organisation": null, "date_created": "2022-09-21T11:01:26.402Z", "date_modified": "2022-09-21T11:01:26.403Z", "change_user": 1, "is_deleted": false}}, {"model": "NearBeach.customer", "pk": 2, "fields": {"customer_title": 1, "customer_first_name": "Toby", "customer_last_name": "Tripod", "customer_email": "toby@nearbeach.org", "customer_profile_picture": "", "organisation": 1, "date_created": "2022-09-21T11:06:30.857Z", "date_modified": "2022-09-21T11:06:30.857Z", "change_user": 1, "is_deleted": false}}, {"model": "NearBeach.customer", "pk": 3, "fields": {"customer_title": 2, "customer_first_name": "Socks", "customer_last_name": "Clarke", "customer_email": "socks@nearbeach.org", "customer_profile_picture": "", "organisation": 1, "date_created": "2022-09-21T11:10:04.012Z", "date_modified": "2022-09-21T11:10:04.012Z", "change_user": 1, "is_deleted": false}}, {"model": "NearBeach.group", "pk": 1, "fields": {"group_name": "Administration", "parent_group": null, "date_created": "2022-09-21T09:48:47.622Z", "date_modified": "2022-09-21T09:48:47.622Z", "change_user": 1, "is_deleted": false}}, {"model": "NearBeach.group", "pk": 2, "fields": {"group_name": "QA Team", "parent_group": null, "date_created": "2022-09-21T09:51:30.136Z", "date_modified": "2022-09-21T09:51:30.136Z", "change_user": 1, "is_deleted": false}}, {"model": "NearBeach.group", "pk": 3, "fields": {"group_name": "Empty Group", "parent_group": null, "date_created": "2022-10-03T08:52:44.245Z", "date_modified": "2022-10-03T08:52:44.245Z", "change_user": 1, "is_deleted": false}}, {"model": "NearBeach.kanban_board", "pk": 1, "fields": {"kanban_board_name": "Everyone can access", "requirement": null, "kanban_board_status": "Open", "date_created": "2022-09-21T11:14:38.509Z", "date_modified": "2022-09-21T11:14:38.509Z", "change_user": 1, "creation_user": 1, "is_deleted": false}}, {"model": "NearBeach.kanban_board", "pk": 2, "fields": {"kanban_board_name": "No one can access", "requirement": null, "kanban_board_status": "Open", "date_created": "2022-09-21T11:15:44.188Z", "date_modified": "2022-09-21T11:15:44.188Z", "change_user": 1, "creation_user": 1, "is_deleted": false}}, {"model": "NearBeach.kanban_card", "pk": 1, "fields": {"kanban_card_text": "Just a basic kanban card", "kanban_card_description": "<p>This is the description</p>", "kanban_card_sort_number": 0, "kanban_level": 1, "kanban_column": 1, "kanban_board": 1, "project": null, "task": null, "requirement": null, "is_archived": false, "date_created": "2022-09-21T11:14:54.971Z", "date_modified": "2022-09-21T11:15:16.782Z", "change_user": 1, "is_deleted": false}}, {"model": "NearBeach.kanban_column", "pk": 1, "fields": {"kanban_column_name": "Backlog", "kanban_column_sort_number": 0, "kanban_board": 1, "date_created": "2022-09-21T11:14:38.512Z", "date_modified": "2022-09-21T11:14:38.512Z", "change_user": 1, "is_deleted": false}}, {"model": "NearBeach.kanban_column", "pk": 2, "fields": {"kanban_column_name": "Blocked", "kanban_column_sort_number": 1, "kanban_board": 1, "date_created": "2022-09-21T11:14:38.515Z", "date_modified": "2022-09-21T11:14:38.515Z", "change_user": 1, "is_deleted": false}}, {"model": "NearBeach.kanban_column", "pk": 3, "fields": {"kanban_column_name": "In Progress", "kanban_column_sort_number": 2, "kanban_board": 1, "date_created": "2022-09-21T11:14:38.516Z", "date_modified": "2022-09-21T11:14:38.516Z", "change_user": 1, "is_deleted": false}}, {"model": "NearBeach.kanban_column", "pk": 4, "fields": {"kanban_column_name": "Review and QA", "kanban_column_sort_number": 3, "kanban_board": 1, "date_created": "2022-09-21T11:14:38.517Z", "date_modified": "2022-09-21T11:14:38.517Z", "change_user": 1, "is_deleted": false}}, {"model": "NearBeach.kanban_column", "pk": 5, "fields": {"kanban_column_name": "Completed", "kanban_column_sort_number": 4, "kanban_board": 1, "date_created": "2022-09-21T11:14:38.518Z", "date_modified": "2022-09-21T11:14:38.519Z", "change_user": 1, "is_deleted": false}}, {"model": "NearBeach.kanban_column", "pk": 6, "fields": {"kanban_column_name": "Backlog", "kanban_column_sort_number": 0, "kanban_board": 2, "date_created": "2022-09-21T11:15:44.190Z", "date_modified": "2022-09-21T11:15:44.190Z", "change_user": 1, "is_deleted": false}}, {"model": "NearBeach.kanban_column", "pk": 7, "fields": {"kanban_column_name": "Blocked", "kanban_column_sort_number": 1, "kanban_board": 2, "date_created": "2022-09-21T11:15:44.192Z", "date_modified": "2022-09-21T11:15:44.192Z", "change_user": 1, "is_deleted": false}}, {"model": "NearBeach.kanban_column", "pk": 8, "fields": {"kanban_column_name": "In Progress", "kanban_column_sort_number": 2, "kanban_board": 2, "date_created": "2022-09-21T11:15:44.194Z", "date_modified": "2022-09-21T11:15:44.194Z", "change_user": 1, "is_deleted": false}}, {"model": "NearBeach.kanban_column", "pk": 9, "fields": {"kanban_column_name": "Review and QA", "kanban_column_sort_number": 3, "kanban_board": 2, "date_created": "2022-09-21T11:15:44.195Z", "date_modified": "2022-09-21T11:15:44.195Z", "change_user": 1, "is_deleted": false}}, {"model": "NearBeach.kanban_column", "pk": 10, "fields": {"kanban_column_name": "Completed", "kanban_column_sort_number": 4, "kanban_board": 2, "date_created": "2022-09-21T11:15:44.196Z", "date_modified": "2022-09-21T11:15:44.196Z", "change_user": 1, "is_deleted": false}}, {"model": "NearBeach.kanban_level", "pk": 1, "fields": {"kanban_level_name": "Sprint 1", "kanban_level_sort_number": 0, "kanban_board": 1, "date_created": "2022-09-21T11:14:38.520Z", "date_modified": "2022-09-21T11:14:38.520Z", "change_user": 1, "is_deleted": false}}, {"model": "NearBeach.kanban_level", "pk": 2, "fields": {"kanban_level_name": "Sprint 2", "kanban_level_sort_number": 1, "kanban_board": 1, "date_created": "2022-09-21T11:14:38.522Z", "date_modified": "2022-09-21T11:14:38.522Z", "change_user": 1, "is_deleted": false}}, {"model": "NearBeach.kanban_level", "pk": 3, "fields": {"kanban_level_name": "Sprint 1", "kanban_level_sort_number": 0, "kanban_board": 2, "date_created": "2022-09-21T11:15:44.198Z", "date_modified": "2022-09-21T11:15:44.198Z", "change_user": 1, "is_deleted": false}}, {"model": "NearBeach.kanban_level", "pk": 4, "fields": {"kanban_level_name": "Sprint 2", "kanban_level_sort_number": 1, "kanban_board": 2, "date_created": "2022-09-21T11:15:44.201Z", "date_modified": "2022-09-21T11:15:44.201Z", "change_user": 1, "is_deleted": false}}, {"model": "NearBeach.list_of_amount_type", "pk": 1, "fields": {"amount_type_description": "Fixed", "list_order": 0, "date_created": "2022-09-21T09:47:04.201Z", "date_modified": "2022-09-21T09:47:04.201Z", "change_user": null, "is_deleted": false}}, {"model": "NearBeach.list_of_amount_type", "pk": 2, "fields": {"amount_type_description": "Per Contract", "list_order": 1, "date_created": "2022-09-21T09:47:04.201Z", "date_modified": "2022-09-21T09:47:04.201Z", "change_user": null, "is_deleted": false}}, {"model": "NearBeach.list_of_amount_type", "pk": 3, "fields": {"amount_type_description": "Per Year", "list_order": 2, "date_created": "2022-09-21T09:47:04.201Z", "date_modified": "2022-09-21T09:47:04.201Z", "change_user": null, "is_deleted": false}}, {"model": "NearBeach.list_of_amount_type", "pk": 4, "fields": {"amount_type_description": "Per Month", "list_order": 3, "date_created": "2022-09-21T09:47:04.201Z", "date_modified": "2022-09-21T09:47:04.201Z", "change_user": null, "is_deleted": false}}, {"model": "NearBeach.list_of_amount_type", "pk": 5, "fields": {"amount_type_description": "Per Fortnight", "list_order": 4, "date_created": "2022-09-21T09:47:04.201Z", "date_modified": "2022-09-21T09:47:04.201Z", "change_user": null, "is_deleted": false}}, {"model": "NearBeach.list_of_amount_type", "pk": 6, "fields": {"amount_type_description": "Per Day", "list_order": 5, "date_created": "2022-09-21T09:47:04.201Z", "date_modified": "2022-09-21T09:47:04.201Z", "change_user": null, "is_deleted": false}}, {"model": "NearBeach.list_of_amount_type", "pk": 7, "fields": {"amount_type_description": "Per Hour", "list_order": 6, "date_created": "2022-09-21T09:47:04.201Z", "date_modified": "2022-09-21T09:47:04.201Z", "change_user": null, "is_deleted": false}}, {"model": "NearBeach.list_of_bug_client", "pk": 1, "fields": {"bug_client_name": "Bugzilla", "bug_client_api_url": "/rest/", "api_open_bugs": "?open_status=True", "api_search_bugs": "bug?quicksearch=", "api_bug": "/show_bug.cgi?id=", "date_created": "2022-09-21T09:47:04.202Z", "date_modified": "2022-09-21T09:47:04.202Z", "change_user": null, "is_deleted": false}}, {"model": "NearBeach.list_of_currency", "pk": 1, "fields": {"currency_description": "Australian dollar", "currency_short_description": "AUD", "list_order": 1, "date_created": "2022-09-21T09:47:04.202Z", "date_modified": "2022-09-21T09:47:04.202Z", "change_user": null, "is_deleted": false}}, {"model": "NearBeach.list_of_currency", "pk": 2, "fields": {"currency_description": "Brazilian real", "currency_short_description": "BRL", "list_order": 2, "date_created": "2022-09-21T09:47:04.202Z", "date_modified": "2022-09-21T09:47:04.202Z", "change_user": null, "is_deleted": false}}, {"model": "NearBeach.list_of_currency", "pk": 3, "fields": {"currency_description": "Canadian dollar", "currency_short_description": "CAD", "list_order": 3, "date_created": "2022-09-21T09:47:04.202Z", "date_modified": "2022-09-21T09:47:04.202Z", "change_user": null, "is_deleted": false}}, {"model": "NearBeach.list_of_currency", "pk": 4, "fields": {"currency_description": "Euro", "currency_short_description": "EUR", "list_order": 4, "date_created": "2022-09-21T09:47:04.202Z", "date_modified": "2022-09-21T09:47:04.202Z", "change_user": null, "is_deleted": false}}, {"model": "NearBeach.list_of_currency", "pk": 5, "fields": {"currency_description": "Hong Kong dollar", "currency_short_description": "HKD", "list_order": 5, "date_created": "2022-09-21T09:47:04.202Z", "date_modified": "2022-09-21T09:47:04.202Z", "change_user": null, "is_deleted": false}}, {"model": "NearBeach.list_of_currency", "pk": 6, "fields": {"currency_description": "Indian rupee", "currency_short_description": "INR", "list_order": 6, "date_created": "2022-09-21T09:47:04.202Z", "date_modified": "2022-09-21T09:47:04.203Z", "change_user": null, "is_deleted": false}}, {"model": "NearBeach.list_of_currency", "pk": 7, "fields": {"currency_description": "Japanese yen", "currency_short_description": "JPY", "list_order": 7, "date_created": "2022-09-21T09:47:04.203Z", "date_modified": "2022-09-21T09:47:04.203Z", "change_user": null, "is_deleted": false}}, {"model": "NearBeach.list_of_currency", "pk": 8, "fields": {"currency_description": "Mexican peso", "currency_short_description": "MXN", "list_order": 8, "date_created": "2022-09-21T09:47:04.203Z", "date_modified": "2022-09-21T09:47:04.203Z", "change_user": null, "is_deleted": false}}, {"model": "NearBeach.list_of_currency", "pk": 9, "fields": {"currency_description": "New Zealand dollar", "currency_short_description": "NZD", "list_order": 9, "date_created": "2022-09-21T09:47:04.203Z", "date_modified": "2022-09-21T09:47:04.203Z", "change_user": null, "is_deleted": false}}, {"model": "NearBeach.list_of_currency", "pk": 10, "fields": {"currency_description": "Norwegian krone", "currency_short_description": "NOK", "list_order": 10, "date_created": "2022-09-21T09:47:04.203Z", "date_modified": "2022-09-21T09:47:04.203Z", "change_user": null, "is_deleted": false}}, {"model": "NearBeach.list_of_currency", "pk": 11, "fields": {"currency_description": "Pound sterling", "currency_short_description": "GBP", "list_order": 11, "date_created": "2022-09-21T09:47:04.203Z", "date_modified": "2022-09-21T09:47:04.203Z", "change_user": null, "is_deleted": false}}, {"model": "NearBeach.list_of_currency", "pk": 12, "fields": {"currency_description": "Renminbi", "currency_short_description": "CNY", "list_order": 12, "date_created": "2022-09-21T09:47:04.203Z", "date_modified": "2022-09-21T09:47:04.203Z", "change_user": null, "is_deleted": false}}, {"model": "NearBeach.list_of_currency", "pk": 13, "fields": {"currency_description": "Russian ruble", "currency_short_description": "RUB", "list_order": 13, "date_created": "2022-09-21T09:47:04.203Z", "date_modified": "2022-09-21T09:47:04.203Z", "change_user": null, "is_deleted": false}}, {"model": "NearBeach.list_of_currency", "pk": 14, "fields": {"currency_description": "Singapore dollar", "currency_short_description": "SGD", "list_order": 14, "date_created": "2022-09-21T09:47:04.203Z", "date_modified": "2022-09-21T09:47:04.203Z", "change_user": null, "is_deleted": false}}, {"model": "NearBeach.list_of_currency", "pk": 15, "fields": {"currency_description": "South African rand", "currency_short_description": "ZAR", "list_order": 15, "date_created": "2022-09-21T09:47:04.203Z", "date_modified": "2022-09-21T09:47:04.203Z", "change_user": null, "is_deleted": false}}, {"model": "NearBeach.list_of_currency", "pk": 16, "fields": {"currency_description": "South Korean won", "currency_short_description": "KRW", "list_order": 16, "date_created": "2022-09-21T09:47:04.203Z", "date_modified": "2022-09-21T09:47:04.203Z", "change_user": null, "is_deleted": false}}, {"model": "NearBeach.list_of_currency", "pk": 17, "fields": {"currency_description": "Swedish krona", "currency_short_description": "SEK", "list_order": 17, "date_created": "2022-09-21T09:47:04.203Z", "date_modified": "2022-09-21T09:47:04.203Z", "change_user": null, "is_deleted": false}}, {"model": "NearBeach.list_of_currency", "pk": 18, "fields": {"currency_description": "Swiss franc", "currency_short_description": "CHF", "list_order": 18, "date_created": "2022-09-21T09:47:04.203Z", "date_modified": "2022-09-21T09:47:04.203Z", "change_user": null, "is_deleted": false}}, {"model": "NearBeach.list_of_currency", "pk": 19, "fields": {"currency_description": "Turkish lira", "currency_short_description": "TRY", "list_order": 19, "date_created": "2022-09-21T09:47:04.203Z", "date_modified": "2022-09-21T09:47:04.203Z", "change_user": null, "is_deleted": false}}, {"model": "NearBeach.list_of_currency", "pk": 20, "fields": {"currency_description": "United States dollar", "currency_short_description": "USD", "list_order": 20, "date_created": "2022-09-21T09:47:04.203Z", "date_modified": "2022-09-21T09:47:04.203Z", "change_user": null, "is_deleted": false}}, {"model": "NearBeach.list_of_contact_type", "pk": 1, "fields": {"contact_type": "Notes", "date_created": "2022-09-21T09:47:04.204Z", "date_modified": "2022-09-21T09:47:04.204Z", "change_user": null, "is_deleted": false}}, {"model": "NearBeach.list_of_contact_type", "pk": 2, "fields": {"contact_type": "Phone", "date_created": "2022-09-21T09:47:04.204Z", "date_modified": "2022-09-21T09:47:04.204Z", "change_user": null, "is_deleted": false}}, {"model": "NearBeach.list_of_contact_type", "pk": 3, "fields": {"contact_type": "Email", "date_created": "2022-09-21T09:47:04.204Z", "date_modified": "2022-09-21T09:47:04.204Z", "change_user": null, "is_deleted": false}}, {"model": "NearBeach.list_of_contact_type", "pk": 4, "fields": {"contact_type": "Appointment", "date_created": "2022-09-21T09:47:04.204Z", "date_modified": "2022-09-21T09:47:04.204Z", "change_user": null, "is_deleted": false}}, {"model": "NearBeach.list_of_lead_source", "pk": 1, "fields": {"lead_source_description": "Campaign", "list_order": 1, "date_created": "2022-09-21T09:47:04.204Z", "date_modified": "2022-09-21T09:47:04.204Z", "change_user": null, "is_deleted": false}}, {"model": "NearBeach.list_of_lead_source", "pk": 2, "fields": {"lead_source_description": "Cold Call", "list_order": 2, "date_created": "2022-09-21T09:47:04.204Z", "date_modified": "2022-09-21T09:47:04.204Z", "change_user": null, "is_deleted": false}}, {"model": "NearBeach.list_of_lead_source", "pk": 3, "fields": {"lead_source_description": "Conference", "list_order": 3, "date_created": "2022-09-21T09:47:04.204Z", "date_modified": "2022-09-21T09:47:04.204Z", "change_user": null, "is_deleted": false}}, {"model": "NearBeach.list_of_lead_source", "pk": 4, "fields": {"lead_source_description": "Direct Mail", "list_order": 4, "date_created": "2022-09-21T09:47:04.204Z", "date_modified": "2022-09-21T09:47:04.204Z", "change_user": null, "is_deleted": false}}, {"model": "NearBeach.list_of_lead_source", "pk": 5, "fields": {"lead_source_description": "Email", "list_order": 5, "date_created": "2022-09-21T09:47:04.204Z", "date_modified": "2022-09-21T09:47:04.204Z", "change_user": null, "is_deleted": false}}, {"model": "NearBeach.list_of_lead_source", "pk": 6, "fields": {"lead_source_description": "Employee", "list_order": 6, "date_created": "2022-09-21T09:47:04.204Z", "date_modified": "2022-09-21T09:47:04.204Z", "change_user": null, "is_deleted": false}}, {"model": "NearBeach.list_of_lead_source", "pk": 7, "fields": {"lead_source_description": "Existing Customer", "list_order": 7, "date_created": "2022-09-21T09:47:04.204Z", "date_modified": "2022-09-21T09:47:04.204Z", "change_user": null, "is_deleted": false}}, {"model": "NearBeach.list_of_lead_source", "pk": 8, "fields": {"lead_source_description": "Partner", "list_order": 8, "date_created": "2022-09-21T09:47:04.204Z", "date_modified": "2022-09-21T09:47:04.204Z", "change_user": null, "is_deleted": false}}, {"model": "NearBeach.list_of_lead_source", "pk": 9, "fields": {"lead_source_description": "Public Relations", "list_order": 9, "date_created": "2022-09-21T09:47:04.204Z", "date_modified": "2022-09-21T09:47:04.204Z", "change_user": null, "is_deleted": false}}, {"model": "NearBeach.list_of_lead_source", "pk": 10, "fields": {"lead_source_description": "Self Generated", "list_order": 10, "date_created": "2022-09-21T09:47:04.204Z", "date_modified": "2022-09-21T09:47:04.204Z", "change_user": null, "is_deleted": false}}, {"model": "NearBeach.list_of_lead_source", "pk": 11, "fields": {"lead_source_description": "Trade Show", "list_order": 11, "date_created": "2022-09-21T09:47:04.204Z", "date_modified": "2022-09-21T09:47:04.204Z", "change_user": null, "is_deleted": false}}, {"model": "NearBeach.list_of_lead_source", "pk": 12, "fields": {"lead_source_description": "Web Site", "list_order": 12, "date_created": "2022-09-21T09:47:04.204Z", "date_modified": "2022-09-21T09:47:04.204Z", "change_user": null, "is_deleted": false}}, {"model": "NearBeach.list_of_lead_source", "pk": 13, "fields": {"lead_source_description": "Word of mouth", "list_order": 13, "date_created": "2022-09-21T09:47:04.204Z", "date_modified": "2022-09-21T09:47:04.204Z", "change_user": null, "is_deleted": false}}, {"model": "NearBeach.list_of_lead_source", "pk": 14, "fields": {"lead_source_description": "Other", "list_order": 14, "date_created": "2022-09-21T09:47:04.204Z", "date_modified": "2022-09-21T09:47:04.204Z", "change_user": null, "is_deleted": false}}, {"model": "NearBeach.list_of_opportunity_stage", "pk": 1, "fields": {"opportunity_stage_description": "Prospecting", "probability_success": "10", "list_order": 1, "opportunity_closed": false, "user": null, "date_created": "2022-09-21T09:47:04.205Z", "date_modified": "2022-09-21T09:47:04.205Z", "change_user": null, "is_deleted": false}}, {"model": "NearBeach.list_of_opportunity_stage", "pk": 2, "fields": {"opportunity_stage_description": "Qualification", "probability_success": "20", "list_order": 2, "opportunity_closed": false, "user": null, "date_created": "2022-09-21T09:47:04.205Z", "date_modified": "2022-09-21T09:47:04.205Z", "change_user": null, "is_deleted": false}}, {"model": "NearBeach.list_of_opportunity_stage", "pk": 3, "fields": {"opportunity_stage_description": "Needs Analysis", "probability_success": "30", "list_order": 3, "opportunity_closed": false, "user": null, "date_created": "2022-09-21T09:47:04.206Z", "date_modified": "2022-09-21T09:47:04.206Z", "change_user": null, "is_deleted": false}}, {"model": "NearBeach.list_of_opportunity_stage", "pk": 4, "fields": {"opportunity_stage_description": "Value Proposition", "probability_success": "40", "list_order": 4, "opportunity_closed": false, "user": null, "date_created": "2022-09-21T09:47:04.206Z", "date_modified": "2022-09-21T09:47:04.206Z", "change_user": null, "is_deleted": false}}, {"model": "NearBeach.list_of_opportunity_stage", "pk": 5, "fields": {"opportunity_stage_description": "Identifying Decision Makers", "probability_success": "50", "list_order": 5, "opportunity_closed": false, "user": null, "date_created": "2022-09-21T09:47:04.206Z", "date_modified": "2022-09-21T09:47:04.206Z", "change_user": null, "is_deleted": false}}, {"model": "NearBeach.list_of_opportunity_stage", "pk": 6, "fields": {"opportunity_stage_description": "Perception Analysis", "probability_success": "60", "list_order": 6, "opportunity_closed": false, "user": null, "date_created": "2022-09-21T09:47:04.206Z", "date_modified": "2022-09-21T09:47:04.206Z", "change_user": null, "is_deleted": false}}, {"model": "NearBeach.list_of_opportunity_stage", "pk": 7, "fields": {"opportunity_stage_description": "Proposal/Price Quote", "probability_success": "70", "list_order": 7, "opportunity_closed": false, "user": null, "date_created": "2022-09-21T09:47:04.206Z", "date_modified": "2022-09-21T09:47:04.206Z", "change_user": null, "is_deleted": false}}, {"model": "NearBeach.list_of_opportunity_stage", "pk": 8, "fields": {"opportunity_stage_description": "Negotiation/Review", "probability_success": "80", "list_order": 8, "opportunity_closed": false, "user": null, "date_created": "2022-09-21T09:47:04.206Z", "date_modified": "2022-09-21T09:47:04.206Z", "change_user": null, "is_deleted": false}}, {"model": "NearBeach.list_of_opportunity_stage", "pk": 9, "fields": {"opportunity_stage_description": "Closed Won", "probability_success": "100", "list_order": 9, "opportunity_closed": true, "user": null, "date_created": "2022-09-21T09:47:04.206Z", "date_modified": "2022-09-21T09:47:04.206Z", "change_user": null, "is_deleted": false}}, {"model": "NearBeach.list_of_opportunity_stage", "pk": 10, "fields": {"opportunity_stage_description": "Closed Lost", "probability_success": "0", "list_order": 10, "opportunity_closed": true, "user": null, "date_created": "2022-09-21T09:47:04.206Z", "date_modified": "2022-09-21T09:47:04.206Z", "change_user": null, "is_deleted": false}}, {"model": "NearBeach.list_of_quote_stage", "pk": 1, "fields": {"sort_order": 1, "quote_stage": "Quote Draft", "is_invoice": false, "quote_closed": false, "date_created": "2022-09-21T09:47:04.208Z", "date_modified": "2022-09-21T09:47:04.208Z", "change_user": null, "is_deleted": false}}, {"model": "NearBeach.list_of_quote_stage", "pk": 2, "fields": {"sort_order": 2, "quote_stage": "Quote Negotiation", "is_invoice": false, "quote_closed": false, "date_created": "2022-09-21T09:47:04.208Z", "date_modified": "2022-09-21T09:47:04.208Z", "change_user": null, "is_deleted": false}}, {"model": "NearBeach.list_of_quote_stage", "pk": 3, "fields": {"sort_order": 3, "quote_stage": "Quote Delivered", "is_invoice": false, "quote_closed": false, "date_created": "2022-09-21T09:47:04.208Z", "date_modified": "2022-09-21T09:47:04.208Z", "change_user": null, "is_deleted": false}}, {"model": "NearBeach.list_of_quote_stage", "pk": 4, "fields": {"sort_order": 4, "quote_stage": "Quote On Hold", "is_invoice": false, "quote_closed": false, "date_created": "2022-09-21T09:47:04.208Z", "date_modified": "2022-09-21T09:47:04.208Z", "change_user": null, "is_deleted": false}}, {"model": "NearBeach.list_of_quote_stage", "pk": 5, "fields": {"sort_order": 5, "quote_stage": "Quote Confirmed", "is_invoice": false, "quote_closed": false, "date_created": "2022-09-21T09:47:04.208Z", "date_modified": "2022-09-21T09:47:04.208Z", "change_user": null, "is_deleted": false}}, {"model": "NearBeach.list_of_quote_stage", "pk": 6, "fields": {"sort_order": 6, "quote_stage": "Quote Close Accepted", "is_invoice": false, "quote_closed": true, "date_created": "2022-09-21T09:47:04.208Z", "date_modified": "2022-09-21T09:47:04.208Z", "change_user": null, "is_deleted": false}}, {"model": "NearBeach.list_of_quote_stage", "pk": 7, "fields": {"sort_order": 7, "quote_stage": "Quote Close Rejected", "is_invoice": false, "quote_closed": true, "date_created": "2022-09-21T09:47:04.208Z", "date_modified": "2022-09-21T09:47:04.208Z", "change_user": null, "is_deleted": false}}, {"model": "NearBeach.list_of_quote_stage", "pk": 8, "fields": {"sort_order": 8, "quote_stage": "Quote Close Lost", "is_invoice": false, "quote_closed": true, "date_created": "2022-09-21T09:47:04.208Z", "date_modified": "2022-09-21T09:47:04.208Z", "change_user": null, "is_deleted": false}}, {"model": "NearBeach.list_of_quote_stage", "pk": 9, "fields": {"sort_order": 9, "quote_stage": "Quote Close Dead", "is_invoice": false, "quote_closed": true, "date_created": "2022-09-21T09:47:04.208Z", "date_modified": "2022-09-21T09:47:04.208Z", "change_user": null, "is_deleted": false}}, {"model": "NearBeach.list_of_quote_stage", "pk": 10, "fields": {"sort_order": 10, "quote_stage": "Invoice Draft", "is_invoice": true, "quote_closed": false, "date_created": "2022-09-21T09:47:04.208Z", "date_modified": "2022-09-21T09:47:04.208Z", "change_user": null, "is_deleted": false}}, {"model": "NearBeach.list_of_quote_stage", "pk": 11, "fields": {"sort_order": 11, "quote_stage": "Invoice Negotiation", "is_invoice": true, "quote_closed": false, "date_created": "2022-09-21T09:47:04.208Z", "date_modified": "2022-09-21T09:47:04.208Z", "change_user": null, "is_deleted": false}}, {"model": "NearBeach.list_of_quote_stage", "pk": 12, "fields": {"sort_order": 12, "quote_stage": "Invoice Delivered", "is_invoice": true, "quote_closed": false, "date_created": "2022-09-21T09:47:04.208Z", "date_modified": "2022-09-21T09:47:04.208Z", "change_user": null, "is_deleted": false}}, {"model": "NearBeach.list_of_quote_stage", "pk": 13, "fields": {"sort_order": 13, "quote_stage": "Invoice On Hold", "is_invoice": true, "quote_closed": false, "date_created": "2022-09-21T09:47:04.208Z", "date_modified": "2022-09-21T09:47:04.208Z", "change_user": null, "is_deleted": false}}, {"model": "NearBeach.list_of_quote_stage", "pk": 14, "fields": {"sort_order": 14, "quote_stage": "Invoice Confirmed", "is_invoice": true, "quote_closed": false, "date_created": "2022-09-21T09:47:04.208Z", "date_modified": "2022-09-21T09:47:04.208Z", "change_user": null, "is_deleted": false}}, {"model": "NearBeach.list_of_quote_stage", "pk": 15, "fields": {"sort_order": 15, "quote_stage": "Invoice Close Accepted", "is_invoice": true, "quote_closed": true, "date_created": "2022-09-21T09:47:04.208Z", "date_modified": "2022-09-21T09:47:04.208Z", "change_user": null, "is_deleted": false}}, {"model": "NearBeach.list_of_quote_stage", "pk": 16, "fields": {"sort_order": 16, "quote_stage": "Invoice Close Rejected", "is_invoice": true, "quote_closed": true, "date_created": "2022-09-21T09:47:04.208Z", "date_modified": "2022-09-21T09:47:04.208Z", "change_user": null, "is_deleted": false}}, {"model": "NearBeach.list_of_quote_stage", "pk": 17, "fields": {"sort_order": 17, "quote_stage": "Invoice Close Lost", "is_invoice": true, "quote_closed": true, "date_created": "2022-09-21T09:47:04.208Z", "date_modified": "2022-09-21T09:47:04.208Z", "change_user": null, "is_deleted": false}}, {"model": "NearBeach.list_of_quote_stage", "pk": 18, "fields": {"sort_order": 18, "quote_stage": "Invoice Close Dead", "is_invoice": true, "quote_closed": true, "date_created": "2022-09-21T09:47:04.208Z", "date_modified": "2022-09-21T09:47:04.208Z", "change_user": null, "is_deleted": false}}, {"model": "NearBeach.list_of_requirement_item_status", "pk": 1, "fields": {"requirement_item_status": "Draft", "status_is_closed": false, "date_created": "2022-09-21T09:47:04.206Z", "date_modified": "2022-09-21T09:47:04.206Z", "change_user": null, "is_deleted": false}}, {"model": "NearBeach.list_of_requirement_item_status", "pk": 2, "fields": {"requirement_item_status": "Review", "status_is_closed": false, "date_created": "2022-09-21T09:47:04.206Z", "date_modified": "2022-09-21T09:47:04.206Z", "change_user": null, "is_deleted": false}}, {"model": "NearBeach.list_of_requirement_item_status", "pk": 3, "fields": {"requirement_item_status": "Developing/Working", "status_is_closed": false, "date_created": "2022-09-21T09:47:04.206Z", "date_modified": "2022-09-21T09:47:04.206Z", "change_user": null, "is_deleted": false}}, {"model": "NearBeach.list_of_requirement_item_status", "pk": 4, "fields": {"requirement_item_status": "Testing", "status_is_closed": false, "date_created": "2022-09-21T09:47:04.206Z", "date_modified": "2022-09-21T09:47:04.206Z", "change_user": null, "is_deleted": false}}, {"model": "NearBeach.list_of_requirement_item_status", "pk": 5, "fields": {"requirement_item_status": "User Acceptance Testing", "status_is_closed": false, "date_created": "2022-09-21T09:47:04.206Z", "date_modified": "2022-09-21T09:47:04.206Z", "change_user": null, "is_deleted": false}}, {"model": "NearBeach.list_of_requirement_item_status", "pk": 6, "fields": {"requirement_item_status": "Rework", "status_is_closed": false, "date_created": "2022-09-21T09:47:04.206Z", "date_modified": "2022-09-21T09:47:04.206Z", "change_user": null, "is_deleted": false}}, {"model": "NearBeach.list_of_requirement_item_status", "pk": 7, "fields": {"requirement_item_status": "Implemented", "status_is_closed": false, "date_created": "2022-09-21T09:47:04.206Z", "date_modified": "2022-09-21T09:47:04.206Z", "change_user": null, "is_deleted": false}}, {"model": "NearBeach.list_of_requirement_item_status", "pk": 8, "fields": {"requirement_item_status": "Finish", "status_is_closed": false, "date_created": "2022-09-21T09:47:04.206Z", "date_modified": "2022-09-21T09:47:04.206Z", "change_user": null, "is_deleted": false}}, {"model": "NearBeach.list_of_requirement_item_status", "pk": 9, "fields": {"requirement_item_status": "Not Tested", "status_is_closed": false, "date_created": "2022-09-21T09:47:04.206Z", "date_modified": "2022-09-21T09:47:04.206Z", "change_user": null, "is_deleted": false}}, {"model": "NearBeach.list_of_requirement_item_status", "pk": 10, "fields": {"requirement_item_status": "Obsolete", "status_is_closed": false, "date_created": "2022-09-21T09:47:04.206Z", "date_modified": "2022-09-21T09:47:04.206Z", "change_user": null, "is_deleted": false}}, {"model": "NearBeach.list_of_requirement_item_type", "pk": 1, "fields": {"requirement_item_type": "Informational", "date_created": "2022-09-21T09:47:04.207Z", "date_modified": "2022-09-21T09:47:04.207Z", "change_user": null, "is_deleted": false}}, {"model": "NearBeach.list_of_requirement_item_type", "pk": 2, "fields": {"requirement_item_type": "Feature", "date_created": "2022-09-21T09:47:04.207Z", "date_modified": "2022-09-21T09:47:04.207Z", "change_user": null, "is_deleted": false}}, {"model": "NearBeach.list_of_requirement_item_type", "pk": 3, "fields": {"requirement_item_type": "User Case", "date_created": "2022-09-21T09:47:04.207Z", "date_modified": "2022-09-21T09:47:04.207Z", "change_user": null, "is_deleted": false}}, {"model": "NearBeach.list_of_requirement_item_type", "pk": 4, "fields": {"requirement_item_type": "User Interface", "date_created": "2022-09-21T09:47:04.207Z", "date_modified": "2022-09-21T09:47:04.207Z", "change_user": null, "is_deleted": false}}, {"model": "NearBeach.list_of_requirement_item_type", "pk": 5, "fields": {"requirement_item_type": "Non Functional", "date_created": "2022-09-21T09:47:04.207Z", "date_modified": "2022-09-21T09:47:04.207Z", "change_user": null, "is_deleted": false}}, {"model": "NearBeach.list_of_requirement_item_type", "pk": 6, "fields": {"requirement_item_type": "Constraint", "date_created": "2022-09-21T09:47:04.207Z", "date_modified": "2022-09-21T09:47:04.207Z", "change_user": null, "is_deleted": false}}, {"model": "NearBeach.list_of_requirement_item_type", "pk": 7, "fields": {"requirement_item_type": "System Function", "date_created": "2022-09-21T09:47:04.207Z", "date_modified": "2022-09-21T09:47:04.207Z", "change_user": null, "is_deleted": false}}, {"model": "NearBeach.list_of_requirement_status", "pk": 1, "fields": {"requirement_status": "Backlog", "requirement_status_is_closed": false, "date_created": "2022-09-21T09:47:04.207Z", "date_modified": "2022-09-21T09:47:04.207Z", "change_user": null, "is_deleted": false}}, {"model": "NearBeach.list_of_requirement_status", "pk": 2, "fields": {"requirement_status": "Blocked", "requirement_status_is_closed": false, "date_created": "2022-09-21T09:47:04.207Z", "date_modified": "2022-09-21T09:47:04.207Z", "change_user": null, "is_deleted": false}}, {"model": "NearBeach.list_of_requirement_status", "pk": 3, "fields": {"requirement_status": "In Progress", "requirement_status_is_closed": false, "date_created": "2022-09-21T09:47:04.207Z", "date_modified": "2022-09-21T09:47:04.207Z", "change_user": null, "is_deleted": false}}, {"model": "NearBeach.list_of_requirement_status", "pk": 4, "fields": {"requirement_status": "Testing/Review", "requirement_status_is_closed": false, "date_created": "2022-09-21T09:47:04.207Z", "date_modified": "2022-09-21T09:47:04.207Z", "change_user": null, "is_deleted": false}}, {"model": "NearBeach.list_of_requirement_status", "pk": 5, "fields": {"requirement_status": "Closed", "requirement_status_is_closed": true, "date_created": "2022-09-21T09:47:04.207Z", "date_modified": "2022-09-21T09:47:04.207Z", "change_user": null, "is_deleted": false}}, {"model": "NearBeach.list_of_requirement_type", "pk": 1, "fields": {"requirement_type": "Non Specific", "date_created": "2022-09-21T09:47:04.207Z", "date_modified": "2022-09-21T09:47:04.207Z", "change_user": null, "is_deleted": false}}, {"model": "NearBeach.list_of_requirement_type", "pk": 2, "fields": {"requirement_type": "Customer Requirements", "date_created": "2022-09-21T09:47:04.207Z", "date_modified": "2022-09-21T09:47:04.207Z", "change_user": null, "is_deleted": false}}, {"model": "NearBeach.list_of_requirement_type", "pk": 3, "fields": {"requirement_type": "System Requirements", "date_created": "2022-09-21T09:47:04.207Z", "date_modified": "2022-09-21T09:47:04.207Z", "change_user": null, "is_deleted": false}}, {"model": "NearBeach.list_of_rfc_status", "pk": 1, "fields": {"rfc_status": "Draft", "date_created": "2022-09-21T09:47:08.352Z", "date_modified": "2022-09-21T09:47:08.352Z", "change_user": null, "is_deleted": false}}, {"model": "NearBeach.list_of_rfc_status", "pk": 2, "fields": {"rfc_status": "Waiting for approval", "date_created": "2022-09-21T09:47:08.352Z", "date_modified": "2022-09-21T09:47:08.352Z", "change_user": null, "is_deleted": false}}, {"model": "NearBeach.list_of_rfc_status", "pk": 3, "fields": {"rfc_status": "Approved", "date_created": "2022-09-21T09:47:08.352Z", "date_modified": "2022-09-21T09:47:08.352Z", "change_user": null, "is_deleted": false}}, {"model": "NearBeach.list_of_rfc_status", "pk": 4, "fields": {"rfc_status": "Started", "date_created": "2022-09-21T09:47:08.352Z", "date_modified": "2022-09-21T09:47:08.352Z", "change_user": null, "is_deleted": false}}, {"model": "NearBeach.list_of_rfc_status", "pk": 5, "fields": {"rfc_status": "Finished", "date_created": "2022-09-21T09:47:08.352Z", "date_modified": "2022-09-21T09:47:08.352Z", "change_user": null, "is_deleted": false}}, {"model": "NearBeach.list_of_rfc_status", "pk": 6, "fields": {"rfc_status": "Rejected", "date_created": "2022-09-21T09:47:08.352Z", "date_modified": "2022-09-21T09:47:08.352Z", "change_user": null, "is_deleted": false}}, {"model": "NearBeach.list_of_title", "pk": 1, "fields": {"title": "Mr", "date_created": "2022-09-21T09:47:04.208Z", "date_modified": "2022-09-21T09:47:04.208Z", "change_user": null, "is_deleted": false}}, {"model": "NearBeach.list_of_title", "pk": 2, "fields": {"title": "Ms", "date_created": "2022-09-21T09:47:04.208Z", "date_modified": "2022-09-21T09:47:04.208Z", "change_user": null, "is_deleted": false}}, {"model": "NearBeach.list_of_title", "pk": 3, "fields": {"title": "Mrs", "date_created": "2022-09-21T09:47:04.208Z", "date_modified": "2022-09-21T09:47:04.208Z", "change_user": null, "is_deleted": false}}, {"model": "NearBeach.list_of_title", "pk": 4, "fields": {"title": "Mx", "date_created": "2022-09-21T09:47:04.208Z", "date_modified": "2022-09-21T09:47:04.208Z", "change_user": null, "is_deleted": false}}, {"model": "NearBeach.nearbeach_option", "pk": 1, "fields": {"story_point_hour_min": 4, "story_point_hour_max": 10, "date_created": "2022-09-21T09:47:04.209Z", "date_modified": "2022-09-21T09:47:04.209Z", "change_user": null}}, {"model": "NearBeach.object_assignment", "pk": 1, "fields": {"assigned_user": null, "group_id": 1, "opportunity": null, "quote": null, "requirement": null, "requirement_item": null, "project": null, "task": null, "kanban_board": 1, "request_for_change": null, "whiteboard": null, "customer": null, "organisation": null, "meta_object": null, "meta_object_title": null, "meta_object_status": null, "date_created": "2022-09-21T11:14:38.524Z", "date_modified": "2022-09-21T11:14:38.524Z", "change_user": 1, "is_deleted": false}}, {"model": "NearBeach.object_assignment", "pk": 2, "fields": {"assigned_user": null, "group_id": 2, "opportunity": null, "quote": null, "requirement": null, "requirement_item": null, "project": null, "task": null, "kanban_board": 1, "request_for_change": null, "whiteboard": null, "customer": null, "organisation": null, "meta_object": null, "meta_object_title": null, "meta_object_status": null, "date_created": "2022-09-21T11:15:24.694Z", "date_modified": "2022-09-21T11:15:24.694Z", "change_user": 1, "is_deleted": false}}, {"model": "NearBeach.object_assignment", "pk": 3, "fields": {"assigned_user": 2, "group_id": null, "opportunity": null, "quote": null, "requirement": null, "requirement_item": null, "project": null, "task": null, "kanban_board": 1, "request_for_change": null, "whiteboard": null, "customer": null, "organisation": null, "meta_object": null, "meta_object_title": null, "meta_object_status": null, "date_created": "2022-09-21T11:15:33.391Z", "date_modified": "2022-09-21T11:15:33.391Z", "change_user": 1, "is_deleted": false}}, {"model": "NearBeach.object_assignment", "pk": 4, "fields": {"assigned_user": null, "group_id": 1, "opportunity": null, "quote": null, "requirement": null, "requirement_item": null, "project": null, "task": null, "kanban_board": 2, "request_for_change": null, "whiteboard": null, "customer": null, "organisation": null, "meta_object": null, "meta_object_title": null, "meta_object_status": null, "date_created": "2022-09-21T11:15:44.205Z", "date_modified": "2022-09-21T11:15:44.205Z", "change_user": 1, "is_deleted": false}}, {"model": "NearBeach.object_assignment", "pk": 5, "fields": {"assigned_user": null, "group_id": 1, "opportunity": null, "quote": null, "requirement": null, "requirement_item": null, "project": 1, "task": null, "kanban_board": null, "request_for_change": null, "whiteboard": null, "customer": null, "organisation": null, "meta_object": null, "meta_object_title": null, "meta_object_status": null, "date_created": "2022-09-21T11:16:03.568Z", "date_modified": "2022-09-21T11:16:03.568Z", "change_user": 1, "is_deleted": false}}, {"model": "NearBeach.object_assignment", "pk": 6, "fields": {"assigned_user": null, "group_id": 2, "opportunity": null, "quote": null, "requirement": null, "requirement_item": null, "project": 1, "task": null, "kanban_board": null, "request_for_change": null, "whiteboard": null, "customer": null, "organisation": null, "meta_object": null, "meta_object_title": null, "meta_object_status": null, "date_created": "2022-09-21T11:16:03.570Z", "date_modified": "2022-09-21T11:16:03.570Z", "change_user": 1, "is_deleted": false}}, {"model": "NearBeach.object_assignment", "pk": 7, "fields": {"assigned_user": 2, "group_id": null, "opportunity": null, "quote": null, "requirement": null, "requirement_item": null, "project": 1, "task": null, "kanban_board": null, "request_for_change": null, "whiteboard": null, "customer": null, "organisation": null, "meta_object": null, "meta_object_title": null, "meta_object_status": null, "date_created": "2022-09-21T11:16:10.251Z", "date_modified": "2022-09-21T11:16:10.252Z", "change_user": 1, "is_deleted": false}}, {"model": "NearBeach.object_assignment", "pk": 8, "fields": {"assigned_user": null, "group_id": 1, "opportunity": null, "quote": null, "requirement": null, "requirement_item": null, "project": 2, "task": null, "kanban_board": null, "request_for_change": null, "whiteboard": null, "customer": null, "organisation": null, "meta_object": null, "meta_object_title": null, "meta_object_status": null, "date_created": "2022-09-21T11:16:34.537Z", "date_modified": "2022-09-21T11:16:34.537Z", "change_user": 1, "is_deleted": false}}, {"model": "NearBeach.object_assignment", "pk": 9, "fields": {"assigned_user": null, "group_id": 1, "opportunity": null, "quote": null, "requirement": null, "requirement_item": null, "project": null, "task": null, "kanban_board": null, "request_for_change": 1, "whiteboard": null, "customer": null, "organisation": null, "meta_object": null, "meta_object_title": null, "meta_object_status": null, "date_created": "2022-09-21T11:19:48.212Z", "date_modified": "2022-09-21T11:19:48.212Z", "change_user": 1, "is_deleted": false}}, {"model": "NearBeach.object_assignment", "pk": 10, "fields": {"assigned_user": null, "group_id": 2, "opportunity": null, "quote": null, "requirement": null, "requirement_item": null, "project": null, "task": null, "kanban_board": null, "request_for_change": 1, "whiteboard": null, "customer": null, "organisation": null, "meta_object": null, "meta_object_title": null, "meta_object_status": null, "date_created": "2022-09-21T11:19:48.214Z", "date_modified": "2022-09-21T11:19:48.214Z", "change_user": 1, "is_deleted": false}}, {"model": "NearBeach.object_assignment", "pk": 11, "fields": {"assigned_user": null, "group_id": 1, "opportunity": null, "quote": null, "requirement": null, "requirement_item": null, "project": null, "task": null, "kanban_board": null, "request_for_change": 2, "whiteboard": null, "customer": null, "organisation": null, "meta_object": null, "meta_object_title": null, "meta_object_status": null, "date_created": "2022-09-21T11:20:49.520Z", "date_modified": "2022-09-21T11:20:49.520Z", "change_user": 1, "is_deleted": false}}, {"model": "NearBeach.object_assignment", "pk": 12, "fields": {"assigned_user": null, "group_id": 1, "opportunity": null, "quote": null, "requirement": 1, "requirement_item": null, "project": null, "task": null, "kanban_board": null, "request_for_change": null, "whiteboard": null, "customer": null, "organisation": null, "meta_object": null, "meta_object_title": null, "meta_object_status": null, "date_created": "2022-09-21T11:21:19.019Z", "date_modified": "2022-09-21T11:21:19.019Z", "change_user": 1, "is_deleted": false}}, {"model": "NearBeach.object_assignment", "pk": 13, "fields": {"assigned_user": null, "group_id": 2, "opportunity": null, "quote": null, "requirement": 1, "requirement_item": null, "project": null, "task": null, "kanban_board": null, "request_for_change": null, "whiteboard": null, "customer": null, "organisation": null, "meta_object": null, "meta_object_title": null, "meta_object_status": null, "date_created": "2022-09-21T11:21:19.021Z", "date_modified": "2022-09-21T11:21:19.021Z", "change_user": 1, "is_deleted": false}}, {"model": "NearBeach.object_assignment", "pk": 14, "fields": {"assigned_user": null, "group_id": 1, "opportunity": null, "quote": null, "requirement": 2, "requirement_item": null, "project": null, "task": null, "kanban_board": null, "request_for_change": null, "whiteboard": null, "customer": null, "organisation": null, "meta_object": null, "meta_object_title": null, "meta_object_status": null, "date_created": "2022-09-21T11:22:01.501Z", "date_modified": "2022-09-21T11:22:01.501Z", "change_user": 1, "is_deleted": false}}, {"model": "NearBeach.object_assignment", "pk": 15, "fields": {"assigned_user": null, "group_id": 1, "opportunity": null, "quote": null, "requirement": null, "requirement_item": null, "project": null, "task": 1, "kanban_board": null, "request_for_change": null, "whiteboard": null, "customer": null, "organisation": null, "meta_object": null, "meta_object_title": null, "meta_object_status": null, "date_created": "2022-09-21T11:22:38.124Z", "date_modified": "2022-09-21T11:22:38.124Z", "change_user": 1, "is_deleted": false}}, {"model": "NearBeach.object_assignment", "pk": 16, "fields": {"assigned_user": null, "group_id": 2, "opportunity": null, "quote": null, "requirement": null, "requirement_item": null, "project": null, "task": 1, "kanban_board": null, "request_for_change": null, "whiteboard": null, "customer": null, "organisation": null, "meta_object": null, "meta_object_title": null, "meta_object_status": null, "date_created": "2022-09-21T11:22:38.126Z", "date_modified": "2022-09-21T11:22:38.126Z", "change_user": 1, "is_deleted": false}}, {"model": "NearBeach.object_assignment", "pk": 17, "fields": {"assigned_user": null, "group_id": 1, "opportunity": null, "quote": null, "requirement": null, "requirement_item": null, "project": null, "task": 2, "kanban_board": null, "request_for_change": null, "whiteboard": null, "customer": null, "organisation": null, "meta_object": null, "meta_object_title": null, "meta_object_status": null, "date_created": "2022-09-21T11:22:54.432Z", "date_modified": "2022-09-21T11:22:54.432Z", "change_user": 1, "is_deleted": false}}, {"model": "NearBeach.organisation", "pk": 1, "fields": {"organisation_name": "NearBeach Incorporated", "organisation_website": "https://nearbeach.org", "organisation_email": "support@nearbeach.org", "organisation_profile_picture": "", "date_created": "2022-09-21T10:14:00.301Z", "date_modified": "2022-09-21T10:14:00.301Z", "change_user": 1, "is_deleted": false}}, {"model": "NearBeach.permission_set", "pk": 1, "fields": {"permission_set_name": "Administration Permission Set", "administration_assign_user_to_group": 4, "administration_create_group": 4, "administration_create_permission_set": 4, "administration_create_user": 4, "bug_client": 4, "customer": 4, "kanban_board": 0, "kanban_card": 4, "organisation": 4, "project": 4, "request_for_change": 0, "requirement": 4, "task": 4, "document": 1, "kanban_comment": 1, "project_history": 1, "task_history": 1, "date_created": "2022-09-21T09:48:47.620Z", "date_modified": "2022-09-21T09:48:47.620Z", "change_user": 1, "is_deleted": false}}, {"model": "NearBeach.permission_set", "pk": 2, "fields": {"permission_set_name": "Team Leader", "administration_assign_user_to_group": 0, "administration_create_group": 0, "administration_create_permission_set": 0, "administration_create_user": 0, "bug_client": 4, "customer": 4, "kanban_board": 4, "kanban_card": 4, "organisation": 4, "project": 4, "request_for_change": 4, "requirement": 4, "task": 4, "document": 0, "kanban_comment": 0, "project_history": 0, "task_history": 0, "date_created": "2022-09-21T09:49:18.574Z", "date_modified": "2022-09-21T09:50:12.148Z", "change_user": 1, "is_deleted": false}}, {"model": "NearBeach.permission_set", "pk": 3, "fields": {"permission_set_name": "Read Only", "administration_assign_user_to_group": 0, "administration_create_group": 0, "administration_create_permission_set": 0, "administration_create_user": 0, "bug_client": 1, "customer": 1, "kanban_board": 1, "kanban_card": 1, "organisation": 1, "project": 1, "request_for_change": 1, "requirement": 1, "task": 1, "document": 0, "kanban_comment": 0, "project_history": 0, "task_history": 0, "date_created": "2022-09-21T09:50:36.342Z", "date_modified": "2022-09-21T09:51:06.596Z", "change_user": 1, "is_deleted": false}}, {"model": "NearBeach.permission_set", "pk": 4, "fields": {"permission_set_name": "team_member", "administration_assign_user_to_group": 0, "administration_create_group": 0, "administration_create_permission_set": 0, "administration_create_user": 0, "bug_client": 3, "customer": 3, "kanban_board": 3, "kanban_card": 3, "organisation": 3, "project": 3, "request_for_change": 3, "requirement": 3, "task": 3, "document": 0, "kanban_comment": 0, "project_history": 0, "task_history": 0, "date_created": "2022-09-21T11:35:27.374Z", "date_modified": "2022-09-21T11:35:51.340Z", "change_user": 1, "is_deleted": false}}, {"model": "NearBeach.permission_set", "pk": 5, "fields": {"permission_set_name": "Intern", "administration_assign_user_to_group": 0, "administration_create_group": 0, "administration_create_permission_set": 0, "administration_create_user": 0, "bug_client": 2, "customer": 2, "kanban_board": 2, "kanban_card": 2, "organisation": 2, "project": 2, "request_for_change": 2, "requirement": 2, "task": 2, "document": 0, "kanban_comment": 0, "project_history": 0, "task_history": 0, "date_created": "2022-09-21T11:37:41.729Z", "date_modified": "2022-09-21T11:38:43.629Z", "change_user": 1, "is_deleted": false}}, {"model": "NearBeach.project", "pk": 1, "fields": {"project_name": "Everyone can access", "project_description": "<p>Everyone can access this project</p>", "organisation": 1, "customer": null, "project_start_date": "2022-09-20T23:00:00Z", "project_end_date": "2022-10-05T05:00:00Z", "project_status": "New", "project_story_point_min": 1, "project_story_point_max": 4, "date_created": "2022-09-21T11:16:03.564Z", "date_modified": "2022-09-21T11:16:03.564Z", "change_user": 1, "creation_user": 1, "is_deleted": false}}, {"model": "NearBeach.project", "pk": 2, "fields": {"project_name": "No one can access", "project_description": "<p>No one can access</p>", "organisation": 1, "customer": null, "project_start_date": "2022-09-20T23:00:00Z", "project_end_date": "2022-10-05T05:00:00Z", "project_status": "New", "project_story_point_min": 1, "project_story_point_max": 4, "date_created": "2022-09-21T11:16:34.535Z", "date_modified": "2022-09-21T11:16:34.535Z", "change_user": 1, "creation_user": 1, "is_deleted": false}}, {"model": "NearBeach.request_for_change", "pk": 1, "fields": {"rfc_title": "Everyone can access", "rfc_summary": "<p>Everyone can access</p>", "rfc_type": 3, "rfc_implementation_start_date": "2022-09-20T23:00:00Z", "rfc_implementation_end_date": "2022-10-05T05:00:00Z", "rfc_implementation_release_date": "2022-10-05T06:00:00Z", "rfc_version_number": "0.29.6", "rfc_status": 1, "rfc_lead": 1, "rfc_priority": 2, "rfc_risk": 3, "rfc_impact": 2, "rfc_risk_and_impact_analysis": "<p>Risk</p>", "rfc_implementation_plan": "<p>Implementation PLan</p>", "rfc_backout_plan": "<p>Backout Plan</p>", "rfc_test_plan": "<p>Test Plan</p>", "date_created": "2022-09-21T11:19:48.210Z", "date_modified": "2022-09-21T11:19:48.210Z", "change_user": 1, "creation_user": 1, "is_deleted": false}}, {"model": "NearBeach.request_for_change", "pk": 2, "fields": {"rfc_title": "No one can access", "rfc_summary": "<p>No one can access</p>", "rfc_type": 2, "rfc_implementation_start_date": "2022-09-20T23:00:00Z", "rfc_implementation_end_date": "2022-10-05T05:00:00Z", "rfc_implementation_release_date": "2022-10-05T06:00:00Z", "rfc_version_number": "0.29.6", "rfc_status": 1, "rfc_lead": 1, "rfc_priority": 3, "rfc_risk": 4, "rfc_impact": 2, "rfc_risk_and_impact_analysis": "<p>Risk Association</p>", "rfc_implementation_plan": "<p>Implementation Plan</p>", "rfc_backout_plan": "<p>Backout Plan</p>", "rfc_test_plan": "<p>Test Plan</p>", "date_created": "2022-09-21T11:20:49.518Z", "date_modified": "2022-09-21T11:20:49.518Z", "change_user": 1, "creation_user": 1, "is_deleted": false}}, {"model": "NearBeach.request_for_change", "pk": 3, "fields": {"rfc_title": "User can start RFC Change tasks before accepted", "rfc_summary": "<p>User can start RFC Change tasks before accepted</p>", "rfc_type": 1, "rfc_implementation_start_date": "2022-10-06T00:00:00Z", "rfc_implementation_end_date": "2022-10-20T07:00:00Z", "rfc_implementation_release_date": "2022-10-20T08:00:00Z", "rfc_version_number": "0.29.6", "rfc_status": 1, "rfc_lead": 2, "rfc_priority": 2, "rfc_risk": 3, "rfc_impact": 2, "rfc_risk_and_impact_analysis": "<p>User can start RFC Change tasks before accepted</p>", "rfc_implementation_plan": "<p>User can start RFC Change tasks before accepted</p>", "rfc_backout_plan": "<p>User can start RFC Change tasks before accepted</p>", "rfc_test_plan": "<p>User can start RFC Change tasks before accepted</p>", "date_created": "2022-10-06T09:41:06.583Z", "date_modified": "2022-10-06T09:41:06.583Z", "change_user": 2, "creation_user": 2, "is_deleted": false}}, {"model": "NearBeach.request_for_change_group_approval", "pk": 1, "fields": {"rfc": 1, "group": 1, "approval": 2, "date_created": "2022-10-03T08:43:55.929Z", "date_modified": "2022-10-03T08:43:55.929Z", "change_user": 1, "is_deleted": false}}, {"model": "NearBeach.request_for_change_group_approval", "pk": 2, "fields": {"rfc": 1, "group": 2, "approval": 2, "date_created": "2022-10-03T08:43:55.932Z", "date_modified": "2022-10-03T08:43:55.932Z", "change_user": 1, "is_deleted": false}}, {"model": "NearBeach.request_for_change_group_approval", "pk": 3, "fields": {"rfc": 2, "group": 2, "approval": 2, "date_created": "2022-10-06T09:39:38.334Z", "date_modified": "2022-10-06T09:39:38.334Z", "change_user": 2, "is_deleted": false}}, {"model": "NearBeach.request_for_change_group_approval", "pk": 4, "fields": {"rfc": 2, "group": 3, "approval": 2, "date_created": "2022-10-06T09:39:38.336Z", "date_modified": "2022-10-06T09:39:38.336Z", "change_user": 2, "is_deleted": false}}, {"model": "NearBeach.requirement", "pk": 1, "fields": {"requirement_title": "Everyone can access", "requirement_scope": "<p>Everyone can accesss</p>", "requirement_type": 2, "requirement_status": 2, "requirement_story_point_min": 1, "requirement_story_point_max": 4, "organisation": 1, "date_created": "2022-09-21T11:21:19.017Z", "date_modified": "2022-09-21T11:21:19.017Z", "change_user": 1, "creation_user": 1, "is_deleted": false}}, {"model": "NearBeach.requirement", "pk": 2, "fields": {"requirement_title": "No One can Access", "requirement_scope": "<p>No One can access</p>", "requirement_type": 2, "requirement_status": 3, "requirement_story_point_min": 1, "requirement_story_point_max": 4, "organisation": 1, "date_created": "2022-09-21T11:22:01.499Z", "date_modified": "2022-09-21T11:22:01.499Z", "change_user": 1, "creation_user": 1, "is_deleted": false}}, {"model": "NearBeach.requirement_item", "pk": 1, "fields": {"requirement": 1, "requirement_item_title": "Simple Requirement Item", "requirement_item_scope": "<p>Simple Requirement Item</p>", "requirement_item_status": 4, "requirement_item_type": 4, "ri_story_point_min": 4, "ri_story_point_max": 10, "date_created": "2022-09-21T11:21:39.843Z", "date_modified": "2022-09-21T11:21:39.843Z", "change_user": 1, "is_deleted": false}}, {"model": "NearBeach.requirement_item", "pk": 2, "fields": {"requirement": 2, "requirement_item_title": "No one should see this", "requirement_item_scope": "<p>No one should see this</p>", "requirement_item_status": 3, "requirement_item_type": 4, "ri_story_point_min": 4, "ri_story_point_max": 10, "date_created": "2022-09-21T11:22:20.635Z", "date_modified": "2022-09-21T11:22:20.635Z", "change_user": 1, "is_deleted": false}}, {"model": "NearBeach.task", "pk": 1, "fields": {"task_short_description": "Everyone can see this", "task_long_description": "<p>Everyone can see this</p>", "organisation": 1, "task_start_date": "2022-09-20T23:00:00Z", "task_end_date": "2022-10-05T05:00:00Z", "task_assigned_to": null, "task_status": "New", "task_story_point_min": 4, "task_story_point_max": 10, "date_created": "2022-09-21T11:22:38.121Z", "date_modified": "2022-09-21T11:22:38.121Z", "change_user": 1, "creation_user": 1, "is_deleted": false}}, {"model": "NearBeach.task", "pk": 2, "fields": {"task_short_description": "No one can see this", "task_long_description": "<p>No one can see this</p>", "organisation": 1, "task_start_date": "2022-09-20T23:00:00Z", "task_end_date": "2022-10-05T05:00:00Z", "task_assigned_to": null, "task_status": "New", "task_story_point_min": 4, "task_story_point_max": 10, "date_created": "2022-09-21T11:22:54.429Z", "date_modified": "2022-09-21T11:22:54.429Z", "change_user": 1, "creation_user": 1, "is_deleted": false}}, {"model": "NearBeach.user_group", "pk": 1, "fields": {"username": 1, "group": 1, "permission_set": 1, "report_to": null, "group_leader": false, "date_created": "2022-09-21T09:48:47.623Z", "date_modified": "2022-09-21T09:48:47.623Z", "change_user": 1, "is_deleted": false}}, {"model": "NearBeach.user_group", "pk": 2, "fields": {"username": 3, "group": 2, "permission_set": 3, "report_to": null, "group_leader": false, "date_created": "2022-09-21T09:57:21.598Z", "date_modified": "2022-09-21T09:57:21.599Z", "change_user": 1, "is_deleted": false}}, {"model": "NearBeach.user_group", "pk": 3, "fields": {"username": 2, "group": 2, "permission_set": 2, "report_to": null, "group_leader": false, "date_created": "2022-09-21T09:58:19.591Z", "date_modified": "2022-09-21T09:58:19.591Z", "change_user": 1, "is_deleted": false}}, {"model": "NearBeach.user_group", "pk": 4, "fields": {"username": 4, "group": 2, "permission_set": 4, "report_to": null, "group_leader": false, "date_created": "2022-09-21T11:36:30.367Z", "date_modified": "2022-09-21T11:36:30.367Z", "change_user": 1, "is_deleted": false}}, {"model": "NearBeach.user_group", "pk": 5, "fields": {"username": 5, "group": 2, "permission_set": 5, "report_to": null, "group_leader": false, "date_created": "2022-09-21T11:39:16.568Z", "date_modified": "2022-09-21T11:39:16.569Z", "change_user": 1, "is_deleted": false}}, {"model": "auth.permission", "pk": 1, "fields": {"name": "Can add campus", "content_type": 1, "codename": "add_campus"}}, {"model": "auth.permission", "pk": 2, "fields": {"name": "Can change campus", "content_type": 1, "codename": "change_campus"}}, {"model": "auth.permission", "pk": 3, "fields": {"name": "Can delete campus", "content_type": 1, "codename": "delete_campus"}}, {"model": "auth.permission", "pk": 4, "fields": {"name": "Can view campus", "content_type": 1, "codename": "view_campus"}}, {"model": "auth.permission", "pk": 5, "fields": {"name": "Can add customer", "content_type": 2, "codename": "add_customer"}}, {"model": "auth.permission", "pk": 6, "fields": {"name": "Can change customer", "content_type": 2, "codename": "change_customer"}}, {"model": "auth.permission", "pk": 7, "fields": {"name": "Can delete customer", "content_type": 2, "codename": "delete_customer"}}, {"model": "auth.permission", "pk": 8, "fields": {"name": "Can view customer", "content_type": 2, "codename": "view_customer"}}, {"model": "auth.permission", "pk": 9, "fields": {"name": "Can add document", "content_type": 3, "codename": "add_document"}}, {"model": "auth.permission", "pk": 10, "fields": {"name": "Can change document", "content_type": 3, "codename": "change_document"}}, {"model": "auth.permission", "pk": 11, "fields": {"name": "Can delete document", "content_type": 3, "codename": "delete_document"}}, {"model": "auth.permission", "pk": 12, "fields": {"name": "Can view document", "content_type": 3, "codename": "view_document"}}, {"model": "auth.permission", "pk": 13, "fields": {"name": "Can add group", "content_type": 4, "codename": "add_group"}}, {"model": "auth.permission", "pk": 14, "fields": {"name": "Can change group", "content_type": 4, "codename": "change_group"}}, {"model": "auth.permission", "pk": 15, "fields": {"name": "Can delete group", "content_type": 4, "codename": "delete_group"}}, {"model": "auth.permission", "pk": 16, "fields": {"name": "Can view group", "content_type": 4, "codename": "view_group"}}, {"model": "auth.permission", "pk": 17, "fields": {"name": "Can add kanban_board", "content_type": 5, "codename": "add_kanban_board"}}, {"model": "auth.permission", "pk": 18, "fields": {"name": "Can change kanban_board", "content_type": 5, "codename": "change_kanban_board"}}, {"model": "auth.permission", "pk": 19, "fields": {"name": "Can delete kanban_board", "content_type": 5, "codename": "delete_kanban_board"}}, {"model": "auth.permission", "pk": 20, "fields": {"name": "Can view kanban_board", "content_type": 5, "codename": "view_kanban_board"}}, {"model": "auth.permission", "pk": 21, "fields": {"name": "Can add kanban_card", "content_type": 6, "codename": "add_kanban_card"}}, {"model": "auth.permission", "pk": 22, "fields": {"name": "Can change kanban_card", "content_type": 6, "codename": "change_kanban_card"}}, {"model": "auth.permission", "pk": 23, "fields": {"name": "Can delete kanban_card", "content_type": 6, "codename": "delete_kanban_card"}}, {"model": "auth.permission", "pk": 24, "fields": {"name": "Can view kanban_card", "content_type": 6, "codename": "view_kanban_card"}}, {"model": "auth.permission", "pk": 25, "fields": {"name": "Can add list_of_amount_type", "content_type": 7, "codename": "add_list_of_amount_type"}}, {"model": "auth.permission", "pk": 26, "fields": {"name": "Can change list_of_amount_type", "content_type": 7, "codename": "change_list_of_amount_type"}}, {"model": "auth.permission", "pk": 27, "fields": {"name": "Can delete list_of_amount_type", "content_type": 7, "codename": "delete_list_of_amount_type"}}, {"model": "auth.permission", "pk": 28, "fields": {"name": "Can view list_of_amount_type", "content_type": 7, "codename": "view_list_of_amount_type"}}, {"model": "auth.permission", "pk": 29, "fields": {"name": "Can add list_of_country", "content_type": 8, "codename": "add_list_of_country"}}, {"model": "auth.permission", "pk": 30, "fields": {"name": "Can change list_of_country", "content_type": 8, "codename": "change_list_of_country"}}, {"model": "auth.permission", "pk": 31, "fields": {"name": "Can delete list_of_country", "content_type": 8, "codename": "delete_list_of_country"}}, {"model": "auth.permission", "pk": 32, "fields": {"name": "Can view list_of_country", "content_type": 8, "codename": "view_list_of_country"}}, {"model": "auth.permission", "pk": 33, "fields": {"name": "Can add list_of_currency", "content_type": 9, "codename": "add_list_of_currency"}}, {"model": "auth.permission", "pk": 34, "fields": {"name": "Can change list_of_currency", "content_type": 9, "codename": "change_list_of_currency"}}, {"model": "auth.permission", "pk": 35, "fields": {"name": "Can delete list_of_currency", "content_type": 9, "codename": "delete_list_of_currency"}}, {"model": "auth.permission", "pk": 36, "fields": {"name": "Can view list_of_currency", "content_type": 9, "codename": "view_list_of_currency"}}, {"model": "auth.permission", "pk": 37, "fields": {"name": "Can add list_of_lead_source", "content_type": 10, "codename": "add_list_of_lead_source"}}, {"model": "auth.permission", "pk": 38, "fields": {"name": "Can change list_of_lead_source", "content_type": 10, "codename": "change_list_of_lead_source"}}, {"model": "auth.permission", "pk": 39, "fields": {"name": "Can delete list_of_lead_source", "content_type": 10, "codename": "delete_list_of_lead_source"}}, {"model": "auth.permission", "pk": 40, "fields": {"name": "Can view list_of_lead_source", "content_type": 10, "codename": "view_list_of_lead_source"}}, {"model": "auth.permission", "pk": 41, "fields": {"name": "Can add list_of_opportunity_stage", "content_type": 11, "codename": "add_list_of_opportunity_stage"}}, {"model": "auth.permission", "pk": 42, "fields": {"name": "Can change list_of_opportunity_stage", "content_type": 11, "codename": "change_list_of_opportunity_stage"}}, {"model": "auth.permission", "pk": 43, "fields": {"name": "Can delete list_of_opportunity_stage", "content_type": 11, "codename": "delete_list_of_opportunity_stage"}}, {"model": "auth.permission", "pk": 44, "fields": {"name": "Can view list_of_opportunity_stage", "content_type": 11, "codename": "view_list_of_opportunity_stage"}}, {"model": "auth.permission", "pk": 45, "fields": {"name": "Can add list_of_quote_stage", "content_type": 12, "codename": "add_list_of_quote_stage"}}, {"model": "auth.permission", "pk": 46, "fields": {"name": "Can change list_of_quote_stage", "content_type": 12, "codename": "change_list_of_quote_stage"}}, {"model": "auth.permission", "pk": 47, "fields": {"name": "Can delete list_of_quote_stage", "content_type": 12, "codename": "delete_list_of_quote_stage"}}, {"model": "auth.permission", "pk": 48, "fields": {"name": "Can view list_of_quote_stage", "content_type": 12, "codename": "view_list_of_quote_stage"}}, {"model": "auth.permission", "pk": 49, "fields": {"name": "Can add list_of_requirement_item_status", "content_type": 13, "codename": "add_list_of_requirement_item_status"}}, {"model": "auth.permission", "pk": 50, "fields": {"name": "Can change list_of_requirement_item_status", "content_type": 13, "codename": "change_list_of_requirement_item_status"}}, {"model": "auth.permission", "pk": 51, "fields": {"name": "Can delete list_of_requirement_item_status", "content_type": 13, "codename": "delete_list_of_requirement_item_status"}}, {"model": "auth.permission", "pk": 52, "fields": {"name": "Can view list_of_requirement_item_status", "content_type": 13, "codename": "view_list_of_requirement_item_status"}}, {"model": "auth.permission", "pk": 53, "fields": {"name": "Can add list_of_requirement_item_type", "content_type": 14, "codename": "add_list_of_requirement_item_type"}}, {"model": "auth.permission", "pk": 54, "fields": {"name": "Can change list_of_requirement_item_type", "content_type": 14, "codename": "change_list_of_requirement_item_type"}}, {"model": "auth.permission", "pk": 55, "fields": {"name": "Can delete list_of_requirement_item_type", "content_type": 14, "codename": "delete_list_of_requirement_item_type"}}, {"model": "auth.permission", "pk": 56, "fields": {"name": "Can view list_of_requirement_item_type", "content_type": 14, "codename": "view_list_of_requirement_item_type"}}, {"model": "auth.permission", "pk": 57, "fields": {"name": "Can add list_of_requirement_status", "content_type": 15, "codename": "add_list_of_requirement_status"}}, {"model": "auth.permission", "pk": 58, "fields": {"name": "Can change list_of_requirement_status", "content_type": 15, "codename": "change_list_of_requirement_status"}}, {"model": "auth.permission", "pk": 59, "fields": {"name": "Can delete list_of_requirement_status", "content_type": 15, "codename": "delete_list_of_requirement_status"}}, {"model": "auth.permission", "pk": 60, "fields": {"name": "Can view list_of_requirement_status", "content_type": 15, "codename": "view_list_of_requirement_status"}}, {"model": "auth.permission", "pk": 61, "fields": {"name": "Can add list_of_requirement_type", "content_type": 16, "codename": "add_list_of_requirement_type"}}, {"model": "auth.permission", "pk": 62, "fields": {"name": "Can change list_of_requirement_type", "content_type": 16, "codename": "change_list_of_requirement_type"}}, {"model": "auth.permission", "pk": 63, "fields": {"name": "Can delete list_of_requirement_type", "content_type": 16, "codename": "delete_list_of_requirement_type"}}, {"model": "auth.permission", "pk": 64, "fields": {"name": "Can view list_of_requirement_type", "content_type": 16, "codename": "view_list_of_requirement_type"}}, {"model": "auth.permission", "pk": 65, "fields": {"name": "Can add list_of_tax", "content_type": 17, "codename": "add_list_of_tax"}}, {"model": "auth.permission", "pk": 66, "fields": {"name": "Can change list_of_tax", "content_type": 17, "codename": "change_list_of_tax"}}, {"model": "auth.permission", "pk": 67, "fields": {"name": "Can delete list_of_tax", "content_type": 17, "codename": "delete_list_of_tax"}}, {"model": "auth.permission", "pk": 68, "fields": {"name": "Can view list_of_tax", "content_type": 17, "codename": "view_list_of_tax"}}, {"model": "auth.permission", "pk": 69, "fields": {"name": "Can add opportunity", "content_type": 18, "codename": "add_opportunity"}}, {"model": "auth.permission", "pk": 70, "fields": {"name": "Can change opportunity", "content_type": 18, "codename": "change_opportunity"}}, {"model": "auth.permission", "pk": 71, "fields": {"name": "Can delete opportunity", "content_type": 18, "codename": "delete_opportunity"}}, {"model": "auth.permission", "pk": 72, "fields": {"name": "Can view opportunity", "content_type": 18, "codename": "view_opportunity"}}, {"model": "auth.permission", "pk": 73, "fields": {"name": "Can add organisation", "content_type": 19, "codename": "add_organisation"}}, {"model": "auth.permission", "pk": 74, "fields": {"name": "Can change organisation", "content_type": 19, "codename": "change_organisation"}}, {"model": "auth.permission", "pk": 75, "fields": {"name": "Can delete organisation", "content_type": 19, "codename": "delete_organisation"}}, {"model": "auth.permission", "pk": 76, "fields": {"name": "Can view organisation", "content_type": 19, "codename": "view_organisation"}}, {"model": "auth.permission", "pk": 77, "fields": {"name": "Can add permission_set", "content_type": 20, "codename": "add_permission_set"}}, {"model": "auth.permission", "pk": 78, "fields": {"name": "Can change permission_set", "content_type": 20, "codename": "change_permission_set"}}, {"model": "auth.permission", "pk": 79, "fields": {"name": "Can delete permission_set", "content_type": 20, "codename": "delete_permission_set"}}, {"model": "auth.permission", "pk": 80, "fields": {"name": "Can view permission_set", "content_type": 20, "codename": "view_permission_set"}}, {"model": "auth.permission", "pk": 81, "fields": {"name": "Can add project", "content_type": 21, "codename": "add_project"}}, {"model": "auth.permission", "pk": 82, "fields": {"name": "Can change project", "content_type": 21, "codename": "change_project"}}, {"model": "auth.permission", "pk": 83, "fields": {"name": "Can delete project", "content_type": 21, "codename": "delete_project"}}, {"model": "auth.permission", "pk": 84, "fields": {"name": "Can view project", "content_type": 21, "codename": "view_project"}}, {"model": "auth.permission", "pk": 85, "fields": {"name": "Can add quote", "content_type": 22, "codename": "add_quote"}}, {"model": "auth.permission", "pk": 86, "fields": {"name": "Can change quote", "content_type": 22, "codename": "change_quote"}}, {"model": "auth.permission", "pk": 87, "fields": {"name": "Can delete quote", "content_type": 22, "codename": "delete_quote"}}, {"model": "auth.permission", "pk": 88, "fields": {"name": "Can view quote", "content_type": 22, "codename": "view_quote"}}, {"model": "auth.permission", "pk": 89, "fields": {"name": "Can add request_for_change", "content_type": 23, "codename": "add_request_for_change"}}, {"model": "auth.permission", "pk": 90, "fields": {"name": "Can change request_for_change", "content_type": 23, "codename": "change_request_for_change"}}, {"model": "auth.permission", "pk": 91, "fields": {"name": "Can delete request_for_change", "content_type": 23, "codename": "delete_request_for_change"}}, {"model": "auth.permission", "pk": 92, "fields": {"name": "Can view request_for_change", "content_type": 23, "codename": "view_request_for_change"}}, {"model": "auth.permission", "pk": 93, "fields": {"name": "Can add requirement", "content_type": 24, "codename": "add_requirement"}}, {"model": "auth.permission", "pk": 94, "fields": {"name": "Can change requirement", "content_type": 24, "codename": "change_requirement"}}, {"model": "auth.permission", "pk": 95, "fields": {"name": "Can delete requirement", "content_type": 24, "codename": "delete_requirement"}}, {"model": "auth.permission", "pk": 96, "fields": {"name": "Can view requirement", "content_type": 24, "codename": "view_requirement"}}, {"model": "auth.permission", "pk": 97, "fields": {"name": "Can add requirement_item", "content_type": 25, "codename": "add_requirement_item"}}, {"model": "auth.permission", "pk": 98, "fields": {"name": "Can change requirement_item", "content_type": 25, "codename": "change_requirement_item"}}, {"model": "auth.permission", "pk": 99, "fields": {"name": "Can delete requirement_item", "content_type": 25, "codename": "delete_requirement_item"}}, {"model": "auth.permission", "pk": 100, "fields": {"name": "Can view requirement_item", "content_type": 25, "codename": "view_requirement_item"}}, {"model": "auth.permission", "pk": 101, "fields": {"name": "Can add tag", "content_type": 26, "codename": "add_tag"}}, {"model": "auth.permission", "pk": 102, "fields": {"name": "Can change tag", "content_type": 26, "codename": "change_tag"}}, {"model": "auth.permission", "pk": 103, "fields": {"name": "Can delete tag", "content_type": 26, "codename": "delete_tag"}}, {"model": "auth.permission", "pk": 104, "fields": {"name": "Can view tag", "content_type": 26, "codename": "view_tag"}}, {"model": "auth.permission", "pk": 105, "fields": {"name": "Can add task", "content_type": 27, "codename": "add_task"}}, {"model": "auth.permission", "pk": 106, "fields": {"name": "Can change task", "content_type": 27, "codename": "change_task"}}, {"model": "auth.permission", "pk": 107, "fields": {"name": "Can delete task", "content_type": 27, "codename": "delete_task"}}, {"model": "auth.permission", "pk": 108, "fields": {"name": "Can view task", "content_type": 27, "codename": "view_task"}}, {"model": "auth.permission", "pk": 109, "fields": {"name": "Can add whiteboard", "content_type": 28, "codename": "add_whiteboard"}}, {"model": "auth.permission", "pk": 110, "fields": {"name": "Can change whiteboard", "content_type": 28, "codename": "change_whiteboard"}}, {"model": "auth.permission", "pk": 111, "fields": {"name": "Can delete whiteboard", "content_type": 28, "codename": "delete_whiteboard"}}, {"model": "auth.permission", "pk": 112, "fields": {"name": "Can view whiteboard", "content_type": 28, "codename": "view_whiteboard"}}, {"model": "auth.permission", "pk": 113, "fields": {"name": "Can add user_weblink", "content_type": 29, "codename": "add_user_weblink"}}, {"model": "auth.permission", "pk": 114, "fields": {"name": "Can change user_weblink", "content_type": 29, "codename": "change_user_weblink"}}, {"model": "auth.permission", "pk": 115, "fields": {"name": "Can delete user_weblink", "content_type": 29, "codename": "delete_user_weblink"}}, {"model": "auth.permission", "pk": 116, "fields": {"name": "Can view user_weblink", "content_type": 29, "codename": "view_user_weblink"}}, {"model": "auth.permission", "pk": 117, "fields": {"name": "Can add user_want", "content_type": 30, "codename": "add_user_want"}}, {"model": "auth.permission", "pk": 118, "fields": {"name": "Can change user_want", "content_type": 30, "codename": "change_user_want"}}, {"model": "auth.permission", "pk": 119, "fields": {"name": "Can delete user_want", "content_type": 30, "codename": "delete_user_want"}}, {"model": "auth.permission", "pk": 120, "fields": {"name": "Can view user_want", "content_type": 30, "codename": "view_user_want"}}, {"model": "auth.permission", "pk": 121, "fields": {"name": "Can add user_group", "content_type": 31, "codename": "add_user_group"}}, {"model": "auth.permission", "pk": 122, "fields": {"name": "Can change user_group", "content_type": 31, "codename": "change_user_group"}}, {"model": "auth.permission", "pk": 123, "fields": {"name": "Can delete user_group", "content_type": 31, "codename": "delete_user_group"}}, {"model": "auth.permission", "pk": 124, "fields": {"name": "Can view user_group", "content_type": 31, "codename": "view_user_group"}}, {"model": "auth.permission", "pk": 125, "fields": {"name": "Can add to_do", "content_type": 32, "codename": "add_to_do"}}, {"model": "auth.permission", "pk": 126, "fields": {"name": "Can change to_do", "content_type": 32, "codename": "change_to_do"}}, {"model": "auth.permission", "pk": 127, "fields": {"name": "Can delete to_do", "content_type": 32, "codename": "delete_to_do"}}, {"model": "auth.permission", "pk": 128, "fields": {"name": "Can view to_do", "content_type": 32, "codename": "view_to_do"}}, {"model": "auth.permission", "pk": 129, "fields": {"name": "Can add timesheet", "content_type": 33, "codename": "add_timesheet"}}, {"model": "auth.permission", "pk": 130, "fields": {"name": "Can change timesheet", "content_type": 33, "codename": "change_timesheet"}}, {"model": "auth.permission", "pk": 131, "fields": {"name": "Can delete timesheet", "content_type": 33, "codename": "delete_timesheet"}}, {"model": "auth.permission", "pk": 132, "fields": {"name": "Can view timesheet", "content_type": 33, "codename": "view_timesheet"}}, {"model": "auth.permission", "pk": 133, "fields": {"name": "Can add task_customer", "content_type": 34, "codename": "add_task_customer"}}, {"model": "auth.permission", "pk": 134, "fields": {"name": "Can change task_customer", "content_type": 34, "codename": "change_task_customer"}}, {"model": "auth.permission", "pk": 135, "fields": {"name": "Can delete task_customer", "content_type": 34, "codename": "delete_task_customer"}}, {"model": "auth.permission", "pk": 136, "fields": {"name": "Can view task_customer", "content_type": 34, "codename": "view_task_customer"}}, {"model": "auth.permission", "pk": 137, "fields": {"name": "Can add task_action", "content_type": 35, "codename": "add_task_action"}}, {"model": "auth.permission", "pk": 138, "fields": {"name": "Can change task_action", "content_type": 35, "codename": "change_task_action"}}, {"model": "auth.permission", "pk": 139, "fields": {"name": "Can delete task_action", "content_type": 35, "codename": "delete_task_action"}}, {"model": "auth.permission", "pk": 140, "fields": {"name": "Can view task_action", "content_type": 35, "codename": "view_task_action"}}, {"model": "auth.permission", "pk": 141, "fields": {"name": "Can add tag_assignment", "content_type": 36, "codename": "add_tag_assignment"}}, {"model": "auth.permission", "pk": 142, "fields": {"name": "Can change tag_assignment", "content_type": 36, "codename": "change_tag_assignment"}}, {"model": "auth.permission", "pk": 143, "fields": {"name": "Can delete tag_assignment", "content_type": 36, "codename": "delete_tag_assignment"}}, {"model": "auth.permission", "pk": 144, "fields": {"name": "Can view tag_assignment", "content_type": 36, "codename": "view_tag_assignment"}}, {"model": "auth.permission", "pk": 145, "fields": {"name": "Can add requirement_customer", "content_type": 37, "codename": "add_requirement_customer"}}, {"model": "auth.permission", "pk": 146, "fields": {"name": "Can change requirement_customer", "content_type": 37, "codename": "change_requirement_customer"}}, {"model": "auth.permission", "pk": 147, "fields": {"name": "Can delete requirement_customer", "content_type": 37, "codename": "delete_requirement_customer"}}, {"model": "auth.permission", "pk": 148, "fields": {"name": "Can view requirement_customer", "content_type": 37, "codename": "view_requirement_customer"}}, {"model": "auth.permission", "pk": 149, "fields": {"name": "Can add request_for_change_stakeholder", "content_type": 38, "codename": "add_request_for_change_stakeholder"}}, {"model": "auth.permission", "pk": 150, "fields": {"name": "Can change request_for_change_stakeholder", "content_type": 38, "codename": "change_request_for_change_stakeholder"}}, {"model": "auth.permission", "pk": 151, "fields": {"name": "Can delete request_for_change_stakeholder", "content_type": 38, "codename": "delete_request_for_change_stakeholder"}}, {"model": "auth.permission", "pk": 152, "fields": {"name": "Can view request_for_change_stakeholder", "content_type": 38, "codename": "view_request_for_change_stakeholder"}}, {"model": "auth.permission", "pk": 153, "fields": {"name": "Can add request_for_change_note", "content_type": 39, "codename": "add_request_for_change_note"}}, {"model": "auth.permission", "pk": 154, "fields": {"name": "Can change request_for_change_note", "content_type": 39, "codename": "change_request_for_change_note"}}, {"model": "auth.permission", "pk": 155, "fields": {"name": "Can delete request_for_change_note", "content_type": 39, "codename": "delete_request_for_change_note"}}, {"model": "auth.permission", "pk": 156, "fields": {"name": "Can view request_for_change_note", "content_type": 39, "codename": "view_request_for_change_note"}}, {"model": "auth.permission", "pk": 157, "fields": {"name": "Can add request_for_change_group_approval", "content_type": 40, "codename": "add_request_for_change_group_approval"}}, {"model": "auth.permission", "pk": 158, "fields": {"name": "Can change request_for_change_group_approval", "content_type": 40, "codename": "change_request_for_change_group_approval"}}, {"model": "auth.permission", "pk": 159, "fields": {"name": "Can delete request_for_change_group_approval", "content_type": 40, "codename": "delete_request_for_change_group_approval"}}, {"model": "auth.permission", "pk": 160, "fields": {"name": "Can view request_for_change_group_approval", "content_type": 40, "codename": "view_request_for_change_group_approval"}}, {"model": "auth.permission", "pk": 161, "fields": {"name": "Can add project_customer", "content_type": 41, "codename": "add_project_customer"}}, {"model": "auth.permission", "pk": 162, "fields": {"name": "Can change project_customer", "content_type": 41, "codename": "change_project_customer"}}, {"model": "auth.permission", "pk": 163, "fields": {"name": "Can delete project_customer", "content_type": 41, "codename": "delete_project_customer"}}, {"model": "auth.permission", "pk": 164, "fields": {"name": "Can view project_customer", "content_type": 41, "codename": "view_project_customer"}}, {"model": "auth.permission", "pk": 165, "fields": {"name": "Can add object_note", "content_type": 42, "codename": "add_object_note"}}, {"model": "auth.permission", "pk": 166, "fields": {"name": "Can change object_note", "content_type": 42, "codename": "change_object_note"}}, {"model": "auth.permission", "pk": 167, "fields": {"name": "Can delete object_note", "content_type": 42, "codename": "delete_object_note"}}, {"model": "auth.permission", "pk": 168, "fields": {"name": "Can view object_note", "content_type": 42, "codename": "view_object_note"}}, {"model": "auth.permission", "pk": 169, "fields": {"name": "Can add object_assignment", "content_type": 43, "codename": "add_object_assignment"}}, {"model": "auth.permission", "pk": 170, "fields": {"name": "Can change object_assignment", "content_type": 43, "codename": "change_object_assignment"}}, {"model": "auth.permission", "pk": 171, "fields": {"name": "Can delete object_assignment", "content_type": 43, "codename": "delete_object_assignment"}}, {"model": "auth.permission", "pk": 172, "fields": {"name": "Can view object_assignment", "content_type": 43, "codename": "view_object_assignment"}}, {"model": "auth.permission", "pk": 173, "fields": {"name": "Can add nearbeach_option", "content_type": 44, "codename": "add_nearbeach_option"}}, {"model": "auth.permission", "pk": 174, "fields": {"name": "Can change nearbeach_option", "content_type": 44, "codename": "change_nearbeach_option"}}, {"model": "auth.permission", "pk": 175, "fields": {"name": "Can delete nearbeach_option", "content_type": 44, "codename": "delete_nearbeach_option"}}, {"model": "auth.permission", "pk": 176, "fields": {"name": "Can view nearbeach_option", "content_type": 44, "codename": "view_nearbeach_option"}}, {"model": "auth.permission", "pk": 177, "fields": {"name": "Can add list_of_title", "content_type": 45, "codename": "add_list_of_title"}}, {"model": "auth.permission", "pk": 178, "fields": {"name": "Can change list_of_title", "content_type": 45, "codename": "change_list_of_title"}}, {"model": "auth.permission", "pk": 179, "fields": {"name": "Can delete list_of_title", "content_type": 45, "codename": "delete_list_of_title"}}, {"model": "auth.permission", "pk": 180, "fields": {"name": "Can view list_of_title", "content_type": 45, "codename": "view_list_of_title"}}, {"model": "auth.permission", "pk": 181, "fields": {"name": "Can add list_of_country_region", "content_type": 46, "codename": "add_list_of_country_region"}}, {"model": "auth.permission", "pk": 182, "fields": {"name": "Can change list_of_country_region", "content_type": 46, "codename": "change_list_of_country_region"}}, {"model": "auth.permission", "pk": 183, "fields": {"name": "Can delete list_of_country_region", "content_type": 46, "codename": "delete_list_of_country_region"}}, {"model": "auth.permission", "pk": 184, "fields": {"name": "Can view list_of_country_region", "content_type": 46, "codename": "view_list_of_country_region"}}, {"model": "auth.permission", "pk": 185, "fields": {"name": "Can add list_of_contact_type", "content_type": 47, "codename": "add_list_of_contact_type"}}, {"model": "auth.permission", "pk": 186, "fields": {"name": "Can change list_of_contact_type", "content_type": 47, "codename": "change_list_of_contact_type"}}, {"model": "auth.permission", "pk": 187, "fields": {"name": "Can delete list_of_contact_type", "content_type": 47, "codename": "delete_list_of_contact_type"}}, {"model": "auth.permission", "pk": 188, "fields": {"name": "Can view list_of_contact_type", "content_type": 47, "codename": "view_list_of_contact_type"}}, {"model": "auth.permission", "pk": 189, "fields": {"name": "Can add list_of_bug_client", "content_type": 48, "codename": "add_list_of_bug_client"}}, {"model": "auth.permission", "pk": 190, "fields": {"name": "Can change list_of_bug_client", "content_type": 48, "codename": "change_list_of_bug_client"}}, {"model": "auth.permission", "pk": 191, "fields": {"name": "Can delete list_of_bug_client", "content_type": 48, "codename": "delete_list_of_bug_client"}}, {"model": "auth.permission", "pk": 192, "fields": {"name": "Can view list_of_bug_client", "content_type": 48, "codename": "view_list_of_bug_client"}}, {"model": "auth.permission", "pk": 193, "fields": {"name": "Can add kudos", "content_type": 49, "codename": "add_kudos"}}, {"model": "auth.permission", "pk": 194, "fields": {"name": "Can change kudos", "content_type": 49, "codename": "change_kudos"}}, {"model": "auth.permission", "pk": 195, "fields": {"name": "Can delete kudos", "content_type": 49, "codename": "delete_kudos"}}, {"model": "auth.permission", "pk": 196, "fields": {"name": "Can view kudos", "content_type": 49, "codename": "view_kudos"}}, {"model": "auth.permission", "pk": 197, "fields": {"name": "Can add kanban_level", "content_type": 50, "codename": "add_kanban_level"}}, {"model": "auth.permission", "pk": 198, "fields": {"name": "Can change kanban_level", "content_type": 50, "codename": "change_kanban_level"}}, {"model": "auth.permission", "pk": 199, "fields": {"name": "Can delete kanban_level", "content_type": 50, "codename": "delete_kanban_level"}}, {"model": "auth.permission", "pk": 200, "fields": {"name": "Can view kanban_level", "content_type": 50, "codename": "view_kanban_level"}}, {"model": "auth.permission", "pk": 201, "fields": {"name": "Can add kanban_column", "content_type": 51, "codename": "add_kanban_column"}}, {"model": "auth.permission", "pk": 202, "fields": {"name": "Can change kanban_column", "content_type": 51, "codename": "change_kanban_column"}}, {"model": "auth.permission", "pk": 203, "fields": {"name": "Can delete kanban_column", "content_type": 51, "codename": "delete_kanban_column"}}, {"model": "auth.permission", "pk": 204, "fields": {"name": "Can view kanban_column", "content_type": 51, "codename": "view_kanban_column"}}, {"model": "auth.permission", "pk": 205, "fields": {"name": "Can add group_permission", "content_type": 52, "codename": "add_group_permission"}}, {"model": "auth.permission", "pk": 206, "fields": {"name": "Can change group_permission", "content_type": 52, "codename": "change_group_permission"}}, {"model": "auth.permission", "pk": 207, "fields": {"name": "Can delete group_permission", "content_type": 52, "codename": "delete_group_permission"}}, {"model": "auth.permission", "pk": 208, "fields": {"name": "Can view group_permission", "content_type": 52, "codename": "view_group_permission"}}, {"model": "auth.permission", "pk": 209, "fields": {"name": "Can add folder", "content_type": 53, "codename": "add_folder"}}, {"model": "auth.permission", "pk": 210, "fields": {"name": "Can change folder", "content_type": 53, "codename": "change_folder"}}, {"model": "auth.permission", "pk": 211, "fields": {"name": "Can delete folder", "content_type": 53, "codename": "delete_folder"}}, {"model": "auth.permission", "pk": 212, "fields": {"name": "Can view folder", "content_type": 53, "codename": "view_folder"}}, {"model": "auth.permission", "pk": 213, "fields": {"name": "Can add email_content", "content_type": 54, "codename": "add_email_content"}}, {"model": "auth.permission", "pk": 214, "fields": {"name": "Can change email_content", "content_type": 54, "codename": "change_email_content"}}, {"model": "auth.permission", "pk": 215, "fields": {"name": "Can delete email_content", "content_type": 54, "codename": "delete_email_content"}}, {"model": "auth.permission", "pk": 216, "fields": {"name": "Can view email_content", "content_type": 54, "codename": "view_email_content"}}, {"model": "auth.permission", "pk": 217, "fields": {"name": "Can add email_contact", "content_type": 55, "codename": "add_email_contact"}}, {"model": "auth.permission", "pk": 218, "fields": {"name": "Can change email_contact", "content_type": 55, "codename": "change_email_contact"}}, {"model": "auth.permission", "pk": 219, "fields": {"name": "Can delete email_contact", "content_type": 55, "codename": "delete_email_contact"}}, {"model": "auth.permission", "pk": 220, "fields": {"name": "Can view email_contact", "content_type": 55, "codename": "view_email_contact"}}, {"model": "auth.permission", "pk": 221, "fields": {"name": "Can add document_permission", "content_type": 56, "codename": "add_document_permission"}}, {"model": "auth.permission", "pk": 222, "fields": {"name": "Can change document_permission", "content_type": 56, "codename": "change_document_permission"}}, {"model": "auth.permission", "pk": 223, "fields": {"name": "Can delete document_permission", "content_type": 56, "codename": "delete_document_permission"}}, {"model": "auth.permission", "pk": 224, "fields": {"name": "Can view document_permission", "content_type": 56, "codename": "view_document_permission"}}, {"model": "auth.permission", "pk": 225, "fields": {"name": "Can add customer_campus", "content_type": 57, "codename": "add_customer_campus"}}, {"model": "auth.permission", "pk": 226, "fields": {"name": "Can change customer_campus", "content_type": 57, "codename": "change_customer_campus"}}, {"model": "auth.permission", "pk": 227, "fields": {"name": "Can delete customer_campus", "content_type": 57, "codename": "delete_customer_campus"}}, {"model": "auth.permission", "pk": 228, "fields": {"name": "Can view customer_campus", "content_type": 57, "codename": "view_customer_campus"}}, {"model": "auth.permission", "pk": 229, "fields": {"name": "Can add cost", "content_type": 58, "codename": "add_cost"}}, {"model": "auth.permission", "pk": 230, "fields": {"name": "Can change cost", "content_type": 58, "codename": "change_cost"}}, {"model": "auth.permission", "pk": 231, "fields": {"name": "Can delete cost", "content_type": 58, "codename": "delete_cost"}}, {"model": "auth.permission", "pk": 232, "fields": {"name": "Can view cost", "content_type": 58, "codename": "view_cost"}}, {"model": "auth.permission", "pk": 233, "fields": {"name": "Can add contact_history", "content_type": 59, "codename": "add_contact_history"}}, {"model": "auth.permission", "pk": 234, "fields": {"name": "Can change contact_history", "content_type": 59, "codename": "change_contact_history"}}, {"model": "auth.permission", "pk": 235, "fields": {"name": "Can delete contact_history", "content_type": 59, "codename": "delete_contact_history"}}, {"model": "auth.permission", "pk": 236, "fields": {"name": "Can view contact_history", "content_type": 59, "codename": "view_contact_history"}}, {"model": "auth.permission", "pk": 237, "fields": {"name": "Can add change_task", "content_type": 60, "codename": "add_change_task"}}, {"model": "auth.permission", "pk": 238, "fields": {"name": "Can change change_task", "content_type": 60, "codename": "change_change_task"}}, {"model": "auth.permission", "pk": 239, "fields": {"name": "Can delete change_task", "content_type": 60, "codename": "delete_change_task"}}, {"model": "auth.permission", "pk": 240, "fields": {"name": "Can view change_task", "content_type": 60, "codename": "view_change_task"}}, {"model": "auth.permission", "pk": 241, "fields": {"name": "Can add bug_client", "content_type": 61, "codename": "add_bug_client"}}, {"model": "auth.permission", "pk": 242, "fields": {"name": "Can change bug_client", "content_type": 61, "codename": "change_bug_client"}}, {"model": "auth.permission", "pk": 243, "fields": {"name": "Can delete bug_client", "content_type": 61, "codename": "delete_bug_client"}}, {"model": "auth.permission", "pk": 244, "fields": {"name": "Can view bug_client", "content_type": 61, "codename": "view_bug_client"}}, {"model": "auth.permission", "pk": 245, "fields": {"name": "Can add bug", "content_type": 62, "codename": "add_bug"}}, {"model": "auth.permission", "pk": 246, "fields": {"name": "Can change bug", "content_type": 62, "codename": "change_bug"}}, {"model": "auth.permission", "pk": 247, "fields": {"name": "Can delete bug", "content_type": 62, "codename": "delete_bug"}}, {"model": "auth.permission", "pk": 248, "fields": {"name": "Can view bug", "content_type": 62, "codename": "view_bug"}}, {"model": "auth.permission", "pk": 249, "fields": {"name": "Can add about_user", "content_type": 63, "codename": "add_about_user"}}, {"model": "auth.permission", "pk": 250, "fields": {"name": "Can change about_user", "content_type": 63, "codename": "change_about_user"}}, {"model": "auth.permission", "pk": 251, "fields": {"name": "Can delete about_user", "content_type": 63, "codename": "delete_about_user"}}, {"model": "auth.permission", "pk": 252, "fields": {"name": "Can view about_user", "content_type": 63, "codename": "view_about_user"}}, {"model": "auth.permission", "pk": 253, "fields": {"name": "Can add change_task_block", "content_type": 64, "codename": "add_change_task_block"}}, {"model": "auth.permission", "pk": 254, "fields": {"name": "Can change change_task_block", "content_type": 64, "codename": "change_change_task_block"}}, {"model": "auth.permission", "pk": 255, "fields": {"name": "Can delete change_task_block", "content_type": 64, "codename": "delete_change_task_block"}}, {"model": "auth.permission", "pk": 256, "fields": {"name": "Can view change_task_block", "content_type": 64, "codename": "view_change_task_block"}}, {"model": "auth.permission", "pk": 257, "fields": {"name": "Can add notification", "content_type": 65, "codename": "add_notification"}}, {"model": "auth.permission", "pk": 258, "fields": {"name": "Can change notification", "content_type": 65, "codename": "change_notification"}}, {"model": "auth.permission", "pk": 259, "fields": {"name": "Can delete notification", "content_type": 65, "codename": "delete_notification"}}, {"model": "auth.permission", "pk": 260, "fields": {"name": "Can view notification", "content_type": 65, "codename": "view_notification"}}, {"model": "auth.permission", "pk": 261, "fields": {"name": "Can add list_of_rfc_status", "content_type": 66, "codename": "add_list_of_rfc_status"}}, {"model": "auth.permission", "pk": 262, "fields": {"name": "Can change list_of_rfc_status", "content_type": 66, "codename": "change_list_of_rfc_status"}}, {"model": "auth.permission", "pk": 263, "fields": {"name": "Can delete list_of_rfc_status", "content_type": 66, "codename": "delete_list_of_rfc_status"}}, {"model": "auth.permission", "pk": 264, "fields": {"name": "Can view list_of_rfc_status", "content_type": 66, "codename": "view_list_of_rfc_status"}}, {"model": "auth.permission", "pk": 265, "fields": {"name": "Can add log entry", "content_type": 67, "codename": "add_logentry"}}, {"model": "auth.permission", "pk": 266, "fields": {"name": "Can change log entry", "content_type": 67, "codename": "change_logentry"}}, {"model": "auth.permission", "pk": 267, "fields": {"name": "Can delete log entry", "content_type": 67, "codename": "delete_logentry"}}, {"model": "auth.permission", "pk": 268, "fields": {"name": "Can view log entry", "content_type": 67, "codename": "view_logentry"}}, {"model": "auth.permission", "pk": 269, "fields": {"name": "Can add permission", "content_type": 68, "codename": "add_permission"}}, {"model": "auth.permission", "pk": 270, "fields": {"name": "Can change permission", "content_type": 68, "codename": "change_permission"}}, {"model": "auth.permission", "pk": 271, "fields": {"name": "Can delete permission", "content_type": 68, "codename": "delete_permission"}}, {"model": "auth.permission", "pk": 272, "fields": {"name": "Can view permission", "content_type": 68, "codename": "view_permission"}}, {"model": "auth.permission", "pk": 273, "fields": {"name": "Can add group", "content_type": 69, "codename": "add_group"}}, {"model": "auth.permission", "pk": 274, "fields": {"name": "Can change group", "content_type": 69, "codename": "change_group"}}, {"model": "auth.permission", "pk": 275, "fields": {"name": "Can delete group", "content_type": 69, "codename": "delete_group"}}, {"model": "auth.permission", "pk": 276, "fields": {"name": "Can view group", "content_type": 69, "codename": "view_group"}}, {"model": "auth.permission", "pk": 277, "fields": {"name": "Can add user", "content_type": 70, "codename": "add_user"}}, {"model": "auth.permission", "pk": 278, "fields": {"name": "Can change user", "content_type": 70, "codename": "change_user"}}, {"model": "auth.permission", "pk": 279, "fields": {"name": "Can delete user", "content_type": 70, "codename": "delete_user"}}, {"model": "auth.permission", "pk": 280, "fields": {"name": "Can view user", "content_type": 70, "codename": "view_user"}}, {"model": "auth.permission", "pk": 281, "fields": {"name": "Can add content type", "content_type": 71, "codename": "add_contenttype"}}, {"model": "auth.permission", "pk": 282, "fields": {"name": "Can change content type", "content_type": 71, "codename": "change_contenttype"}}, {"model": "auth.permission", "pk": 283, "fields": {"name": "Can delete content type", "content_type": 71, "codename": "delete_contenttype"}}, {"model": "auth.permission", "pk": 284, "fields": {"name": "Can view content type", "content_type": 71, "codename": "view_contenttype"}}, {"model": "auth.permission", "pk": 285, "fields": {"name": "Can add session", "content_type": 72, "codename": "add_session"}}, {"model": "auth.permission", "pk": 286, "fields": {"name": "Can change session", "content_type": 72, "codename": "change_session"}}, {"model": "auth.permission", "pk": 287, "fields": {"name": "Can delete session", "content_type": 72, "codename": "delete_session"}}, {"model": "auth.permission", "pk": 288, "fields": {"name": "Can view session", "content_type": 72, "codename": "view_session"}}, {"model": "auth.user", "pk": 1, "fields": {"password": "pbkdf2_sha256$390000$wSrcdbRnmBC7X6BnBpC3R8$ja/b4ka9eJ2//XR7GM9d51ikIIAJ1zUpjbUg0/5muQo=", "last_login": "2022-09-21T11:35:12.207Z", "is_superuser": true, "username": "admin", "first_name": "Admin", "last_name": "NearBeach", "email": "support@nearbeach.org", "is_staff": true, "is_active": true, "date_joined": "2022-09-21T09:48:06.173Z", "groups": [], "user_permissions": []}}, {"model": "auth.user", "pk": 2, "fields": {"password": "pbkdf2_sha256$390000$8LnGb85GPx0EGbRFMOF9ww$dud4dNPApOYz2v0aLvAJbtVzjECpFVOVe/TFmuXXafE=", "last_login": "2022-09-21T11:30:14.436Z", "is_superuser": false, "username": "team_leader", "first_name": "Team", "last_name": "Leader", "email": "support@nearbeach.org", "is_staff": false, "is_active": true, "date_joined": "2022-09-21T09:54:51.829Z", "groups": [], "user_permissions": []}}, {"model": "auth.user", "pk": 3, "fields": {"password": "pbkdf2_sha256$390000$xz8zMiZ0UwSkag2aPXx1FT$d1vjRfFg3cJIdpPefxmTzkBcwQgmVAPkrjPz9YP8JfQ=", "last_login": "2022-09-21T11:30:20.268Z", "is_superuser": false, "username": "read_only", "first_name": "Read", "last_name": "Only", "email": "support@nearbeach.org", "is_staff": false, "is_active": true, "date_joined": "2022-09-21T09:57:07.097Z", "groups": [], "user_permissions": []}}, {"model": "auth.user", "pk": 4, "fields": {"password": "pbkdf2_sha256$390000$DrikaZtG1vJsMGOIbRehhp$D63jLOEZ1p0nlnfZJKNHii0+4gUWQpiDPdkRT+huIrM=", "last_login": null, "is_superuser": false, "username": "team_member", "first_name": "Team", "last_name": "Member", "email": "support@nearbeach.org", "is_staff": false, "is_active": true, "date_joined": "2022-09-21T11:36:18.005Z", "groups": [], "user_permissions": []}}, {"model": "auth.user", "pk": 5, "fields": {"password": "pbkdf2_sha256$390000$OyUkapW1o7nw2c8qeeHC7T$8xUjQZOTtXxaMbZPXkUiMQHjCfSGDIc+uh5jBq4WS9Q=", "last_login": null, "is_superuser": false, "username": "team_intern", "first_name": "Team", "last_name": "Intern", "email": "support@nearbeach.org", "is_staff": false, "is_active": true, "date_joined": "2022-09-21T11:39:06.392Z", "groups": [], "user_permissions": []}}, {"model": "contenttypes.contenttype", "pk": 1, "fields": {"app_label": "NearBeach", "model": "campus"}}, {"model": "contenttypes.contenttype", "pk": 2, "fields": {"app_label": "NearBeach", "model": "customer"}}, {"model": "contenttypes.contenttype", "pk": 3, "fields": {"app_label": "NearBeach", "model": "document"}}, {"model": "contenttypes.contenttype", "pk": 4, "fields": {"app_label": "NearBeach", "model": "group"}}, {"model": "contenttypes.contenttype", "pk": 5, "fields": {"app_label": "NearBeach", "model": "kanban_board"}}, {"model": "contenttypes.contenttype", "pk": 6, "fields": {"app_label": "NearBeach", "model": "kanban_card"}}, {"model": "contenttypes.contenttype", "pk": 7, "fields": {"app_label": "NearBeach", "model": "list_of_amount_type"}}, {"model": "contenttypes.contenttype", "pk": 8, "fields": {"app_label": "NearBeach", "model": "list_of_country"}}, {"model": "contenttypes.contenttype", "pk": 9, "fields": {"app_label": "NearBeach", "model": "list_of_currency"}}, {"model": "contenttypes.contenttype", "pk": 10, "fields": {"app_label": "NearBeach", "model": "list_of_lead_source"}}, {"model": "contenttypes.contenttype", "pk": 11, "fields": {"app_label": "NearBeach", "model": "list_of_opportunity_stage"}}, {"model": "contenttypes.contenttype", "pk": 12, "fields": {"app_label": "NearBeach", "model": "list_of_quote_stage"}}, {"model": "contenttypes.contenttype", "pk": 13, "fields": {"app_label": "NearBeach", "model": "list_of_requirement_item_status"}}, {"model": "contenttypes.contenttype", "pk": 14, "fields": {"app_label": "NearBeach", "model": "list_of_requirement_item_type"}}, {"model": "contenttypes.contenttype", "pk": 15, "fields": {"app_label": "NearBeach", "model": "list_of_requirement_status"}}, {"model": "contenttypes.contenttype", "pk": 16, "fields": {"app_label": "NearBeach", "model": "list_of_requirement_type"}}, {"model": "contenttypes.contenttype", "pk": 17, "fields": {"app_label": "NearBeach", "model": "list_of_tax"}}, {"model": "contenttypes.contenttype", "pk": 18, "fields": {"app_label": "NearBeach", "model": "opportunity"}}, {"model": "contenttypes.contenttype", "pk": 19, "fields": {"app_label": "NearBeach", "model": "organisation"}}, {"model": "contenttypes.contenttype", "pk": 20, "fields": {"app_label": "NearBeach", "model": "permission_set"}}, {"model": "contenttypes.contenttype", "pk": 21, "fields": {"app_label": "NearBeach", "model": "project"}}, {"model": "contenttypes.contenttype", "pk": 22, "fields": {"app_label": "NearBeach", "model": "quote"}}, {"model": "contenttypes.contenttype", "pk": 23, "fields": {"app_label": "NearBeach", "model": "request_for_change"}}, {"model": "contenttypes.contenttype", "pk": 24, "fields": {"app_label": "NearBeach", "model": "requirement"}}, {"model": "contenttypes.contenttype", "pk": 25, "fields": {"app_label": "NearBeach", "model": "requirement_item"}}, {"model": "contenttypes.contenttype", "pk": 26, "fields": {"app_label": "NearBeach", "model": "tag"}}, {"model": "contenttypes.contenttype", "pk": 27, "fields": {"app_label": "NearBeach", "model": "task"}}, {"model": "contenttypes.contenttype", "pk": 28, "fields": {"app_label": "NearBeach", "model": "whiteboard"}}, {"model": "contenttypes.contenttype", "pk": 29, "fields": {"app_label": "NearBeach", "model": "user_weblink"}}, {"model": "contenttypes.contenttype", "pk": 30, "fields": {"app_label": "NearBeach", "model": "user_want"}}, {"model": "contenttypes.contenttype", "pk": 31, "fields": {"app_label": "NearBeach", "model": "user_group"}}, {"model": "contenttypes.contenttype", "pk": 32, "fields": {"app_label": "NearBeach", "model": "to_do"}}, {"model": "contenttypes.contenttype", "pk": 33, "fields": {"app_label": "NearBeach", "model": "timesheet"}}, {"model": "contenttypes.contenttype", "pk": 34, "fields": {"app_label": "NearBeach", "model": "task_customer"}}, {"model": "contenttypes.contenttype", "pk": 35, "fields": {"app_label": "NearBeach", "model": "task_action"}}, {"model": "contenttypes.contenttype", "pk": 36, "fields": {"app_label": "NearBeach", "model": "tag_assignment"}}, {"model": "contenttypes.contenttype", "pk": 37, "fields": {"app_label": "NearBeach", "model": "requirement_customer"}}, {"model": "contenttypes.contenttype", "pk": 38, "fields": {"app_label": "NearBeach", "model": "request_for_change_stakeholder"}}, {"model": "contenttypes.contenttype", "pk": 39, "fields": {"app_label": "NearBeach", "model": "request_for_change_note"}}, {"model": "contenttypes.contenttype", "pk": 40, "fields": {"app_label": "NearBeach", "model": "request_for_change_group_approval"}}, {"model": "contenttypes.contenttype", "pk": 41, "fields": {"app_label": "NearBeach", "model": "project_customer"}}, {"model": "contenttypes.contenttype", "pk": 42, "fields": {"app_label": "NearBeach", "model": "object_note"}}, {"model": "contenttypes.contenttype", "pk": 43, "fields": {"app_label": "NearBeach", "model": "object_assignment"}}, {"model": "contenttypes.contenttype", "pk": 44, "fields": {"app_label": "NearBeach", "model": "nearbeach_option"}}, {"model": "contenttypes.contenttype", "pk": 45, "fields": {"app_label": "NearBeach", "model": "list_of_title"}}, {"model": "contenttypes.contenttype", "pk": 46, "fields": {"app_label": "NearBeach", "model": "list_of_country_region"}}, {"model": "contenttypes.contenttype", "pk": 47, "fields": {"app_label": "NearBeach", "model": "list_of_contact_type"}}, {"model": "contenttypes.contenttype", "pk": 48, "fields": {"app_label": "NearBeach", "model": "list_of_bug_client"}}, {"model": "contenttypes.contenttype", "pk": 49, "fields": {"app_label": "NearBeach", "model": "kudos"}}, {"model": "contenttypes.contenttype", "pk": 50, "fields": {"app_label": "NearBeach", "model": "kanban_level"}}, {"model": "contenttypes.contenttype", "pk": 51, "fields": {"app_label": "NearBeach", "model": "kanban_column"}}, {"model": "contenttypes.contenttype", "pk": 52, "fields": {"app_label": "NearBeach", "model": "group_permission"}}, {"model": "contenttypes.contenttype", "pk": 53, "fields": {"app_label": "NearBeach", "model": "folder"}}, {"model": "contenttypes.contenttype", "pk": 54, "fields": {"app_label": "NearBeach", "model": "email_content"}}, {"model": "contenttypes.contenttype", "pk": 55, "fields": {"app_label": "NearBeach", "model": "email_contact"}}, {"model": "contenttypes.contenttype", "pk": 56, "fields": {"app_label": "NearBeach", "model": "document_permission"}}, {"model": "contenttypes.contenttype", "pk": 57, "fields": {"app_label": "NearBeach", "model": "customer_campus"}}, {"model": "contenttypes.contenttype", "pk": 58, "fields": {"app_label": "NearBeach", "model": "cost"}}, {"model": "contenttypes.contenttype", "pk": 59, "fields": {"app_label": "NearBeach", "model": "contact_history"}}, {"model": "contenttypes.contenttype", "pk": 60, "fields": {"app_label": "NearBeach", "model": "change_task"}}, {"model": "contenttypes.contenttype", "pk": 61, "fields": {"app_label": "NearBeach", "model": "bug_client"}}, {"model": "contenttypes.contenttype", "pk": 62, "fields": {"app_label": "NearBeach", "model": "bug"}}, {"model": "contenttypes.contenttype", "pk": 63, "fields": {"app_label": "NearBeach", "model": "about_user"}}, {"model": "contenttypes.contenttype", "pk": 64, "fields": {"app_label": "NearBeach", "model": "change_task_block"}}, {"model": "contenttypes.contenttype", "pk": 65, "fields": {"app_label": "NearBeach", "model": "notification"}}, {"model": "contenttypes.contenttype", "pk": 66, "fields": {"app_label": "NearBeach", "model": "list_of_rfc_status"}}, {"model": "contenttypes.contenttype", "pk": 67, "fields": {"app_label": "admin", "model": "logentry"}}, {"model": "contenttypes.contenttype", "pk": 68, "fields": {"app_label": "auth", "model": "permission"}}, {"model": "contenttypes.contenttype", "pk": 69, "fields": {"app_label": "auth", "model": "group"}}, {"model": "contenttypes.contenttype", "pk": 70, "fields": {"app_label": "auth", "model": "user"}}, {"model": "contenttypes.contenttype", "pk": 71, "fields": {"app_label": "contenttypes", "model": "contenttype"}}, {"model": "contenttypes.contenttype", "pk": 72, "fields": {"app_label": "sessions", "model": "session"}}, {"model": "sessions.session", "pk": "ct3buk9f89qdsa6nydjbmwfpl9hilvb9", "fields": {"session_data": ".eJxVjEEOgjAQRe_StWlKZ5SWpXvP0Ew7g6AESAsr4921CQvd_vf-e6lA-zaEvUgOI6tOWXX63SKlp8wV8IPm-6LTMm95jLoq-qBF3xaW6Xq4f4GByvB9S3QIaIUvgC4a9uiR7bmxFAWkjX0ySOisoGNnAFNrwKOQAHhq2hodSyj7KrlmVdfTVOT9Ab3oP34:1ogNJD:_BH4qM8FwHX2VY2juTQOcjtUAiXZCQYg0xYWj9ZIZhY", "expire_date": "2022-10-20T09:36:51.665Z"}}, {"model": "sessions.session", "pk": "ilumveukqj9sj4pxwph2d4hq0cmhx7gg", "fields": {"session_data": ".eJxVjMsOwiAQRf-FtSGFWiBduvcbyMDMWNRQw2Nl_HfbpAvd3nPueQsPvS2-Vyo-oZiFEqffLUB8UN4B3iHfVhnX3EoKclfkQau8rkjPy-H-BRaoy_a2EdXICii4yWKISkdQejDg2DA6pDPbAGa0E05W08AEAwfHVm-2IdiiqfraX1T2rJhb6fT5AtTZQOI:1ohohc:XsDmMJuc4n7tvQTL_k197gh-GFjmIB-IBAi6UrMrU-0", "expire_date": "2022-10-24T09:04:00.227Z"}}, {"model": "sessions.session", "pk": "w4ggjcqqg29uyps7vjc5pim0t5vtnl1g", "fields": {"session_data": ".eJxVjDsOwjAQRO_iGlkx_qek5wzW2rvBhiiJ4qRC3B1HSgGabubNe7MA-5bDXmkNBVnPJLv8dhHSi6ZjwCdMj5mnedrWEvmB8HOt_D4jjbeT_RNkqLm9DSrqlDFWA6K3zjsjkpDgO9QatE3UDYJk9MolVFKDchawxQqnh6tt0lJD3RdaDy3rBxgrfb65vD-V:1ogNg6:5-a-OsKMQZG-g0VWrztOPOSKIZZxFgM-2koC3FqrQEM", "expire_date": "2022-10-20T10:00:30.372Z"}}, {"model": "sessions.session", "pk": "yne3u2q5703cremre5ugwso5ot3g37sp", "fields": {"session_data": ".eJxVjDsOwjAQBe_iGln-JHackp4zWGvvmgRQEvlTIe5OIqWA9s28eTMPrU6-Fcp-RjYyyS6_W4D4pOUA-IDlvvK4LjXPgR8KP2nhtxXpdT3dv8AEZdrfIfUYSQgJ0aIGcCaZTg0AgXR0yjohEaMMNpjUpSGRIq0JCV2vpBb9Hp2LL22jfGTZWHOjzxfTGEB6:1oay0W:f8y00OfeSSNthfq1JbkQKO91xRIOdDsa58zKUCPX0_g", "expire_date": "2022-10-05T11:35:12.223Z"}}]