[
{
  "model": "NearBeach.bugclient",
  "pk": 1,
  "fields": {
    "bug_client_name": "NearBeach Bugzilla",
    "list_of_bug_client": 1,
    "bug_client_url": "https://bugzilla.nearbeach.org",
    "date_created": "2024-02-03T00:53:25.871Z",
    "date_modified": "2024-02-03T00:53:25.871Z",
    "change_user": 1,
    "is_deleted": false
  }
},
{
  "model": "NearBeach.changetask",
  "pk": 1,
  "fields": {
    "request_for_change": 1,
    "change_task_title": "Administration - Back up - Change Task",
    "change_task_description": "<p>Description is optional</p>",
    "change_task_start_date": "2023-02-14T22:00:00Z",
    "change_task_end_date": "2023-03-01T05:00:00Z",
    "change_task_seconds": 1234800000,
    "change_task_assigned_user": 1,
    "change_task_qa_user": 2,
    "change_task_required_by": "Stakeholder(s)",
    "change_task_status": 1,
    "is_downtime": false,
    "date_created": "2023-02-15T09:15:34.805Z",
    "date_modified": "2023-02-15T09:15:34.805Z",
    "change_user": 1,
    "creation_user": 1,
    "is_deleted": false
  }
},
{
  "model": "NearBeach.changetask",
  "pk": 2,
  "fields": {
    "request_for_change": 2,
    "change_task_title": "QA Team to backup database",
    "change_task_description": "",
    "change_task_start_date": "2023-02-14T22:00:00Z",
    "change_task_end_date": "2023-03-01T05:00:00Z",
    "change_task_seconds": 1234800000,
    "change_task_assigned_user": 2,
    "change_task_qa_user": 3,
    "change_task_required_by": "Stakeholder(s)",
    "change_task_status": 1,
    "is_downtime": false,
    "date_created": "2023-02-15T09:16:43.997Z",
    "date_modified": "2023-02-15T09:16:43.997Z",
    "change_user": 1,
    "creation_user": 1,
    "is_deleted": false
  }
},
{
  "model": "NearBeach.customer",
  "pk": 1,
  "fields": {
    "customer_title": 2,
    "customer_first_name": "Socks",
    "customer_last_name": "Fluffy",
    "customer_email": "socks@nearbeach.org",
    "customer_profile_picture": null,
    "organisation": 1,
    "date_created": "2023-02-15T08:57:03.560Z",
    "date_modified": "2023-02-15T08:57:03.560Z",
    "change_user": 1,
    "is_deleted": false
  }
},
{
  "model": "NearBeach.document",
  "pk": "2fc398ee-d12b-4f60-9ecb-40199ac74f13",
  "fields": {
    "document_description": "NearBeach Homepage",
    "document_url_location": "https://nearbeach.org",
    "document": "",
    "document_upload_successfully": false,
    "date_created": "2023-02-22T09:18:33.040Z",
    "date_modified": "2023-02-22T09:18:33.040Z",
    "change_user": 1,
    "is_deleted": false
  }
},
{
  "model": "NearBeach.document",
  "pk": "80a7bd50-eba9-49f8-a55c-d1febd052ab9",
  "fields": {
    "document_description": "NearBeach Homepage",
    "document_url_location": "https://nearbeach.org",
    "document": "",
    "document_upload_successfully": false,
    "date_created": "2023-02-22T09:18:51.309Z",
    "date_modified": "2023-02-22T09:18:51.309Z",
    "change_user": 1,
    "is_deleted": false
  }
},
{
  "model": "NearBeach.documentpermission",
  "pk": 1,
  "fields": {
    "document_key": "2fc398ee-d12b-4f60-9ecb-40199ac74f13",
    "project": 1,
    "task": null,
    "organisation": null,
    "customer": null,
    "requirement": null,
    "requirement_item": null,
    "request_for_change": null,
    "kanban_card": null,
    "user": null,
    "new_object": null,
    "folder": null,
    "is_profile_picture": false,
    "date_created": "2023-02-22T09:18:33.044Z",
    "date_modified": "2023-02-22T09:18:33.044Z",
    "change_user": 1,
    "is_deleted": false
  }
},
{
  "model": "NearBeach.documentpermission",
  "pk": 2,
  "fields": {
    "document_key": "80a7bd50-eba9-49f8-a55c-d1febd052ab9",
    "project": 2,
    "task": null,
    "organisation": null,
    "customer": null,
    "requirement": null,
    "requirement_item": null,
    "request_for_change": null,
    "kanban_card": null,
    "user": null,
    "new_object": null,
    "folder": null,
    "is_profile_picture": false,
    "date_created": "2023-02-22T09:18:51.313Z",
    "date_modified": "2023-02-22T09:18:51.313Z",
    "change_user": 1,
    "is_deleted": false
  }
},
{
  "model": "NearBeach.group",
  "pk": 1,
  "fields": {
    "group_name": "Administration",
    "parent_group": null,
    "date_created": "2023-02-15T08:56:14.216Z",
    "date_modified": "2023-02-15T08:56:14.216Z",
    "change_user": 1,
    "is_deleted": false
  }
},
{
  "model": "NearBeach.group",
  "pk": 2,
  "fields": {
    "group_name": "QA Team",
    "parent_group": null,
    "date_created": "2023-02-15T08:57:34.987Z",
    "date_modified": "2023-02-15T08:57:34.987Z",
    "change_user": 1,
    "is_deleted": false
  }
},
{
  "model": "NearBeach.group",
  "pk": 3,
  "fields": {
    "group_name": "Empty Group",
    "parent_group": null,
    "date_created": "2023-02-15T08:57:47.633Z",
    "date_modified": "2023-02-15T08:57:47.633Z",
    "change_user": 1,
    "is_deleted": false
  }
},
{
  "model": "NearBeach.group",
  "pk": 4,
  "fields": {
    "group_name": "No Group",
    "parent_group": null,
    "date_created": "2023-02-15T08:57:55.934Z",
    "date_modified": "2023-02-15T08:57:55.934Z",
    "change_user": 1,
    "is_deleted": false
  }
},
{
  "model": "NearBeach.kanbanboard",
  "pk": 1,
  "fields": {
    "kanban_board_name": "Kanban Admin Only",
    "requirement": null,
    "kanban_board_status": "Open",
    "date_created": "2023-02-15T09:12:31.594Z",
    "date_modified": "2023-02-15T09:12:31.594Z",
    "change_user": 1,
    "creation_user": 1,
    "is_deleted": false
  }
},
{
  "model": "NearBeach.kanbanboard",
  "pk": 2,
  "fields": {
    "kanban_board_name": "Kanban QA Team",
    "requirement": null,
    "kanban_board_status": "Open",
    "date_created": "2023-02-15T09:13:17.992Z",
    "date_modified": "2023-02-15T09:13:17.992Z",
    "change_user": 1,
    "creation_user": 1,
    "is_deleted": false
  }
},
{
  "model": "NearBeach.kanbancard",
  "pk": 1,
  "fields": {
    "kanban_card_text": "Administration Card",
    "kanban_card_description": "",
    "kanban_card_sort_number": 0,
    "kanban_level": 1,
    "kanban_column": 1,
    "kanban_board": 1,
    "kanban_card_priority": 2,
    "project": null,
    "task": null,
    "requirement": null,
    "is_archived": false,
    "date_created": "2023-02-15T09:12:40.336Z",
    "date_modified": "2024-02-05T09:45:14.014Z",
    "change_user": 1,
    "is_deleted": false
  }
},
{
  "model": "NearBeach.kanbancard",
  "pk": 2,
  "fields": {
    "kanban_card_text": "QA Team Card",
    "kanban_card_description": "",
    "kanban_card_sort_number": 0,
    "kanban_level": 3,
    "kanban_column": 6,
    "kanban_board": 2,
    "kanban_card_priority": 2,
    "project": null,
    "task": null,
    "requirement": null,
    "is_archived": false,
    "date_created": "2023-02-15T09:13:24.890Z",
    "date_modified": "2023-02-20T11:00:44.424Z",
    "change_user": 1,
    "is_deleted": false
  }
},
{
  "model": "NearBeach.kanbancolumn",
  "pk": 1,
  "fields": {
    "kanban_column_name": "Backlog",
    "kanban_column_property": "Normal",
    "kanban_column_sort_number": 0,
    "kanban_board": 1,
    "date_created": "2023-02-15T09:12:31.597Z",
    "date_modified": "2023-02-15T09:12:31.597Z",
    "change_user": 1,
    "is_deleted": false
  }
},
{
  "model": "NearBeach.kanbancolumn",
  "pk": 2,
  "fields": {
    "kanban_column_name": "Blocked",
    "kanban_column_property": "Blocked",
    "kanban_column_sort_number": 1,
    "kanban_board": 1,
    "date_created": "2023-02-15T09:12:31.599Z",
    "date_modified": "2023-02-15T09:12:31.599Z",
    "change_user": 1,
    "is_deleted": false
  }
},
{
  "model": "NearBeach.kanbancolumn",
  "pk": 3,
  "fields": {
    "kanban_column_name": "In Progress",
    "kanban_column_property": "Normal",
    "kanban_column_sort_number": 2,
    "kanban_board": 1,
    "date_created": "2023-02-15T09:12:31.600Z",
    "date_modified": "2023-02-15T09:12:31.600Z",
    "change_user": 1,
    "is_deleted": false
  }
},
{
  "model": "NearBeach.kanbancolumn",
  "pk": 4,
  "fields": {
    "kanban_column_name": "Review and QA",
    "kanban_column_property": "Normal",
    "kanban_column_sort_number": 3,
    "kanban_board": 1,
    "date_created": "2023-02-15T09:12:31.600Z",
    "date_modified": "2023-02-15T09:12:31.601Z",
    "change_user": 1,
    "is_deleted": false
  }
},
{
  "model": "NearBeach.kanbancolumn",
  "pk": 5,
  "fields": {
    "kanban_column_name": "Completed",
    "kanban_column_property": "Closed",
    "kanban_column_sort_number": 4,
    "kanban_board": 1,
    "date_created": "2023-02-15T09:12:31.601Z",
    "date_modified": "2023-02-15T09:12:31.602Z",
    "change_user": 1,
    "is_deleted": false
  }
},
{
  "model": "NearBeach.kanbancolumn",
  "pk": 6,
  "fields": {
    "kanban_column_name": "Backlog",
    "kanban_column_property": "Normal",
    "kanban_column_sort_number": 0,
    "kanban_board": 2,
    "date_created": "2023-02-15T09:13:17.995Z",
    "date_modified": "2023-02-15T09:13:17.995Z",
    "change_user": 1,
    "is_deleted": false
  }
},
{
  "model": "NearBeach.kanbancolumn",
  "pk": 7,
  "fields": {
    "kanban_column_name": "Blocked",
    "kanban_column_property": "Blocked",
    "kanban_column_sort_number": 1,
    "kanban_board": 2,
    "date_created": "2023-02-15T09:13:17.996Z",
    "date_modified": "2023-02-15T09:13:17.996Z",
    "change_user": 1,
    "is_deleted": false
  }
},
{
  "model": "NearBeach.kanbancolumn",
  "pk": 8,
  "fields": {
    "kanban_column_name": "In Progress",
    "kanban_column_property": "Normal",
    "kanban_column_sort_number": 2,
    "kanban_board": 2,
    "date_created": "2023-02-15T09:13:17.997Z",
    "date_modified": "2023-02-15T09:13:17.997Z",
    "change_user": 1,
    "is_deleted": false
  }
},
{
  "model": "NearBeach.kanbancolumn",
  "pk": 9,
  "fields": {
    "kanban_column_name": "Review and QA",
    "kanban_column_property": "Normal",
    "kanban_column_sort_number": 3,
    "kanban_board": 2,
    "date_created": "2023-02-15T09:13:17.998Z",
    "date_modified": "2023-02-15T09:13:17.998Z",
    "change_user": 1,
    "is_deleted": false
  }
},
{
  "model": "NearBeach.kanbancolumn",
  "pk": 10,
  "fields": {
    "kanban_column_name": "Completed",
    "kanban_column_property": "Closed",
    "kanban_column_sort_number": 4,
    "kanban_board": 2,
    "date_created": "2023-02-15T09:13:17.999Z",
    "date_modified": "2023-02-15T09:13:17.999Z",
    "change_user": 1,
    "is_deleted": false
  }
},
{
  "model": "NearBeach.kanbanlevel",
  "pk": 1,
  "fields": {
    "kanban_level_name": "Sprint 1",
    "kanban_level_sort_number": 0,
    "kanban_board": 1,
    "date_created": "2023-02-15T09:12:31.603Z",
    "date_modified": "2023-02-15T09:12:31.603Z",
    "change_user": 1,
    "is_deleted": false
  }
},
{
  "model": "NearBeach.kanbanlevel",
  "pk": 2,
  "fields": {
    "kanban_level_name": "Sprint 2",
    "kanban_level_sort_number": 1,
    "kanban_board": 1,
    "date_created": "2023-02-15T09:12:31.604Z",
    "date_modified": "2023-02-15T09:12:31.604Z",
    "change_user": 1,
    "is_deleted": false
  }
},
{
  "model": "NearBeach.kanbanlevel",
  "pk": 3,
  "fields": {
    "kanban_level_name": "Sprint 1",
    "kanban_level_sort_number": 0,
    "kanban_board": 2,
    "date_created": "2023-02-15T09:13:18Z",
    "date_modified": "2023-02-15T09:13:18Z",
    "change_user": 1,
    "is_deleted": false
  }
},
{
  "model": "NearBeach.kanbanlevel",
  "pk": 4,
  "fields": {
    "kanban_level_name": "Sprint 2",
    "kanban_level_sort_number": 1,
    "kanban_board": 2,
    "date_created": "2023-02-15T09:13:18.001Z",
    "date_modified": "2023-02-15T09:13:18.001Z",
    "change_user": 1,
    "is_deleted": false
  }
},
{
  "model": "NearBeach.listofbugclient",
  "pk": 1,
  "fields": {
    "bug_client_name": "Bugzilla",
    "bug_client_api_url": "/rest/",
    "api_open_bugs": "?open_status=True",
    "api_search_bugs": "bug?quicksearch=",
    "api_bug": "/show_bug.cgi?id=",
    "date_created": "2023-02-15T08:51:58.371Z",
    "date_modified": "2023-02-15T08:51:58.371Z",
    "change_user": null,
    "is_deleted": false
  }
},
{
  "model": "NearBeach.listofprojectstatus",
  "pk": 1,
  "fields": {
    "project_status": "New",
    "project_higher_order_status": "Backlog",
    "project_status_sort_order": 1,
    "date_created": "2023-12-28T04:35:43.322Z",
    "date_modified": "2023-12-28T04:35:43.323Z",
    "change_user": null,
    "is_deleted": false
  }
},
{
  "model": "NearBeach.listofprojectstatus",
  "pk": 2,
  "fields": {
    "project_status": "Backlog",
    "project_higher_order_status": "Backlog",
    "project_status_sort_order": 2,
    "date_created": "2023-12-28T04:35:43.323Z",
    "date_modified": "2023-12-28T04:35:43.323Z",
    "change_user": null,
    "is_deleted": false
  }
},
{
  "model": "NearBeach.listofprojectstatus",
  "pk": 3,
  "fields": {
    "project_status": "Blocked",
    "project_higher_order_status": "Blocked",
    "project_status_sort_order": 3,
    "date_created": "2023-12-28T04:35:43.323Z",
    "date_modified": "2023-12-28T04:35:43.323Z",
    "change_user": null,
    "is_deleted": false
  }
},
{
  "model": "NearBeach.listofprojectstatus",
  "pk": 4,
  "fields": {
    "project_status": "In Progress",
    "project_higher_order_status": "Normal",
    "project_status_sort_order": 4,
    "date_created": "2023-12-28T04:35:43.323Z",
    "date_modified": "2023-12-28T04:35:43.323Z",
    "change_user": null,
    "is_deleted": false
  }
},
{
  "model": "NearBeach.listofprojectstatus",
  "pk": 5,
  "fields": {
    "project_status": "Test/Review",
    "project_higher_order_status": "Normal",
    "project_status_sort_order": 5,
    "date_created": "2023-12-28T04:35:43.323Z",
    "date_modified": "2023-12-28T04:35:43.323Z",
    "change_user": null,
    "is_deleted": false
  }
},
{
  "model": "NearBeach.listofprojectstatus",
  "pk": 6,
  "fields": {
    "project_status": "Closed",
    "project_higher_order_status": "Closed",
    "project_status_sort_order": 6,
    "date_created": "2023-12-28T04:35:43.323Z",
    "date_modified": "2023-12-28T04:35:43.323Z",
    "change_user": null,
    "is_deleted": false
  }
},
{
  "model": "NearBeach.listofrequirementitemstatus",
  "pk": 1,
  "fields": {
    "requirement_item_status": "Draft",
    "requirement_item_higher_order_status": "Backlog",
    "requirement_item_status_sort_order": 1,
    "date_created": "2023-02-15T08:51:58.372Z",
    "date_modified": "2023-02-15T08:51:58.372Z",
    "change_user": null,
    "is_deleted": false
  }
},
{
  "model": "NearBeach.listofrequirementitemstatus",
  "pk": 2,
  "fields": {
    "requirement_item_status": "Review",
    "requirement_item_higher_order_status": "Backlog",
    "requirement_item_status_sort_order": 2,
    "date_created": "2023-02-15T08:51:58.372Z",
    "date_modified": "2023-02-15T08:51:58.372Z",
    "change_user": null,
    "is_deleted": false
  }
},
{
  "model": "NearBeach.listofrequirementitemstatus",
  "pk": 3,
  "fields": {
    "requirement_item_status": "Developing/Working",
    "requirement_item_higher_order_status": "Normal",
    "requirement_item_status_sort_order": 3,
    "date_created": "2023-02-15T08:51:58.372Z",
    "date_modified": "2023-02-15T08:51:58.372Z",
    "change_user": null,
    "is_deleted": false
  }
},
{
  "model": "NearBeach.listofrequirementitemstatus",
  "pk": 4,
  "fields": {
    "requirement_item_status": "Testing",
    "requirement_item_higher_order_status": "Normal",
    "requirement_item_status_sort_order": 4,
    "date_created": "2023-02-15T08:51:58.372Z",
    "date_modified": "2023-02-15T08:51:58.372Z",
    "change_user": null,
    "is_deleted": false
  }
},
{
  "model": "NearBeach.listofrequirementitemstatus",
  "pk": 5,
  "fields": {
    "requirement_item_status": "User Acceptance Testing",
    "requirement_item_higher_order_status": "Normal",
    "requirement_item_status_sort_order": 5,
    "date_created": "2023-02-15T08:51:58.372Z",
    "date_modified": "2023-02-15T08:51:58.372Z",
    "change_user": null,
    "is_deleted": false
  }
},
{
  "model": "NearBeach.listofrequirementitemstatus",
  "pk": 6,
  "fields": {
    "requirement_item_status": "Rework",
    "requirement_item_higher_order_status": "Normal",
    "requirement_item_status_sort_order": 6,
    "date_created": "2023-02-15T08:51:58.372Z",
    "date_modified": "2023-02-15T08:51:58.372Z",
    "change_user": null,
    "is_deleted": false
  }
},
{
  "model": "NearBeach.listofrequirementitemstatus",
  "pk": 7,
  "fields": {
    "requirement_item_status": "Implemented",
    "requirement_item_higher_order_status": "Closed",
    "requirement_item_status_sort_order": 7,
    "date_created": "2023-02-15T08:51:58.372Z",
    "date_modified": "2023-02-15T08:51:58.372Z",
    "change_user": null,
    "is_deleted": false
  }
},
{
  "model": "NearBeach.listofrequirementitemstatus",
  "pk": 8,
  "fields": {
    "requirement_item_status": "Finish",
    "requirement_item_higher_order_status": "Closed",
    "requirement_item_status_sort_order": 8,
    "date_created": "2023-02-15T08:51:58.372Z",
    "date_modified": "2023-02-15T08:51:58.372Z",
    "change_user": null,
    "is_deleted": false
  }
},
{
  "model": "NearBeach.listofrequirementitemstatus",
  "pk": 9,
  "fields": {
    "requirement_item_status": "Not Tested",
    "requirement_item_higher_order_status": "Normal",
    "requirement_item_status_sort_order": 9,
    "date_created": "2023-02-15T08:51:58.372Z",
    "date_modified": "2023-02-15T08:51:58.372Z",
    "change_user": null,
    "is_deleted": false
  }
},
{
  "model": "NearBeach.listofrequirementitemstatus",
  "pk": 10,
  "fields": {
    "requirement_item_status": "Obsolete",
    "requirement_item_higher_order_status": "Closed",
    "requirement_item_status_sort_order": 10,
    "date_created": "2023-02-15T08:51:58.372Z",
    "date_modified": "2023-02-15T08:51:58.372Z",
    "change_user": null,
    "is_deleted": false
  }
},
{
  "model": "NearBeach.listofrequirementitemtype",
  "pk": 1,
  "fields": {
    "requirement_item_type": "Informational",
    "date_created": "2023-02-15T08:51:58.372Z",
    "date_modified": "2023-02-15T08:51:58.372Z",
    "change_user": null,
    "is_deleted": false
  }
},
{
  "model": "NearBeach.listofrequirementitemtype",
  "pk": 2,
  "fields": {
    "requirement_item_type": "Feature",
    "date_created": "2023-02-15T08:51:58.372Z",
    "date_modified": "2023-02-15T08:51:58.372Z",
    "change_user": null,
    "is_deleted": false
  }
},
{
  "model": "NearBeach.listofrequirementitemtype",
  "pk": 3,
  "fields": {
    "requirement_item_type": "User Case",
    "date_created": "2023-02-15T08:51:58.372Z",
    "date_modified": "2023-02-15T08:51:58.372Z",
    "change_user": null,
    "is_deleted": false
  }
},
{
  "model": "NearBeach.listofrequirementitemtype",
  "pk": 4,
  "fields": {
    "requirement_item_type": "User Interface",
    "date_created": "2023-02-15T08:51:58.372Z",
    "date_modified": "2023-02-15T08:51:58.372Z",
    "change_user": null,
    "is_deleted": false
  }
},
{
  "model": "NearBeach.listofrequirementitemtype",
  "pk": 5,
  "fields": {
    "requirement_item_type": "Non Functional",
    "date_created": "2023-02-15T08:51:58.372Z",
    "date_modified": "2023-02-15T08:51:58.372Z",
    "change_user": null,
    "is_deleted": false
  }
},
{
  "model": "NearBeach.listofrequirementitemtype",
  "pk": 6,
  "fields": {
    "requirement_item_type": "Constraint",
    "date_created": "2023-02-15T08:51:58.372Z",
    "date_modified": "2023-02-15T08:51:58.373Z",
    "change_user": null,
    "is_deleted": false
  }
},
{
  "model": "NearBeach.listofrequirementitemtype",
  "pk": 7,
  "fields": {
    "requirement_item_type": "System Function",
    "date_created": "2023-02-15T08:51:58.373Z",
    "date_modified": "2023-02-15T08:51:58.373Z",
    "change_user": null,
    "is_deleted": false
  }
},
{
  "model": "NearBeach.listofrequirementstatus",
  "pk": 1,
  "fields": {
    "requirement_status": "Backlog",
    "requirement_higher_order_status": "Backlog",
    "requirement_status_sort_order": 1,
    "date_created": "2023-02-15T08:51:58.373Z",
    "date_modified": "2023-02-15T08:51:58.373Z",
    "change_user": null,
    "is_deleted": false
  }
},
{
  "model": "NearBeach.listofrequirementstatus",
  "pk": 2,
  "fields": {
    "requirement_status": "Blocked",
    "requirement_higher_order_status": "Blocked",
    "requirement_status_sort_order": 2,
    "date_created": "2023-02-15T08:51:58.373Z",
    "date_modified": "2023-02-15T08:51:58.373Z",
    "change_user": null,
    "is_deleted": false
  }
},
{
  "model": "NearBeach.listofrequirementstatus",
  "pk": 3,
  "fields": {
    "requirement_status": "In Progress",
    "requirement_higher_order_status": "Normal",
    "requirement_status_sort_order": 3,
    "date_created": "2023-02-15T08:51:58.373Z",
    "date_modified": "2023-02-15T08:51:58.373Z",
    "change_user": null,
    "is_deleted": false
  }
},
{
  "model": "NearBeach.listofrequirementstatus",
  "pk": 4,
  "fields": {
    "requirement_status": "Testing/Review",
    "requirement_higher_order_status": "Normal",
    "requirement_status_sort_order": 4,
    "date_created": "2023-02-15T08:51:58.373Z",
    "date_modified": "2023-02-15T08:51:58.373Z",
    "change_user": null,
    "is_deleted": false
  }
},
{
  "model": "NearBeach.listofrequirementstatus",
  "pk": 5,
  "fields": {
    "requirement_status": "Closed",
    "requirement_higher_order_status": "Closed",
    "requirement_status_sort_order": 5,
    "date_created": "2023-02-15T08:51:58.373Z",
    "date_modified": "2023-02-15T08:51:58.373Z",
    "change_user": null,
    "is_deleted": false
  }
},
{
  "model": "NearBeach.listofrequirementtype",
  "pk": 1,
  "fields": {
    "requirement_type": "Non Specific",
    "date_created": "2023-02-15T08:51:58.373Z",
    "date_modified": "2023-02-15T08:51:58.373Z",
    "change_user": null,
    "is_deleted": false
  }
},
{
  "model": "NearBeach.listofrequirementtype",
  "pk": 2,
  "fields": {
    "requirement_type": "Customer Requirements",
    "date_created": "2023-02-15T08:51:58.373Z",
    "date_modified": "2023-02-15T08:51:58.373Z",
    "change_user": null,
    "is_deleted": false
  }
},
{
  "model": "NearBeach.listofrequirementtype",
  "pk": 3,
  "fields": {
    "requirement_type": "System Requirements",
    "date_created": "2023-02-15T08:51:58.373Z",
    "date_modified": "2023-02-15T08:51:58.373Z",
    "change_user": null,
    "is_deleted": false
  }
},
{
  "model": "NearBeach.listofrfcstatus",
  "pk": 1,
  "fields": {
    "rfc_status": "Draft",
    "date_created": "2023-02-15T08:51:58.374Z",
    "date_modified": "2023-02-15T08:51:58.374Z",
    "change_user": null,
    "is_deleted": false
  }
},
{
  "model": "NearBeach.listofrfcstatus",
  "pk": 2,
  "fields": {
    "rfc_status": "Waiting for approval",
    "date_created": "2023-02-15T08:51:58.374Z",
    "date_modified": "2023-02-15T08:51:58.374Z",
    "change_user": null,
    "is_deleted": false
  }
},
{
  "model": "NearBeach.listofrfcstatus",
  "pk": 3,
  "fields": {
    "rfc_status": "Approved",
    "date_created": "2023-02-15T08:51:58.374Z",
    "date_modified": "2023-02-15T08:51:58.374Z",
    "change_user": null,
    "is_deleted": false
  }
},
{
  "model": "NearBeach.listofrfcstatus",
  "pk": 4,
  "fields": {
    "rfc_status": "Started",
    "date_created": "2023-02-15T08:51:58.374Z",
    "date_modified": "2023-02-15T08:51:58.374Z",
    "change_user": null,
    "is_deleted": false
  }
},
{
  "model": "NearBeach.listofrfcstatus",
  "pk": 5,
  "fields": {
    "rfc_status": "Finished",
    "date_created": "2023-02-15T08:51:58.374Z",
    "date_modified": "2023-02-15T08:51:58.374Z",
    "change_user": null,
    "is_deleted": false
  }
},
{
  "model": "NearBeach.listofrfcstatus",
  "pk": 6,
  "fields": {
    "rfc_status": "Rejected",
    "date_created": "2023-02-15T08:51:58.374Z",
    "date_modified": "2023-02-15T08:51:58.374Z",
    "change_user": null,
    "is_deleted": false
  }
},
{
  "model": "NearBeach.listofrfcstatus",
  "pk": 7,
  "fields": {
    "rfc_status": "Paused",
    "date_created": "2023-02-15T08:51:58.374Z",
    "date_modified": "2023-02-15T08:51:58.374Z",
    "change_user": null,
    "is_deleted": false
  }
},
{
  "model": "NearBeach.listoftaskstatus",
  "pk": 1,
  "fields": {
    "task_status": "New",
    "task_higher_order_status": "Backlog",
    "task_status_sort_order": 1,
    "date_created": "2023-12-28T04:35:43.324Z",
    "date_modified": "2023-12-28T04:35:43.324Z",
    "change_user": null,
    "is_deleted": false
  }
},
{
  "model": "NearBeach.listoftaskstatus",
  "pk": 2,
  "fields": {
    "task_status": "Backlog",
    "task_higher_order_status": "Backlog",
    "task_status_sort_order": 2,
    "date_created": "2023-12-28T04:35:43.324Z",
    "date_modified": "2023-12-28T04:35:43.324Z",
    "change_user": null,
    "is_deleted": false
  }
},
{
  "model": "NearBeach.listoftaskstatus",
  "pk": 3,
  "fields": {
    "task_status": "Blocked",
    "task_higher_order_status": "Blocked",
    "task_status_sort_order": 3,
    "date_created": "2023-12-28T04:35:43.324Z",
    "date_modified": "2023-12-28T04:35:43.324Z",
    "change_user": null,
    "is_deleted": false
  }
},
{
  "model": "NearBeach.listoftaskstatus",
  "pk": 4,
  "fields": {
    "task_status": "In Progress",
    "task_higher_order_status": "Normal",
    "task_status_sort_order": 4,
    "date_created": "2023-12-28T04:35:43.324Z",
    "date_modified": "2023-12-28T04:35:43.324Z",
    "change_user": null,
    "is_deleted": false
  }
},
{
  "model": "NearBeach.listoftaskstatus",
  "pk": 5,
  "fields": {
    "task_status": "Test/Review",
    "task_higher_order_status": "Normal",
    "task_status_sort_order": 5,
    "date_created": "2023-12-28T04:35:43.324Z",
    "date_modified": "2023-12-28T04:35:43.324Z",
    "change_user": null,
    "is_deleted": false
  }
},
{
  "model": "NearBeach.listoftaskstatus",
  "pk": 6,
  "fields": {
    "task_status": "Closed",
    "task_higher_order_status": "Closed",
    "task_status_sort_order": 6,
    "date_created": "2023-12-28T04:35:43.324Z",
    "date_modified": "2023-12-28T04:35:43.324Z",
    "change_user": null,
    "is_deleted": false
  }
},
{
  "model": "NearBeach.listoftitle",
  "pk": 1,
  "fields": {
    "title": "Mr",
    "date_created": "2023-02-15T08:51:58.374Z",
    "date_modified": "2023-02-15T08:51:58.374Z",
    "change_user": null,
    "is_deleted": false
  }
},
{
  "model": "NearBeach.listoftitle",
  "pk": 2,
  "fields": {
    "title": "Ms",
    "date_created": "2023-02-15T08:51:58.374Z",
    "date_modified": "2023-02-15T08:51:58.374Z",
    "change_user": null,
    "is_deleted": false
  }
},
{
  "model": "NearBeach.listoftitle",
  "pk": 3,
  "fields": {
    "title": "Mrs",
    "date_created": "2023-02-15T08:51:58.374Z",
    "date_modified": "2023-02-15T08:51:58.374Z",
    "change_user": null,
    "is_deleted": false
  }
},
{
  "model": "NearBeach.listoftitle",
  "pk": 4,
  "fields": {
    "title": "Mx",
    "date_created": "2023-02-15T08:51:58.374Z",
    "date_modified": "2023-02-15T08:51:58.374Z",
    "change_user": null,
    "is_deleted": false
  }
},
{
  "model": "NearBeach.notification",
  "pk": 1,
  "fields": {
    "notification_header": "A simple notification for everyone",
    "notification_message": "Please ignore - this is a fixture notification",
    "notification_start_date": "2023-11-14T22:00:00Z",
    "notification_end_date": "2099-11-27T05:00:00Z",
    "notification_location": "all",
    "date_created": "2023-11-15T11:05:26.869Z",
    "date_modified": "2023-11-15T11:05:26.869Z",
    "change_user": null,
    "is_deleted": false
  }
},
{
  "model": "NearBeach.objectassignment",
  "pk": 1,
  "fields": {
    "assigned_user": null,
    "group_id": 1,
    "requirement": null,
    "requirement_item": null,
    "project": null,
    "task": null,
    "kanban_board": 1,
    "kanban_card": null,
    "request_for_change": null,
    "customer": null,
    "organisation": null,
    "change_task": null,
    "meta_object": null,
    "meta_object_title": "",
    "meta_object_status": "",
    "link_relationship": "",
    "parent_link": "",
    "date_created": "2023-02-15T09:12:31.608Z",
    "date_modified": "2023-02-15T09:12:31.609Z",
    "change_user": 1,
    "is_deleted": false
  }
},
{
  "model": "NearBeach.objectassignment",
  "pk": 2,
  "fields": {
    "assigned_user": null,
    "group_id": 2,
    "requirement": null,
    "requirement_item": null,
    "project": null,
    "task": null,
    "kanban_board": 2,
    "kanban_card": null,
    "request_for_change": null,
    "customer": null,
    "organisation": null,
    "change_task": null,
    "meta_object": null,
    "meta_object_title": "",
    "meta_object_status": "",
    "link_relationship": "",
    "parent_link": "",
    "date_created": "2023-02-15T09:13:18.003Z",
    "date_modified": "2023-02-15T09:13:18.003Z",
    "change_user": 1,
    "is_deleted": true
  }
},
{
  "model": "NearBeach.objectassignment",
  "pk": 3,
  "fields": {
    "assigned_user": null,
    "group_id": 1,
    "requirement": null,
    "requirement_item": null,
    "project": 1,
    "task": null,
    "kanban_board": null,
    "kanban_card": null,
    "request_for_change": null,
    "customer": null,
    "organisation": null,
    "change_task": null,
    "meta_object": null,
    "meta_object_title": "",
    "meta_object_status": "",
    "link_relationship": "",
    "parent_link": "",
    "date_created": "2023-02-15T09:13:53.434Z",
    "date_modified": "2023-02-15T09:13:53.434Z",
    "change_user": 1,
    "is_deleted": false
  }
},
{
  "model": "NearBeach.objectassignment",
  "pk": 4,
  "fields": {
    "assigned_user": null,
    "group_id": 2,
    "requirement": null,
    "requirement_item": null,
    "project": 2,
    "task": null,
    "kanban_board": null,
    "kanban_card": null,
    "request_for_change": null,
    "customer": null,
    "organisation": null,
    "change_task": null,
    "meta_object": null,
    "meta_object_title": "",
    "meta_object_status": "",
    "link_relationship": "",
    "parent_link": "",
    "date_created": "2023-02-15T09:14:14.988Z",
    "date_modified": "2023-02-15T09:14:14.989Z",
    "change_user": 1,
    "is_deleted": true
  }
},
{
  "model": "NearBeach.objectassignment",
  "pk": 5,
  "fields": {
    "assigned_user": null,
    "group_id": 1,
    "requirement": null,
    "requirement_item": null,
    "project": null,
    "task": null,
    "kanban_board": null,
    "kanban_card": null,
    "request_for_change": 1,
    "customer": null,
    "organisation": null,
    "change_task": null,
    "meta_object": null,
    "meta_object_title": "",
    "meta_object_status": "",
    "link_relationship": "",
    "parent_link": "",
    "date_created": "2023-02-15T09:15:05.016Z",
    "date_modified": "2023-02-15T09:15:05.016Z",
    "change_user": 1,
    "is_deleted": false
  }
},
{
  "model": "NearBeach.objectassignment",
  "pk": 6,
  "fields": {
    "assigned_user": null,
    "group_id": 2,
    "requirement": null,
    "requirement_item": null,
    "project": null,
    "task": null,
    "kanban_board": null,
    "kanban_card": null,
    "request_for_change": 1,
    "customer": null,
    "organisation": null,
    "change_task": null,
    "meta_object": null,
    "meta_object_title": "",
    "meta_object_status": "",
    "link_relationship": "",
    "parent_link": "",
    "date_created": "2023-02-15T09:15:05.019Z",
    "date_modified": "2023-02-15T09:15:05.019Z",
    "change_user": 1,
    "is_deleted": true
  }
},
{
  "model": "NearBeach.objectassignment",
  "pk": 7,
  "fields": {
    "assigned_user": null,
    "group_id": 2,
    "requirement": null,
    "requirement_item": null,
    "project": null,
    "task": null,
    "kanban_board": null,
    "kanban_card": null,
    "request_for_change": 2,
    "customer": null,
    "organisation": null,
    "change_task": null,
    "meta_object": null,
    "meta_object_title": "",
    "meta_object_status": "",
    "link_relationship": "",
    "parent_link": "",
    "date_created": "2023-02-15T09:16:25.939Z",
    "date_modified": "2023-02-15T09:16:25.939Z",
    "change_user": 1,
    "is_deleted": true
  }
},
{
  "model": "NearBeach.objectassignment",
  "pk": 8,
  "fields": {
    "assigned_user": null,
    "group_id": 1,
    "requirement": 1,
    "requirement_item": null,
    "project": null,
    "task": null,
    "kanban_board": null,
    "kanban_card": null,
    "request_for_change": null,
    "customer": null,
    "organisation": null,
    "change_task": null,
    "meta_object": null,
    "meta_object_title": "",
    "meta_object_status": "",
    "link_relationship": "",
    "parent_link": "",
    "date_created": "2023-02-15T09:17:21.807Z",
    "date_modified": "2023-02-15T09:17:21.807Z",
    "change_user": 1,
    "is_deleted": false
  }
},
{
  "model": "NearBeach.objectassignment",
  "pk": 9,
  "fields": {
    "assigned_user": null,
    "group_id": 2,
    "requirement": 2,
    "requirement_item": null,
    "project": null,
    "task": null,
    "kanban_board": null,
    "kanban_card": null,
    "request_for_change": null,
    "customer": null,
    "organisation": null,
    "change_task": null,
    "meta_object": null,
    "meta_object_title": "",
    "meta_object_status": "",
    "link_relationship": "",
    "parent_link": "",
    "date_created": "2023-02-15T09:18:34.847Z",
    "date_modified": "2023-02-15T09:18:34.847Z",
    "change_user": 1,
    "is_deleted": true
  }
},
{
  "model": "NearBeach.objectassignment",
  "pk": 10,
  "fields": {
    "assigned_user": null,
    "group_id": 1,
    "requirement": null,
    "requirement_item": null,
    "project": null,
    "task": 1,
    "kanban_board": null,
    "kanban_card": null,
    "request_for_change": null,
    "customer": null,
    "organisation": null,
    "change_task": null,
    "meta_object": null,
    "meta_object_title": "",
    "meta_object_status": "",
    "link_relationship": "",
    "parent_link": "",
    "date_created": "2023-02-15T09:19:37.974Z",
    "date_modified": "2023-02-15T09:19:37.974Z",
    "change_user": 1,
    "is_deleted": false
  }
},
{
  "model": "NearBeach.objectassignment",
  "pk": 11,
  "fields": {
    "assigned_user": null,
    "group_id": 2,
    "requirement": null,
    "requirement_item": null,
    "project": null,
    "task": 2,
    "kanban_board": null,
    "kanban_card": null,
    "request_for_change": null,
    "customer": null,
    "organisation": null,
    "change_task": null,
    "meta_object": null,
    "meta_object_title": "",
    "meta_object_status": "",
    "link_relationship": "",
    "parent_link": "",
    "date_created": "2023-02-15T09:19:58.923Z",
    "date_modified": "2023-02-15T09:19:58.923Z",
    "change_user": 1,
    "is_deleted": true
  }
},
{
  "model": "NearBeach.objectassignment",
  "pk": 12,
  "fields": {
    "assigned_user": null,
    "group_id": 2,
    "requirement": 1,
    "requirement_item": null,
    "project": null,
    "task": null,
    "kanban_board": null,
    "kanban_card": null,
    "request_for_change": null,
    "customer": null,
    "organisation": null,
    "change_task": null,
    "meta_object": null,
    "meta_object_title": "",
    "meta_object_status": "",
    "link_relationship": "",
    "parent_link": "",
    "date_created": "2023-02-17T09:47:56.396Z",
    "date_modified": "2023-02-17T09:47:56.396Z",
    "change_user": 1,
    "is_deleted": true
  }
},
{
  "model": "NearBeach.objectassignment",
  "pk": 13,
  "fields": {
    "assigned_user": 2,
    "group_id": null,
    "requirement": 1,
    "requirement_item": null,
    "project": null,
    "task": null,
    "kanban_board": null,
    "kanban_card": null,
    "request_for_change": null,
    "customer": null,
    "organisation": null,
    "change_task": null,
    "meta_object": null,
    "meta_object_title": "",
    "meta_object_status": "",
    "link_relationship": "",
    "parent_link": "",
    "date_created": "2023-02-17T09:48:05.023Z",
    "date_modified": "2023-02-17T09:48:05.024Z",
    "change_user": 1,
    "is_deleted": false
  }
},
{
  "model": "NearBeach.objectassignment",
  "pk": 14,
  "fields": {
    "assigned_user": null,
    "group_id": 2,
    "requirement": null,
    "requirement_item": null,
    "project": null,
    "task": 2,
    "kanban_board": null,
    "kanban_card": null,
    "request_for_change": null,
    "customer": null,
    "organisation": null,
    "change_task": null,
    "meta_object": null,
    "meta_object_title": "",
    "meta_object_status": "",
    "link_relationship": "",
    "parent_link": "",
    "date_created": "2023-02-20T10:28:14.258Z",
    "date_modified": "2023-02-20T10:28:14.258Z",
    "change_user": 1,
    "is_deleted": true
  }
},
{
  "model": "NearBeach.objectassignment",
  "pk": 15,
  "fields": {
    "assigned_user": null,
    "group_id": 2,
    "requirement": null,
    "requirement_item": null,
    "project": null,
    "task": null,
    "kanban_board": null,
    "kanban_card": null,
    "request_for_change": 1,
    "customer": null,
    "organisation": null,
    "change_task": null,
    "meta_object": null,
    "meta_object_title": "",
    "meta_object_status": "",
    "link_relationship": "",
    "parent_link": "",
    "date_created": "2023-02-20T10:28:37.960Z",
    "date_modified": "2023-02-20T10:28:37.960Z",
    "change_user": 1,
    "is_deleted": true
  }
},
{
  "model": "NearBeach.objectassignment",
  "pk": 16,
  "fields": {
    "assigned_user": null,
    "group_id": 2,
    "requirement": null,
    "requirement_item": null,
    "project": null,
    "task": null,
    "kanban_board": null,
    "kanban_card": null,
    "request_for_change": 1,
    "customer": null,
    "organisation": null,
    "change_task": null,
    "meta_object": null,
    "meta_object_title": "",
    "meta_object_status": "",
    "link_relationship": "",
    "parent_link": "",
    "date_created": "2023-02-20T10:30:49.863Z",
    "date_modified": "2023-02-20T10:30:49.863Z",
    "change_user": 1,
    "is_deleted": true
  }
},
{
  "model": "NearBeach.objectassignment",
  "pk": 17,
  "fields": {
    "assigned_user": null,
    "group_id": 2,
    "requirement": null,
    "requirement_item": null,
    "project": null,
    "task": null,
    "kanban_board": null,
    "kanban_card": null,
    "request_for_change": 1,
    "customer": null,
    "organisation": null,
    "change_task": null,
    "meta_object": null,
    "meta_object_title": "",
    "meta_object_status": "",
    "link_relationship": "",
    "parent_link": "",
    "date_created": "2023-02-20T10:33:05.033Z",
    "date_modified": "2023-02-20T10:33:05.033Z",
    "change_user": 1,
    "is_deleted": true
  }
},
{
  "model": "NearBeach.objectassignment",
  "pk": 18,
  "fields": {
    "assigned_user": null,
    "group_id": 2,
    "requirement": null,
    "requirement_item": null,
    "project": null,
    "task": 2,
    "kanban_board": null,
    "kanban_card": null,
    "request_for_change": null,
    "customer": null,
    "organisation": null,
    "change_task": null,
    "meta_object": null,
    "meta_object_title": "",
    "meta_object_status": "",
    "link_relationship": "",
    "parent_link": "",
    "date_created": "2023-02-20T10:33:15.300Z",
    "date_modified": "2023-02-20T10:33:15.300Z",
    "change_user": 1,
    "is_deleted": true
  }
},
{
  "model": "NearBeach.objectassignment",
  "pk": 19,
  "fields": {
    "assigned_user": null,
    "group_id": 2,
    "requirement": null,
    "requirement_item": null,
    "project": null,
    "task": 2,
    "kanban_board": null,
    "kanban_card": null,
    "request_for_change": null,
    "customer": null,
    "organisation": null,
    "change_task": null,
    "meta_object": null,
    "meta_object_title": "",
    "meta_object_status": "",
    "link_relationship": "",
    "parent_link": "",
    "date_created": "2023-02-20T10:33:42.849Z",
    "date_modified": "2023-02-20T10:33:42.849Z",
    "change_user": 1,
    "is_deleted": true
  }
},
{
  "model": "NearBeach.objectassignment",
  "pk": 20,
  "fields": {
    "assigned_user": null,
    "group_id": 2,
    "requirement": null,
    "requirement_item": null,
    "project": null,
    "task": null,
    "kanban_board": null,
    "kanban_card": null,
    "request_for_change": 1,
    "customer": null,
    "organisation": null,
    "change_task": null,
    "meta_object": null,
    "meta_object_title": "",
    "meta_object_status": "",
    "link_relationship": "",
    "parent_link": "",
    "date_created": "2023-02-20T10:35:33.187Z",
    "date_modified": "2023-02-20T10:35:33.188Z",
    "change_user": 1,
    "is_deleted": true
  }
},
{
  "model": "NearBeach.objectassignment",
  "pk": 21,
  "fields": {
    "assigned_user": null,
    "group_id": 2,
    "requirement": null,
    "requirement_item": null,
    "project": null,
    "task": null,
    "kanban_board": null,
    "kanban_card": null,
    "request_for_change": 1,
    "customer": null,
    "organisation": null,
    "change_task": null,
    "meta_object": null,
    "meta_object_title": "",
    "meta_object_status": "",
    "link_relationship": "",
    "parent_link": "",
    "date_created": "2023-02-20T10:35:46.699Z",
    "date_modified": "2023-02-20T10:35:46.699Z",
    "change_user": 1,
    "is_deleted": true
  }
},
{
  "model": "NearBeach.objectassignment",
  "pk": 22,
  "fields": {
    "assigned_user": null,
    "group_id": 2,
    "requirement": null,
    "requirement_item": null,
    "project": null,
    "task": 2,
    "kanban_board": null,
    "kanban_card": null,
    "request_for_change": null,
    "customer": null,
    "organisation": null,
    "change_task": null,
    "meta_object": null,
    "meta_object_title": "",
    "meta_object_status": "",
    "link_relationship": "",
    "parent_link": "",
    "date_created": "2023-02-20T10:36:29.057Z",
    "date_modified": "2023-02-20T10:36:29.057Z",
    "change_user": 1,
    "is_deleted": true
  }
},
{
  "model": "NearBeach.objectassignment",
  "pk": 23,
  "fields": {
    "assigned_user": null,
    "group_id": 2,
    "requirement": null,
    "requirement_item": null,
    "project": null,
    "task": null,
    "kanban_board": null,
    "kanban_card": null,
    "request_for_change": 1,
    "customer": null,
    "organisation": null,
    "change_task": null,
    "meta_object": null,
    "meta_object_title": "",
    "meta_object_status": "",
    "link_relationship": "",
    "parent_link": "",
    "date_created": "2023-02-20T10:36:38.369Z",
    "date_modified": "2023-02-20T10:36:38.369Z",
    "change_user": 1,
    "is_deleted": true
  }
},
{
  "model": "NearBeach.objectassignment",
  "pk": 24,
  "fields": {
    "assigned_user": null,
    "group_id": 2,
    "requirement": null,
    "requirement_item": null,
    "project": null,
    "task": 2,
    "kanban_board": null,
    "kanban_card": null,
    "request_for_change": null,
    "customer": null,
    "organisation": null,
    "change_task": null,
    "meta_object": null,
    "meta_object_title": "",
    "meta_object_status": "",
    "link_relationship": "",
    "parent_link": "",
    "date_created": "2023-02-20T10:37:05.498Z",
    "date_modified": "2023-02-20T10:37:05.498Z",
    "change_user": 1,
    "is_deleted": true
  }
},
{
  "model": "NearBeach.objectassignment",
  "pk": 25,
  "fields": {
    "assigned_user": null,
    "group_id": 2,
    "requirement": null,
    "requirement_item": null,
    "project": null,
    "task": null,
    "kanban_board": null,
    "kanban_card": null,
    "request_for_change": 1,
    "customer": null,
    "organisation": null,
    "change_task": null,
    "meta_object": null,
    "meta_object_title": "",
    "meta_object_status": "",
    "link_relationship": "",
    "parent_link": "",
    "date_created": "2023-02-20T10:37:12.767Z",
    "date_modified": "2023-02-20T10:37:12.767Z",
    "change_user": 1,
    "is_deleted": true
  }
},
{
  "model": "NearBeach.objectassignment",
  "pk": 26,
  "fields": {
    "assigned_user": null,
    "group_id": 2,
    "requirement": null,
    "requirement_item": null,
    "project": null,
    "task": null,
    "kanban_board": null,
    "kanban_card": null,
    "request_for_change": 1,
    "customer": null,
    "organisation": null,
    "change_task": null,
    "meta_object": null,
    "meta_object_title": "",
    "meta_object_status": "",
    "link_relationship": "",
    "parent_link": "",
    "date_created": "2023-02-20T10:40:02.466Z",
    "date_modified": "2023-02-20T10:40:02.466Z",
    "change_user": 1,
    "is_deleted": true
  }
},
{
  "model": "NearBeach.objectassignment",
  "pk": 27,
  "fields": {
    "assigned_user": null,
    "group_id": 2,
    "requirement": null,
    "requirement_item": null,
    "project": null,
    "task": 2,
    "kanban_board": null,
    "kanban_card": null,
    "request_for_change": null,
    "customer": null,
    "organisation": null,
    "change_task": null,
    "meta_object": null,
    "meta_object_title": "",
    "meta_object_status": "",
    "link_relationship": "",
    "parent_link": "",
    "date_created": "2023-02-20T10:43:44.500Z",
    "date_modified": "2023-02-20T10:43:44.500Z",
    "change_user": 1,
    "is_deleted": false
  }
},
{
  "model": "NearBeach.objectassignment",
  "pk": 28,
  "fields": {
    "assigned_user": null,
    "group_id": 2,
    "requirement": null,
    "requirement_item": null,
    "project": null,
    "task": null,
    "kanban_board": null,
    "kanban_card": null,
    "request_for_change": 1,
    "customer": null,
    "organisation": null,
    "change_task": null,
    "meta_object": null,
    "meta_object_title": "",
    "meta_object_status": "",
    "link_relationship": "",
    "parent_link": "",
    "date_created": "2023-02-20T10:49:25.057Z",
    "date_modified": "2023-02-20T10:49:25.057Z",
    "change_user": 1,
    "is_deleted": true
  }
},
{
  "model": "NearBeach.objectassignment",
  "pk": 29,
  "fields": {
    "assigned_user": null,
    "group_id": 2,
    "requirement": null,
    "requirement_item": null,
    "project": null,
    "task": null,
    "kanban_board": null,
    "kanban_card": null,
    "request_for_change": 1,
    "customer": null,
    "organisation": null,
    "change_task": null,
    "meta_object": null,
    "meta_object_title": "",
    "meta_object_status": "",
    "link_relationship": "",
    "parent_link": "",
    "date_created": "2023-02-20T10:57:24.376Z",
    "date_modified": "2023-02-20T10:57:24.376Z",
    "change_user": 1,
    "is_deleted": true
  }
},
{
  "model": "NearBeach.objectassignment",
  "pk": 30,
  "fields": {
    "assigned_user": null,
    "group_id": 2,
    "requirement": null,
    "requirement_item": null,
    "project": null,
    "task": null,
    "kanban_board": null,
    "kanban_card": null,
    "request_for_change": 2,
    "customer": null,
    "organisation": null,
    "change_task": null,
    "meta_object": null,
    "meta_object_title": "",
    "meta_object_status": "",
    "link_relationship": "",
    "parent_link": "",
    "date_created": "2023-02-20T11:00:54.678Z",
    "date_modified": "2023-02-20T11:00:54.678Z",
    "change_user": 1,
    "is_deleted": false
  }
},
{
  "model": "NearBeach.objectassignment",
  "pk": 31,
  "fields": {
    "assigned_user": null,
    "group_id": 2,
    "requirement": 2,
    "requirement_item": null,
    "project": null,
    "task": null,
    "kanban_board": null,
    "kanban_card": null,
    "request_for_change": null,
    "customer": null,
    "organisation": null,
    "change_task": null,
    "meta_object": null,
    "meta_object_title": "",
    "meta_object_status": "",
    "link_relationship": "",
    "parent_link": "",
    "date_created": "2023-02-20T11:01:01.010Z",
    "date_modified": "2023-02-20T11:01:01.010Z",
    "change_user": 1,
    "is_deleted": false
  }
},
{
  "model": "NearBeach.objectassignment",
  "pk": 32,
  "fields": {
    "assigned_user": null,
    "group_id": 2,
    "requirement": null,
    "requirement_item": null,
    "project": 2,
    "task": null,
    "kanban_board": null,
    "kanban_card": null,
    "request_for_change": null,
    "customer": null,
    "organisation": null,
    "change_task": null,
    "meta_object": null,
    "meta_object_title": "",
    "meta_object_status": "",
    "link_relationship": "",
    "parent_link": "",
    "date_created": "2023-02-20T11:01:07.872Z",
    "date_modified": "2023-02-20T11:01:07.872Z",
    "change_user": 1,
    "is_deleted": false
  }
},
{
  "model": "NearBeach.objectassignment",
  "pk": 33,
  "fields": {
    "assigned_user": null,
    "group_id": 2,
    "requirement": null,
    "requirement_item": null,
    "project": null,
    "task": null,
    "kanban_board": 2,
    "kanban_card": null,
    "request_for_change": null,
    "customer": null,
    "organisation": null,
    "change_task": null,
    "meta_object": null,
    "meta_object_title": "",
    "meta_object_status": "",
    "link_relationship": "",
    "parent_link": "",
    "date_created": "2023-02-20T11:01:20.403Z",
    "date_modified": "2023-02-20T11:01:20.403Z",
    "change_user": 1,
    "is_deleted": false
  }
},
{
  "model": "NearBeach.objectnote",
  "pk": 1,
  "fields": {
    "object_note": "<p>Add a note</p>",
    "kanban_card": 1,
    "organisation": null,
    "requirement": null,
    "requirement_item": null,
    "project": null,
    "task": null,
    "request_for_change": null,
    "date_created": "2023-02-17T09:46:45.292Z",
    "date_modified": "2023-02-17T09:46:45.292Z",
    "change_user": 1,
    "is_deleted": false
  }
},
{
  "model": "NearBeach.objectnote",
  "pk": 2,
  "fields": {
    "object_note": "<p>Project Note 1 - will be deleted by unit testing.</p>\r\n<p>It will fail when an unprivileged user will try and delete it</p>",
    "kanban_card": null,
    "organisation": null,
    "requirement": null,
    "requirement_item": null,
    "project": 1,
    "task": null,
    "request_for_change": null,
    "date_created": "2024-02-05T08:08:34.257Z",
    "date_modified": "2024-02-05T08:08:34.257Z",
    "change_user": 1,
    "is_deleted": false
  }
},
{
  "model": "NearBeach.objectnote",
  "pk": 3,
  "fields": {
    "object_note": "<p>Team leader note. Will pass. Hello World</p>",
    "kanban_card": null,
    "organisation": null,
    "requirement": null,
    "requirement_item": null,
    "project": 2,
    "task": null,
    "request_for_change": null,
    "date_created": "2024-02-05T08:09:07.922Z",
    "date_modified": "2024-02-05T08:19:28.185Z",
    "change_user": 2,
    "is_deleted": false
  }
},
{
  "model": "NearBeach.organisation",
  "pk": 1,
  "fields": {
    "organisation_name": "NearBeach Incorporate",
    "organisation_website": "https://nearbeach.org",
    "organisation_email": "support@nearbeach.org",
    "organisation_profile_picture": null,
    "date_created": "2023-02-15T08:56:40.669Z",
    "date_modified": "2023-02-15T08:56:40.669Z",
    "change_user": 1,
    "is_deleted": false
  }
},
{
  "model": "NearBeach.permissionset",
  "pk": 1,
  "fields": {
    "permission_set_name": "Administration Permission Set",
    "administration_assign_user_to_group": 4,
    "administration_create_group": 4,
    "administration_create_permission_set": 4,
    "administration_create_user": 4,
    "bug_client": 4,
    "customer": 4,
    "kanban_board": 0,
    "kanban_card": 4,
    "organisation": 4,
    "project": 4,
    "request_for_change": 0,
    "requirement": 4,
    "task": 4,
    "tag": 0,
    "document": 1,
    "kanban_comment": 1,
    "project_history": 1,
    "task_history": 1,
    "date_created": "2023-02-15T08:56:14.213Z",
    "date_modified": "2023-02-15T08:56:14.213Z",
    "change_user": 1,
    "is_deleted": false
  }
},
{
  "model": "NearBeach.permissionset",
  "pk": 2,
  "fields": {
    "permission_set_name": "Full Permission",
    "administration_assign_user_to_group": 0,
    "administration_create_group": 0,
    "administration_create_permission_set": 0,
    "administration_create_user": 0,
    "bug_client": 4,
    "customer": 4,
    "kanban_board": 4,
    "kanban_card": 4,
    "organisation": 4,
    "project": 4,
    "request_for_change": 4,
    "requirement": 4,
    "task": 4,
    "tag": 4,
    "document": 0,
    "kanban_comment": 0,
    "project_history": 0,
    "task_history": 0,
    "date_created": "2023-02-15T08:59:39.865Z",
    "date_modified": "2023-05-24T11:22:55.972Z",
    "change_user": 1,
    "is_deleted": false
  }
},
{
  "model": "NearBeach.permissionset",
  "pk": 3,
  "fields": {
    "permission_set_name": "Add and Edit",
    "administration_assign_user_to_group": 0,
    "administration_create_group": 0,
    "administration_create_permission_set": 0,
    "administration_create_user": 0,
    "bug_client": 3,
    "customer": 3,
    "kanban_board": 3,
    "kanban_card": 3,
    "organisation": 3,
    "project": 3,
    "request_for_change": 3,
    "requirement": 3,
    "task": 3,
    "tag": 3,
    "document": 0,
    "kanban_comment": 0,
    "project_history": 0,
    "task_history": 0,
    "date_created": "2023-02-15T09:00:25.979Z",
    "date_modified": "2023-05-24T11:23:06.295Z",
    "change_user": 1,
    "is_deleted": false
  }
},
{
  "model": "NearBeach.permissionset",
  "pk": 4,
  "fields": {
    "permission_set_name": "Edit Only",
    "administration_assign_user_to_group": 0,
    "administration_create_group": 0,
    "administration_create_permission_set": 0,
    "administration_create_user": 0,
    "bug_client": 2,
    "customer": 2,
    "kanban_board": 2,
    "kanban_card": 2,
    "organisation": 2,
    "project": 2,
    "request_for_change": 2,
    "requirement": 2,
    "task": 2,
    "tag": 2,
    "document": 0,
    "kanban_comment": 0,
    "project_history": 0,
    "task_history": 0,
    "date_created": "2023-02-15T09:01:39.074Z",
    "date_modified": "2023-05-24T11:23:18.253Z",
    "change_user": 1,
    "is_deleted": false
  }
},
{
  "model": "NearBeach.permissionset",
  "pk": 5,
  "fields": {
    "permission_set_name": "Read Only",
    "administration_assign_user_to_group": 0,
    "administration_create_group": 0,
    "administration_create_permission_set": 0,
    "administration_create_user": 0,
    "bug_client": 1,
    "customer": 1,
    "kanban_board": 1,
    "kanban_card": 1,
    "organisation": 1,
    "project": 1,
    "request_for_change": 1,
    "requirement": 1,
    "task": 1,
    "tag": 1,
    "document": 0,
    "kanban_comment": 0,
    "project_history": 0,
    "task_history": 0,
    "date_created": "2023-02-15T09:02:30.893Z",
    "date_modified": "2023-05-24T11:23:33.179Z",
    "change_user": 1,
    "is_deleted": false
  }
},
{
  "model": "NearBeach.permissionset",
  "pk": 6,
  "fields": {
    "permission_set_name": "Read Only + Extra",
    "administration_assign_user_to_group": 0,
    "administration_create_group": 0,
    "administration_create_permission_set": 0,
    "administration_create_user": 0,
    "bug_client": 1,
    "customer": 1,
    "kanban_board": 1,
    "kanban_card": 1,
    "organisation": 1,
    "project": 1,
    "request_for_change": 1,
    "requirement": 1,
    "task": 1,
    "tag": 1,
    "document": 1,
    "kanban_comment": 1,
    "project_history": 1,
    "task_history": 1,
    "date_created": "2023-02-15T09:03:06.209Z",
    "date_modified": "2023-05-24T11:23:42.894Z",
    "change_user": 1,
    "is_deleted": false
  }
},
{
  "model": "NearBeach.project",
  "pk": 1,
  "fields": {
    "project_name": "Project - Only Administration",
    "project_description": "<p>Project - Only Administration</p>",
    "organisation": 1,
    "customer": null,
    "project_start_date": "2023-02-14T22:00:00Z",
    "project_end_date": "2023-03-01T05:00:00Z",
    "project_status": 1,
    "project_story_point_min": 1,
    "project_story_point_max": 4,
    "date_created": "2023-02-15T09:13:53.432Z",
    "date_modified": "2023-02-15T09:13:53.432Z",
    "change_user": 1,
    "creation_user": 1,
    "is_deleted": false
  }
},
{
  "model": "NearBeach.project",
  "pk": 2,
  "fields": {
    "project_name": "Project - QA Team",
    "project_description": "<p>Project - QA Team</p>",
    "organisation": 1,
    "customer": null,
    "project_start_date": "2023-02-14T22:00:00Z",
    "project_end_date": "2023-03-01T05:00:00Z",
    "project_status": 1,
    "project_story_point_min": 1,
    "project_story_point_max": 4,
    "date_created": "2023-02-15T09:14:14.985Z",
    "date_modified": "2023-02-15T09:14:14.985Z",
    "change_user": 1,
    "creation_user": 1,
    "is_deleted": false
  }
},
{
  "model": "NearBeach.publiclink",
  "pk": "1c1067e9-563f-4419-9dac-e87d757ecb37",
  "fields": {
    "public_link_is_active": true,
    "requirement": null,
    "requirement_item": null,
    "project": null,
    "task": 1,
    "kanban_board": null,
    "kanban_card": null,
    "request_for_change": null,
    "date_created": "2024-02-05T09:45:50.460Z",
    "date_modified": "2024-02-05T09:45:50.460Z",
    "change_user": 1,
    "creation_user": 1,
    "is_deleted": false
  }
},
{
  "model": "NearBeach.publiclink",
  "pk": "37a7cf65-c732-4e67-b16f-97d77329bdda",
  "fields": {
    "public_link_is_active": true,
    "requirement": null,
    "requirement_item": null,
    "project": null,
    "task": null,
    "kanban_board": null,
    "kanban_card": 2,
    "request_for_change": null,
    "date_created": "2024-02-05T09:46:12.606Z",
    "date_modified": "2024-02-05T09:46:12.606Z",
    "change_user": 1,
    "creation_user": 1,
    "is_deleted": false
  }
},
{
  "model": "NearBeach.publiclink",
  "pk": "3d7346c4-05b6-41df-816a-eff814d9bbd0",
  "fields": {
    "public_link_is_active": true,
    "requirement": null,
    "requirement_item": null,
    "project": 1,
    "task": null,
    "kanban_board": null,
    "kanban_card": null,
    "request_for_change": null,
    "date_created": "2024-02-05T08:23:24.147Z",
    "date_modified": "2024-02-05T08:23:24.147Z",
    "change_user": 1,
    "creation_user": 1,
    "is_deleted": false
  }
},
{
  "model": "NearBeach.publiclink",
  "pk": "5435086c-a145-4540-bc71-35a0fd0ee171",
  "fields": {
    "public_link_is_active": true,
    "requirement": 2,
    "requirement_item": null,
    "project": null,
    "task": null,
    "kanban_board": null,
    "kanban_card": null,
    "request_for_change": null,
    "date_created": "2024-02-05T09:45:37.543Z",
    "date_modified": "2024-02-05T09:45:37.543Z",
    "change_user": 1,
    "creation_user": 1,
    "is_deleted": false
  }
},
{
  "model": "NearBeach.publiclink",
  "pk": "57fea1be-1cbb-4583-8381-9609aa58334b",
  "fields": {
    "public_link_is_active": true,
    "requirement": null,
    "requirement_item": null,
    "project": null,
    "task": null,
    "kanban_board": 2,
    "kanban_card": null,
    "request_for_change": null,
    "date_created": "2024-02-05T09:46:15.468Z",
    "date_modified": "2024-02-05T09:46:15.468Z",
    "change_user": 1,
    "creation_user": 1,
    "is_deleted": false
  }
},
{
  "model": "NearBeach.publiclink",
  "pk": "5f369dc9-a0bb-416d-9779-92576d0500bb",
  "fields": {
    "public_link_is_active": true,
    "requirement": null,
    "requirement_item": null,
    "project": 2,
    "task": null,
    "kanban_board": null,
    "kanban_card": null,
    "request_for_change": null,
    "date_created": "2024-02-05T08:23:08.239Z",
    "date_modified": "2024-02-05T08:23:08.239Z",
    "change_user": 2,
    "creation_user": 2,
    "is_deleted": false
  }
},
{
  "model": "NearBeach.publiclink",
  "pk": "755ee6ea-7eac-4e8b-9c19-fbdba2dd290d",
  "fields": {
    "public_link_is_active": true,
    "requirement": null,
    "requirement_item": null,
    "project": null,
    "task": null,
    "kanban_board": 1,
    "kanban_card": null,
    "request_for_change": null,
    "date_created": "2024-02-05T09:46:05.511Z",
    "date_modified": "2024-02-05T09:46:05.511Z",
    "change_user": 1,
    "creation_user": 1,
    "is_deleted": false
  }
},
{
  "model": "NearBeach.publiclink",
  "pk": "9b6a9317-df46-453f-aa5b-6f33b77c28c4",
  "fields": {
    "public_link_is_active": true,
    "requirement": null,
    "requirement_item": 2,
    "project": null,
    "task": null,
    "kanban_board": null,
    "kanban_card": null,
    "request_for_change": null,
    "date_created": "2024-02-05T10:08:55.342Z",
    "date_modified": "2024-02-05T10:08:55.342Z",
    "change_user": 1,
    "creation_user": 1,
    "is_deleted": false
  }
},
{
  "model": "NearBeach.publiclink",
  "pk": "aba74809-aae5-4fc4-8929-5fd835fefa22",
  "fields": {
    "public_link_is_active": true,
    "requirement": null,
    "requirement_item": 1,
    "project": null,
    "task": null,
    "kanban_board": null,
    "kanban_card": null,
    "request_for_change": null,
    "date_created": "2024-02-05T10:07:57.659Z",
    "date_modified": "2024-02-05T10:07:57.659Z",
    "change_user": 1,
    "creation_user": 1,
    "is_deleted": false
  }
},
{
  "model": "NearBeach.publiclink",
  "pk": "c5994697-a7e6-4e54-b8b1-4dee7315d7ea",
  "fields": {
    "public_link_is_active": true,
    "requirement": null,
    "requirement_item": null,
    "project": null,
    "task": 2,
    "kanban_board": null,
    "kanban_card": null,
    "request_for_change": null,
    "date_created": "2024-02-05T09:45:53.661Z",
    "date_modified": "2024-02-05T09:45:53.661Z",
    "change_user": 1,
    "creation_user": 1,
    "is_deleted": false
  }
},
{
  "model": "NearBeach.publiclink",
  "pk": "fbda2f94-be7b-41e5-b93a-3ce65516d09d",
  "fields": {
    "public_link_is_active": true,
    "requirement": 1,
    "requirement_item": null,
    "project": null,
    "task": null,
    "kanban_board": null,
    "kanban_card": null,
    "request_for_change": null,
    "date_created": "2024-02-05T09:45:34.525Z",
    "date_modified": "2024-02-05T09:45:34.525Z",
    "change_user": 1,
    "creation_user": 1,
    "is_deleted": false
  }
},
{
  "model": "NearBeach.publiclink",
  "pk": "feb8f0e1-369a-4934-8208-9de39f9dfa98",
  "fields": {
    "public_link_is_active": true,
    "requirement": null,
    "requirement_item": null,
    "project": null,
    "task": null,
    "kanban_board": null,
    "kanban_card": 1,
    "request_for_change": null,
    "date_created": "2024-02-05T09:46:02.249Z",
    "date_modified": "2024-02-05T09:46:02.249Z",
    "change_user": 1,
    "creation_user": 1,
    "is_deleted": false
  }
},
{
  "model": "NearBeach.requestforchange",
  "pk": 1,
  "fields": {
    "rfc_title": "RFC - Admin",
    "rfc_summary": "<p>Request for Change - admin</p>",
    "rfc_type": 2,
    "rfc_implementation_start_date": "2023-02-14T22:00:00Z",
    "rfc_implementation_end_date": "2023-03-01T05:00:00Z",
    "rfc_implementation_release_date": "2023-03-01T06:00:00Z",
    "rfc_version_number": "0.30.0",
    "rfc_status": 1,
    "rfc_lead": 1,
    "rfc_priority": 2,
    "rfc_risk": 3,
    "rfc_impact": 2,
    "rfc_risk_and_impact_analysis": "<p>Risk Association</p>",
    "rfc_implementation_plan": "<p>Implementation Plan</p>",
    "rfc_backout_plan": "<p>Backout plan</p>",
    "rfc_test_plan": "<p>Test Plan</p>",
    "date_created": "2023-02-15T09:15:05.013Z",
    "date_modified": "2023-02-15T09:15:05.013Z",
    "change_user": 1,
    "creation_user": 1,
    "is_deleted": false
  }
},
{
  "model": "NearBeach.requestforchange",
  "pk": 2,
  "fields": {
    "rfc_title": "RFC - QA Team",
    "rfc_summary": "<p>Request For Change - QA Team</p>",
    "rfc_type": 2,
    "rfc_implementation_start_date": "2023-02-14T22:00:00Z",
    "rfc_implementation_end_date": "2023-03-01T05:00:00Z",
    "rfc_implementation_release_date": "2023-03-01T06:00:00Z",
    "rfc_version_number": "0.30.0",
    "rfc_status": 1,
    "rfc_lead": 1,
    "rfc_priority": 2,
    "rfc_risk": 3,
    "rfc_impact": 2,
    "rfc_risk_and_impact_analysis": "<p>Risk Association</p>",
    "rfc_implementation_plan": "<p>Implementation Plan</p>",
    "rfc_backout_plan": "<p>Backout Plan</p>",
    "rfc_test_plan": "<p>Test Plan</p>",
    "date_created": "2023-02-15T09:16:25.935Z",
    "date_modified": "2023-02-15T09:16:25.935Z",
    "change_user": 1,
    "creation_user": 1,
    "is_deleted": false
  }
},
{
  "model": "NearBeach.requirement",
  "pk": 1,
  "fields": {
    "requirement_title": "Requirement - Administration",
    "requirement_scope": "<p>Requirement - Administration</p>",
    "requirement_type": 2,
    "requirement_status": 3,
    "requirement_story_point_min": 1,
    "requirement_story_point_max": 4,
    "organisation": 1,
    "date_created": "2023-02-15T09:17:21.805Z",
    "date_modified": "2023-02-15T09:17:21.805Z",
    "change_user": 1,
    "creation_user": 1,
    "is_deleted": false
  }
},
{
  "model": "NearBeach.requirement",
  "pk": 2,
  "fields": {
    "requirement_title": "Requirement - QA Team",
    "requirement_scope": "<p>Requirement - QA Team</p>",
    "requirement_type": 2,
    "requirement_status": 3,
    "requirement_story_point_min": 1,
    "requirement_story_point_max": 4,
    "organisation": 1,
    "date_created": "2023-02-15T09:18:34.843Z",
    "date_modified": "2023-02-15T09:18:34.843Z",
    "change_user": 1,
    "creation_user": 1,
    "is_deleted": false
  }
},
{
  "model": "NearBeach.requirementitem",
  "pk": 1,
  "fields": {
    "requirement": 1,
    "requirement_item_title": "Requirement Item - Administration Only",
    "requirement_item_scope": "<p>Requirement Item - Administration Only</p>",
    "requirement_item_status": 3,
    "requirement_item_type": 4,
    "ri_story_point_min": 4,
    "ri_story_point_max": 10,
    "date_created": "2023-02-15T09:17:45.806Z",
    "date_modified": "2023-02-15T09:17:45.806Z",
    "change_user": 1,
    "is_deleted": false
  }
},
{
  "model": "NearBeach.requirementitem",
  "pk": 2,
  "fields": {
    "requirement": 2,
    "requirement_item_title": "Requirement Item - QA Team",
    "requirement_item_scope": "<p>Requirement Item - QA Team</p>",
    "requirement_item_status": 3,
    "requirement_item_type": 3,
    "ri_story_point_min": 4,
    "ri_story_point_max": 10,
    "date_created": "2023-02-15T09:19:00.099Z",
    "date_modified": "2023-02-15T09:19:00.099Z",
    "change_user": 1,
    "is_deleted": false
  }
},
{
  "model": "NearBeach.sprint",
  "pk": 1,
  "fields": {
    "sprint_name": "project-1 - Sprint 1 - 18 Mar 2024",
    "requirement": null,
    "project": 1,
    "total_story_points": 0,
    "completed_story_points": 0,
    "sprint_status": "Draft",
    "sprint_start_date": "2024-03-18T08:45:28.841Z",
    "sprint_end_date": "2024-03-25T08:45:28.841Z",
    "date_created": "2024-03-18T08:45:43.446Z",
    "date_modified": "2024-03-18T08:45:43.446Z",
    "change_user": 1,
    "is_deleted": false
  }
},
{
  "model": "NearBeach.sprint",
  "pk": 2,
  "fields": {
    "sprint_name": "project-2 - Sprint 1 - 18 Mar 2024",
    "requirement": null,
    "project": 2,
    "total_story_points": 0,
    "completed_story_points": 0,
    "sprint_status": "Draft",
    "sprint_start_date": "2024-03-18T08:45:29.300Z",
    "sprint_end_date": "2024-03-25T08:45:29.300Z",
    "date_created": "2024-03-18T08:45:48.772Z",
    "date_modified": "2024-03-18T08:45:48.772Z",
    "change_user": 1,
    "is_deleted": false
  }
},
{
  "model": "NearBeach.sprint",
  "pk": 3,
  "fields": {
    "sprint_name": "requirement-1 - Sprint 1 - 18 Mar 2024",
    "requirement": 1,
    "project": null,
    "total_story_points": 0,
    "completed_story_points": 0,
    "sprint_status": "Draft",
    "sprint_start_date": "2024-03-18T08:45:37.303Z",
    "sprint_end_date": "2024-03-25T08:45:37.303Z",
    "date_created": "2024-03-18T08:46:56.631Z",
    "date_modified": "2024-03-18T08:46:56.631Z",
    "change_user": 1,
    "is_deleted": false
  }
},
{
  "model": "NearBeach.sprint",
  "pk": 4,
  "fields": {
    "sprint_name": "requirement-2 - Sprint 1 - 18 Mar 2024",
    "requirement": 2,
    "project": null,
    "total_story_points": 0,
    "completed_story_points": 0,
    "sprint_status": "Draft",
    "sprint_start_date": "2024-03-18T08:45:37.782Z",
    "sprint_end_date": "2024-03-25T08:45:37.782Z",
    "date_created": "2024-03-18T08:47:01.096Z",
    "date_modified": "2024-03-18T08:47:01.096Z",
    "change_user": 1,
    "is_deleted": false
  }
},
{
  "model": "NearBeach.sprintobjectassignment",
  "pk": 1,
  "fields": {
    "sprint_id": 1,
    "requirement_item": null,
    "project": null,
    "task": 1,
    "date_created": "2024-03-18T08:48:15.226Z",
    "date_modified": "2024-03-18T08:48:15.226Z",
    "change_user": 1,
    "is_deleted": false
  }
},
{
  "model": "NearBeach.sprintobjectassignment",
  "pk": 2,
  "fields": {
    "sprint_id": 1,
    "requirement_item": null,
    "project": null,
    "task": 2,
    "date_created": "2024-03-18T08:48:15.229Z",
    "date_modified": "2024-03-18T08:48:15.229Z",
    "change_user": 1,
    "is_deleted": false
  }
},
{
  "model": "NearBeach.sprintobjectassignment",
  "pk": 3,
  "fields": {
    "sprint_id": 2,
    "requirement_item": null,
    "project": null,
    "task": 1,
    "date_created": "2024-03-18T08:48:26.803Z",
    "date_modified": "2024-03-18T08:48:26.803Z",
    "change_user": 1,
    "is_deleted": false
  }
},
{
  "model": "NearBeach.sprintobjectassignment",
  "pk": 4,
  "fields": {
    "sprint_id": 2,
    "requirement_item": null,
    "project": null,
    "task": 2,
    "date_created": "2024-03-18T08:48:26.808Z",
    "date_modified": "2024-03-18T08:48:26.808Z",
    "change_user": 1,
    "is_deleted": false
  }
},
{
  "model": "NearBeach.sprintobjectassignment",
  "pk": 5,
  "fields": {
    "sprint_id": 3,
    "requirement_item": null,
    "project": null,
    "task": 1,
    "date_created": "2024-03-18T08:48:36.349Z",
    "date_modified": "2024-03-18T08:48:36.349Z",
    "change_user": 1,
    "is_deleted": false
  }
},
{
  "model": "NearBeach.sprintobjectassignment",
  "pk": 6,
  "fields": {
    "sprint_id": 3,
    "requirement_item": null,
    "project": null,
    "task": 2,
    "date_created": "2024-03-18T08:48:36.352Z",
    "date_modified": "2024-03-18T08:48:36.352Z",
    "change_user": 1,
    "is_deleted": false
  }
},
{
  "model": "NearBeach.sprintobjectassignment",
  "pk": 7,
  "fields": {
    "sprint_id": 4,
    "requirement_item": null,
    "project": null,
    "task": 1,
    "date_created": "2024-03-18T08:48:42.818Z",
    "date_modified": "2024-03-18T08:48:42.819Z",
    "change_user": 1,
    "is_deleted": false
  }
},
{
  "model": "NearBeach.sprintobjectassignment",
  "pk": 8,
  "fields": {
    "sprint_id": 4,
    "requirement_item": null,
    "project": null,
    "task": 2,
    "date_created": "2024-03-18T08:48:42.821Z",
    "date_modified": "2024-03-18T08:48:42.821Z",
    "change_user": 1,
    "is_deleted": false
  }
},
{
  "model": "NearBeach.tag",
  "pk": 1,
  "fields": {
    "tag_name": "default tag",
    "tag_colour": "#37cbd2",
    "tag_text_colour": "#ffffff",
    "date_created": "2024-02-03T00:53:00.375Z",
    "date_modified": "2024-02-03T00:53:00.375Z",
    "change_user": 1,
    "is_deleted": false
  }
},
{
  "model": "NearBeach.task",
  "pk": 1,
  "fields": {
    "task_short_description": "Task - Administration",
    "task_long_description": "<p>Task - Administration</p>",
    "organisation": 1,
    "task_start_date": "2023-02-14T22:00:00Z",
    "task_end_date": "2023-03-01T05:00:00Z",
    "task_assigned_to": null,
    "task_status": 1,
    "task_story_point_min": 4,
    "task_story_point_max": 10,
    "date_created": "2023-02-15T09:19:37.972Z",
    "date_modified": "2023-02-15T09:19:37.972Z",
    "change_user": 1,
    "creation_user": 1,
    "is_deleted": false
  }
},
{
  "model": "NearBeach.task",
  "pk": 2,
  "fields": {
    "task_short_description": "Task - QA Team",
    "task_long_description": "<p>Task - QA Team</p>",
    "organisation": 1,
    "task_start_date": "2023-02-14T22:00:00Z",
    "task_end_date": "2023-03-01T05:00:00Z",
    "task_assigned_to": null,
    "task_status": 1,
    "task_story_point_min": 4,
    "task_story_point_max": 10,
    "date_created": "2023-02-15T09:19:58.920Z",
    "date_modified": "2023-02-15T09:19:58.920Z",
    "change_user": 1,
    "creation_user": 1,
    "is_deleted": false
  }
},
{
  "model": "NearBeach.usergroup",
  "pk": 1,
  "fields": {
    "username": 1,
    "group": 1,
    "permission_set": 1,
    "report_to": null,
    "group_leader": false,
    "date_created": "2023-02-15T08:56:14.220Z",
    "date_modified": "2023-02-15T08:56:14.220Z",
    "change_user": 1,
    "is_deleted": false
  }
},
{
  "model": "NearBeach.usergroup",
  "pk": 2,
  "fields": {
    "username": 1,
    "group": 2,
    "permission_set": 1,
    "report_to": null,
    "group_leader": false,
    "date_created": "2023-02-15T09:04:42.520Z",
    "date_modified": "2023-02-15T09:04:42.520Z",
    "change_user": 1,
    "is_deleted": false
  }
},
{
  "model": "NearBeach.usergroup",
  "pk": 3,
  "fields": {
    "username": 2,
    "group": 2,
    "permission_set": 2,
    "report_to": null,
    "group_leader": false,
    "date_created": "2023-02-15T09:08:51.415Z",
    "date_modified": "2023-02-15T09:08:51.415Z",
    "change_user": 1,
    "is_deleted": false
  }
},
{
  "model": "NearBeach.usergroup",
  "pk": 4,
  "fields": {
    "username": 3,
    "group": 2,
    "permission_set": 3,
    "report_to": null,
    "group_leader": false,
    "date_created": "2023-02-15T09:09:32.744Z",
    "date_modified": "2023-02-15T09:09:32.744Z",
    "change_user": 1,
    "is_deleted": false
  }
},
{
  "model": "NearBeach.usergroup",
  "pk": 5,
  "fields": {
    "username": 4,
    "group": 2,
    "permission_set": 4,
    "report_to": null,
    "group_leader": false,
    "date_created": "2023-02-15T09:10:08.428Z",
    "date_modified": "2023-02-15T09:10:08.428Z",
    "change_user": 1,
    "is_deleted": false
  }
},
{
  "model": "NearBeach.usergroup",
  "pk": 6,
  "fields": {
    "username": 5,
    "group": 2,
    "permission_set": 5,
    "report_to": null,
    "group_leader": false,
    "date_created": "2023-02-15T09:10:53.123Z",
    "date_modified": "2023-02-15T09:10:53.124Z",
    "change_user": 1,
    "is_deleted": false
  }
},
{
  "model": "NearBeach.usergroup",
  "pk": 7,
  "fields": {
    "username": 7,
    "group": 1,
    "permission_set": 1,
    "report_to": null,
    "group_leader": true,
    "date_created": "2023-09-06T09:36:33.239Z",
    "date_modified": "2023-09-06T09:36:33.239Z",
    "change_user": 1,
    "is_deleted": false
  }
},
{
  "model": "NearBeach.usersetting",
  "pk": 1,
  "fields": {
    "username": 7,
    "setting_type": "theme",
    "setting_data": {
      "theme": "dark"
    }
  }
},
{
  "model": "admin.logentry",
  "pk": 1,
  "fields": {
    "action_time": "2024-02-03T00:53:25.872Z",
    "user": 1,
    "content_type": 35,
    "object_id": "1",
    "object_repr": "NearBeach Bugzilla",
    "action_flag": 1,
    "change_message": "[{\"added\": {}}]"
  }
},
{
  "model": "auth.permission",
  "pk": 1,
  "fields": {
    "name": "Can add change task",
    "content_type": 1,
    "codename": "add_changetask"
  }
},
{
  "model": "auth.permission",
  "pk": 2,
  "fields": {
    "name": "Can change change task",
    "content_type": 1,
    "codename": "change_changetask"
  }
},
{
  "model": "auth.permission",
  "pk": 3,
  "fields": {
    "name": "Can delete change task",
    "content_type": 1,
    "codename": "delete_changetask"
  }
},
{
  "model": "auth.permission",
  "pk": 4,
  "fields": {
    "name": "Can view change task",
    "content_type": 1,
    "codename": "view_changetask"
  }
},
{
  "model": "auth.permission",
  "pk": 5,
  "fields": {
    "name": "Can add customer",
    "content_type": 2,
    "codename": "add_customer"
  }
},
{
  "model": "auth.permission",
  "pk": 6,
  "fields": {
    "name": "Can change customer",
    "content_type": 2,
    "codename": "change_customer"
  }
},
{
  "model": "auth.permission",
  "pk": 7,
  "fields": {
    "name": "Can delete customer",
    "content_type": 2,
    "codename": "delete_customer"
  }
},
{
  "model": "auth.permission",
  "pk": 8,
  "fields": {
    "name": "Can view customer",
    "content_type": 2,
    "codename": "view_customer"
  }
},
{
  "model": "auth.permission",
  "pk": 9,
  "fields": {
    "name": "Can add document",
    "content_type": 3,
    "codename": "add_document"
  }
},
{
  "model": "auth.permission",
  "pk": 10,
  "fields": {
    "name": "Can change document",
    "content_type": 3,
    "codename": "change_document"
  }
},
{
  "model": "auth.permission",
  "pk": 11,
  "fields": {
    "name": "Can delete document",
    "content_type": 3,
    "codename": "delete_document"
  }
},
{
  "model": "auth.permission",
  "pk": 12,
  "fields": {
    "name": "Can view document",
    "content_type": 3,
    "codename": "view_document"
  }
},
{
  "model": "auth.permission",
  "pk": 13,
  "fields": {
    "name": "Can add group",
    "content_type": 4,
    "codename": "add_group"
  }
},
{
  "model": "auth.permission",
  "pk": 14,
  "fields": {
    "name": "Can change group",
    "content_type": 4,
    "codename": "change_group"
  }
},
{
  "model": "auth.permission",
  "pk": 15,
  "fields": {
    "name": "Can delete group",
    "content_type": 4,
    "codename": "delete_group"
  }
},
{
  "model": "auth.permission",
  "pk": 16,
  "fields": {
    "name": "Can view group",
    "content_type": 4,
    "codename": "view_group"
  }
},
{
  "model": "auth.permission",
  "pk": 17,
  "fields": {
    "name": "Can add kanban board",
    "content_type": 5,
    "codename": "add_kanbanboard"
  }
},
{
  "model": "auth.permission",
  "pk": 18,
  "fields": {
    "name": "Can change kanban board",
    "content_type": 5,
    "codename": "change_kanbanboard"
  }
},
{
  "model": "auth.permission",
  "pk": 19,
  "fields": {
    "name": "Can delete kanban board",
    "content_type": 5,
    "codename": "delete_kanbanboard"
  }
},
{
  "model": "auth.permission",
  "pk": 20,
  "fields": {
    "name": "Can view kanban board",
    "content_type": 5,
    "codename": "view_kanbanboard"
  }
},
{
  "model": "auth.permission",
  "pk": 21,
  "fields": {
    "name": "Can add kanban card",
    "content_type": 6,
    "codename": "add_kanbancard"
  }
},
{
  "model": "auth.permission",
  "pk": 22,
  "fields": {
    "name": "Can change kanban card",
    "content_type": 6,
    "codename": "change_kanbancard"
  }
},
{
  "model": "auth.permission",
  "pk": 23,
  "fields": {
    "name": "Can delete kanban card",
    "content_type": 6,
    "codename": "delete_kanbancard"
  }
},
{
  "model": "auth.permission",
  "pk": 24,
  "fields": {
    "name": "Can view kanban card",
    "content_type": 6,
    "codename": "view_kanbancard"
  }
},
{
  "model": "auth.permission",
  "pk": 25,
  "fields": {
    "name": "Can add list of requirement item status",
    "content_type": 7,
    "codename": "add_listofrequirementitemstatus"
  }
},
{
  "model": "auth.permission",
  "pk": 26,
  "fields": {
    "name": "Can change list of requirement item status",
    "content_type": 7,
    "codename": "change_listofrequirementitemstatus"
  }
},
{
  "model": "auth.permission",
  "pk": 27,
  "fields": {
    "name": "Can delete list of requirement item status",
    "content_type": 7,
    "codename": "delete_listofrequirementitemstatus"
  }
},
{
  "model": "auth.permission",
  "pk": 28,
  "fields": {
    "name": "Can view list of requirement item status",
    "content_type": 7,
    "codename": "view_listofrequirementitemstatus"
  }
},
{
  "model": "auth.permission",
  "pk": 29,
  "fields": {
    "name": "Can add list of requirement item type",
    "content_type": 8,
    "codename": "add_listofrequirementitemtype"
  }
},
{
  "model": "auth.permission",
  "pk": 30,
  "fields": {
    "name": "Can change list of requirement item type",
    "content_type": 8,
    "codename": "change_listofrequirementitemtype"
  }
},
{
  "model": "auth.permission",
  "pk": 31,
  "fields": {
    "name": "Can delete list of requirement item type",
    "content_type": 8,
    "codename": "delete_listofrequirementitemtype"
  }
},
{
  "model": "auth.permission",
  "pk": 32,
  "fields": {
    "name": "Can view list of requirement item type",
    "content_type": 8,
    "codename": "view_listofrequirementitemtype"
  }
},
{
  "model": "auth.permission",
  "pk": 33,
  "fields": {
    "name": "Can add list of requirement status",
    "content_type": 9,
    "codename": "add_listofrequirementstatus"
  }
},
{
  "model": "auth.permission",
  "pk": 34,
  "fields": {
    "name": "Can change list of requirement status",
    "content_type": 9,
    "codename": "change_listofrequirementstatus"
  }
},
{
  "model": "auth.permission",
  "pk": 35,
  "fields": {
    "name": "Can delete list of requirement status",
    "content_type": 9,
    "codename": "delete_listofrequirementstatus"
  }
},
{
  "model": "auth.permission",
  "pk": 36,
  "fields": {
    "name": "Can view list of requirement status",
    "content_type": 9,
    "codename": "view_listofrequirementstatus"
  }
},
{
  "model": "auth.permission",
  "pk": 37,
  "fields": {
    "name": "Can add list of requirement type",
    "content_type": 10,
    "codename": "add_listofrequirementtype"
  }
},
{
  "model": "auth.permission",
  "pk": 38,
  "fields": {
    "name": "Can change list of requirement type",
    "content_type": 10,
    "codename": "change_listofrequirementtype"
  }
},
{
  "model": "auth.permission",
  "pk": 39,
  "fields": {
    "name": "Can delete list of requirement type",
    "content_type": 10,
    "codename": "delete_listofrequirementtype"
  }
},
{
  "model": "auth.permission",
  "pk": 40,
  "fields": {
    "name": "Can view list of requirement type",
    "content_type": 10,
    "codename": "view_listofrequirementtype"
  }
},
{
  "model": "auth.permission",
  "pk": 41,
  "fields": {
    "name": "Can add list of rfc status",
    "content_type": 11,
    "codename": "add_listofrfcstatus"
  }
},
{
  "model": "auth.permission",
  "pk": 42,
  "fields": {
    "name": "Can change list of rfc status",
    "content_type": 11,
    "codename": "change_listofrfcstatus"
  }
},
{
  "model": "auth.permission",
  "pk": 43,
  "fields": {
    "name": "Can delete list of rfc status",
    "content_type": 11,
    "codename": "delete_listofrfcstatus"
  }
},
{
  "model": "auth.permission",
  "pk": 44,
  "fields": {
    "name": "Can view list of rfc status",
    "content_type": 11,
    "codename": "view_listofrfcstatus"
  }
},
{
  "model": "auth.permission",
  "pk": 45,
  "fields": {
    "name": "Can add organisation",
    "content_type": 12,
    "codename": "add_organisation"
  }
},
{
  "model": "auth.permission",
  "pk": 46,
  "fields": {
    "name": "Can change organisation",
    "content_type": 12,
    "codename": "change_organisation"
  }
},
{
  "model": "auth.permission",
  "pk": 47,
  "fields": {
    "name": "Can delete organisation",
    "content_type": 12,
    "codename": "delete_organisation"
  }
},
{
  "model": "auth.permission",
  "pk": 48,
  "fields": {
    "name": "Can view organisation",
    "content_type": 12,
    "codename": "view_organisation"
  }
},
{
  "model": "auth.permission",
  "pk": 49,
  "fields": {
    "name": "Can add permission set",
    "content_type": 13,
    "codename": "add_permissionset"
  }
},
{
  "model": "auth.permission",
  "pk": 50,
  "fields": {
    "name": "Can change permission set",
    "content_type": 13,
    "codename": "change_permissionset"
  }
},
{
  "model": "auth.permission",
  "pk": 51,
  "fields": {
    "name": "Can delete permission set",
    "content_type": 13,
    "codename": "delete_permissionset"
  }
},
{
  "model": "auth.permission",
  "pk": 52,
  "fields": {
    "name": "Can view permission set",
    "content_type": 13,
    "codename": "view_permissionset"
  }
},
{
  "model": "auth.permission",
  "pk": 53,
  "fields": {
    "name": "Can add request for change",
    "content_type": 14,
    "codename": "add_requestforchange"
  }
},
{
  "model": "auth.permission",
  "pk": 54,
  "fields": {
    "name": "Can change request for change",
    "content_type": 14,
    "codename": "change_requestforchange"
  }
},
{
  "model": "auth.permission",
  "pk": 55,
  "fields": {
    "name": "Can delete request for change",
    "content_type": 14,
    "codename": "delete_requestforchange"
  }
},
{
  "model": "auth.permission",
  "pk": 56,
  "fields": {
    "name": "Can view request for change",
    "content_type": 14,
    "codename": "view_requestforchange"
  }
},
{
  "model": "auth.permission",
  "pk": 57,
  "fields": {
    "name": "Can add requirement",
    "content_type": 15,
    "codename": "add_requirement"
  }
},
{
  "model": "auth.permission",
  "pk": 58,
  "fields": {
    "name": "Can change requirement",
    "content_type": 15,
    "codename": "change_requirement"
  }
},
{
  "model": "auth.permission",
  "pk": 59,
  "fields": {
    "name": "Can delete requirement",
    "content_type": 15,
    "codename": "delete_requirement"
  }
},
{
  "model": "auth.permission",
  "pk": 60,
  "fields": {
    "name": "Can view requirement",
    "content_type": 15,
    "codename": "view_requirement"
  }
},
{
  "model": "auth.permission",
  "pk": 61,
  "fields": {
    "name": "Can add tag",
    "content_type": 16,
    "codename": "add_tag"
  }
},
{
  "model": "auth.permission",
  "pk": 62,
  "fields": {
    "name": "Can change tag",
    "content_type": 16,
    "codename": "change_tag"
  }
},
{
  "model": "auth.permission",
  "pk": 63,
  "fields": {
    "name": "Can delete tag",
    "content_type": 16,
    "codename": "delete_tag"
  }
},
{
  "model": "auth.permission",
  "pk": 64,
  "fields": {
    "name": "Can view tag",
    "content_type": 16,
    "codename": "view_tag"
  }
},
{
  "model": "auth.permission",
  "pk": 65,
  "fields": {
    "name": "Can add task",
    "content_type": 17,
    "codename": "add_task"
  }
},
{
  "model": "auth.permission",
  "pk": 66,
  "fields": {
    "name": "Can change task",
    "content_type": 17,
    "codename": "change_task"
  }
},
{
  "model": "auth.permission",
  "pk": 67,
  "fields": {
    "name": "Can delete task",
    "content_type": 17,
    "codename": "delete_task"
  }
},
{
  "model": "auth.permission",
  "pk": 68,
  "fields": {
    "name": "Can view task",
    "content_type": 17,
    "codename": "view_task"
  }
},
{
  "model": "auth.permission",
  "pk": 69,
  "fields": {
    "name": "Can add user profile picture",
    "content_type": 18,
    "codename": "add_userprofilepicture"
  }
},
{
  "model": "auth.permission",
  "pk": 70,
  "fields": {
    "name": "Can change user profile picture",
    "content_type": 18,
    "codename": "change_userprofilepicture"
  }
},
{
  "model": "auth.permission",
  "pk": 71,
  "fields": {
    "name": "Can delete user profile picture",
    "content_type": 18,
    "codename": "delete_userprofilepicture"
  }
},
{
  "model": "auth.permission",
  "pk": 72,
  "fields": {
    "name": "Can view user profile picture",
    "content_type": 18,
    "codename": "view_userprofilepicture"
  }
},
{
  "model": "auth.permission",
  "pk": 73,
  "fields": {
    "name": "Can add user group",
    "content_type": 19,
    "codename": "add_usergroup"
  }
},
{
  "model": "auth.permission",
  "pk": 74,
  "fields": {
    "name": "Can change user group",
    "content_type": 19,
    "codename": "change_usergroup"
  }
},
{
  "model": "auth.permission",
  "pk": 75,
  "fields": {
    "name": "Can delete user group",
    "content_type": 19,
    "codename": "delete_usergroup"
  }
},
{
  "model": "auth.permission",
  "pk": 76,
  "fields": {
    "name": "Can view user group",
    "content_type": 19,
    "codename": "view_usergroup"
  }
},
{
  "model": "auth.permission",
  "pk": 77,
  "fields": {
    "name": "Can add tag assignment",
    "content_type": 20,
    "codename": "add_tagassignment"
  }
},
{
  "model": "auth.permission",
  "pk": 78,
  "fields": {
    "name": "Can change tag assignment",
    "content_type": 20,
    "codename": "change_tagassignment"
  }
},
{
  "model": "auth.permission",
  "pk": 79,
  "fields": {
    "name": "Can delete tag assignment",
    "content_type": 20,
    "codename": "delete_tagassignment"
  }
},
{
  "model": "auth.permission",
  "pk": 80,
  "fields": {
    "name": "Can view tag assignment",
    "content_type": 20,
    "codename": "view_tagassignment"
  }
},
{
  "model": "auth.permission",
  "pk": 81,
  "fields": {
    "name": "Can add requirement item",
    "content_type": 21,
    "codename": "add_requirementitem"
  }
},
{
  "model": "auth.permission",
  "pk": 82,
  "fields": {
    "name": "Can change requirement item",
    "content_type": 21,
    "codename": "change_requirementitem"
  }
},
{
  "model": "auth.permission",
  "pk": 83,
  "fields": {
    "name": "Can delete requirement item",
    "content_type": 21,
    "codename": "delete_requirementitem"
  }
},
{
  "model": "auth.permission",
  "pk": 84,
  "fields": {
    "name": "Can view requirement item",
    "content_type": 21,
    "codename": "view_requirementitem"
  }
},
{
  "model": "auth.permission",
  "pk": 85,
  "fields": {
    "name": "Can add request for change group approval",
    "content_type": 22,
    "codename": "add_requestforchangegroupapproval"
  }
},
{
  "model": "auth.permission",
  "pk": 86,
  "fields": {
    "name": "Can change request for change group approval",
    "content_type": 22,
    "codename": "change_requestforchangegroupapproval"
  }
},
{
  "model": "auth.permission",
  "pk": 87,
  "fields": {
    "name": "Can delete request for change group approval",
    "content_type": 22,
    "codename": "delete_requestforchangegroupapproval"
  }
},
{
  "model": "auth.permission",
  "pk": 88,
  "fields": {
    "name": "Can view request for change group approval",
    "content_type": 22,
    "codename": "view_requestforchangegroupapproval"
  }
},
{
  "model": "auth.permission",
  "pk": 89,
  "fields": {
    "name": "Can add project",
    "content_type": 23,
    "codename": "add_project"
  }
},
{
  "model": "auth.permission",
  "pk": 90,
  "fields": {
    "name": "Can change project",
    "content_type": 23,
    "codename": "change_project"
  }
},
{
  "model": "auth.permission",
  "pk": 91,
  "fields": {
    "name": "Can delete project",
    "content_type": 23,
    "codename": "delete_project"
  }
},
{
  "model": "auth.permission",
  "pk": 92,
  "fields": {
    "name": "Can view project",
    "content_type": 23,
    "codename": "view_project"
  }
},
{
  "model": "auth.permission",
  "pk": 93,
  "fields": {
    "name": "Can add object note",
    "content_type": 24,
    "codename": "add_objectnote"
  }
},
{
  "model": "auth.permission",
  "pk": 94,
  "fields": {
    "name": "Can change object note",
    "content_type": 24,
    "codename": "change_objectnote"
  }
},
{
  "model": "auth.permission",
  "pk": 95,
  "fields": {
    "name": "Can delete object note",
    "content_type": 24,
    "codename": "delete_objectnote"
  }
},
{
  "model": "auth.permission",
  "pk": 96,
  "fields": {
    "name": "Can view object note",
    "content_type": 24,
    "codename": "view_objectnote"
  }
},
{
  "model": "auth.permission",
  "pk": 97,
  "fields": {
    "name": "Can add object assignment",
    "content_type": 25,
    "codename": "add_objectassignment"
  }
},
{
  "model": "auth.permission",
  "pk": 98,
  "fields": {
    "name": "Can change object assignment",
    "content_type": 25,
    "codename": "change_objectassignment"
  }
},
{
  "model": "auth.permission",
  "pk": 99,
  "fields": {
    "name": "Can delete object assignment",
    "content_type": 25,
    "codename": "delete_objectassignment"
  }
},
{
  "model": "auth.permission",
  "pk": 100,
  "fields": {
    "name": "Can view object assignment",
    "content_type": 25,
    "codename": "view_objectassignment"
  }
},
{
  "model": "auth.permission",
  "pk": 101,
  "fields": {
    "name": "Can add notification",
    "content_type": 26,
    "codename": "add_notification"
  }
},
{
  "model": "auth.permission",
  "pk": 102,
  "fields": {
    "name": "Can change notification",
    "content_type": 26,
    "codename": "change_notification"
  }
},
{
  "model": "auth.permission",
  "pk": 103,
  "fields": {
    "name": "Can delete notification",
    "content_type": 26,
    "codename": "delete_notification"
  }
},
{
  "model": "auth.permission",
  "pk": 104,
  "fields": {
    "name": "Can view notification",
    "content_type": 26,
    "codename": "view_notification"
  }
},
{
  "model": "auth.permission",
  "pk": 105,
  "fields": {
    "name": "Can add list of title",
    "content_type": 27,
    "codename": "add_listoftitle"
  }
},
{
  "model": "auth.permission",
  "pk": 106,
  "fields": {
    "name": "Can change list of title",
    "content_type": 27,
    "codename": "change_listoftitle"
  }
},
{
  "model": "auth.permission",
  "pk": 107,
  "fields": {
    "name": "Can delete list of title",
    "content_type": 27,
    "codename": "delete_listoftitle"
  }
},
{
  "model": "auth.permission",
  "pk": 108,
  "fields": {
    "name": "Can view list of title",
    "content_type": 27,
    "codename": "view_listoftitle"
  }
},
{
  "model": "auth.permission",
  "pk": 109,
  "fields": {
    "name": "Can add list of bug client",
    "content_type": 28,
    "codename": "add_listofbugclient"
  }
},
{
  "model": "auth.permission",
  "pk": 110,
  "fields": {
    "name": "Can change list of bug client",
    "content_type": 28,
    "codename": "change_listofbugclient"
  }
},
{
  "model": "auth.permission",
  "pk": 111,
  "fields": {
    "name": "Can delete list of bug client",
    "content_type": 28,
    "codename": "delete_listofbugclient"
  }
},
{
  "model": "auth.permission",
  "pk": 112,
  "fields": {
    "name": "Can view list of bug client",
    "content_type": 28,
    "codename": "view_listofbugclient"
  }
},
{
  "model": "auth.permission",
  "pk": 113,
  "fields": {
    "name": "Can add kanban level",
    "content_type": 29,
    "codename": "add_kanbanlevel"
  }
},
{
  "model": "auth.permission",
  "pk": 114,
  "fields": {
    "name": "Can change kanban level",
    "content_type": 29,
    "codename": "change_kanbanlevel"
  }
},
{
  "model": "auth.permission",
  "pk": 115,
  "fields": {
    "name": "Can delete kanban level",
    "content_type": 29,
    "codename": "delete_kanbanlevel"
  }
},
{
  "model": "auth.permission",
  "pk": 116,
  "fields": {
    "name": "Can view kanban level",
    "content_type": 29,
    "codename": "view_kanbanlevel"
  }
},
{
  "model": "auth.permission",
  "pk": 117,
  "fields": {
    "name": "Can add kanban column",
    "content_type": 30,
    "codename": "add_kanbancolumn"
  }
},
{
  "model": "auth.permission",
  "pk": 118,
  "fields": {
    "name": "Can change kanban column",
    "content_type": 30,
    "codename": "change_kanbancolumn"
  }
},
{
  "model": "auth.permission",
  "pk": 119,
  "fields": {
    "name": "Can delete kanban column",
    "content_type": 30,
    "codename": "delete_kanbancolumn"
  }
},
{
  "model": "auth.permission",
  "pk": 120,
  "fields": {
    "name": "Can view kanban column",
    "content_type": 30,
    "codename": "view_kanbancolumn"
  }
},
{
  "model": "auth.permission",
  "pk": 121,
  "fields": {
    "name": "Can add group permission",
    "content_type": 31,
    "codename": "add_grouppermission"
  }
},
{
  "model": "auth.permission",
  "pk": 122,
  "fields": {
    "name": "Can change group permission",
    "content_type": 31,
    "codename": "change_grouppermission"
  }
},
{
  "model": "auth.permission",
  "pk": 123,
  "fields": {
    "name": "Can delete group permission",
    "content_type": 31,
    "codename": "delete_grouppermission"
  }
},
{
  "model": "auth.permission",
  "pk": 124,
  "fields": {
    "name": "Can view group permission",
    "content_type": 31,
    "codename": "view_grouppermission"
  }
},
{
  "model": "auth.permission",
  "pk": 125,
  "fields": {
    "name": "Can add folder",
    "content_type": 32,
    "codename": "add_folder"
  }
},
{
  "model": "auth.permission",
  "pk": 126,
  "fields": {
    "name": "Can change folder",
    "content_type": 32,
    "codename": "change_folder"
  }
},
{
  "model": "auth.permission",
  "pk": 127,
  "fields": {
    "name": "Can delete folder",
    "content_type": 32,
    "codename": "delete_folder"
  }
},
{
  "model": "auth.permission",
  "pk": 128,
  "fields": {
    "name": "Can view folder",
    "content_type": 32,
    "codename": "view_folder"
  }
},
{
  "model": "auth.permission",
  "pk": 129,
  "fields": {
    "name": "Can add document permission",
    "content_type": 33,
    "codename": "add_documentpermission"
  }
},
{
  "model": "auth.permission",
  "pk": 130,
  "fields": {
    "name": "Can change document permission",
    "content_type": 33,
    "codename": "change_documentpermission"
  }
},
{
  "model": "auth.permission",
  "pk": 131,
  "fields": {
    "name": "Can delete document permission",
    "content_type": 33,
    "codename": "delete_documentpermission"
  }
},
{
  "model": "auth.permission",
  "pk": 132,
  "fields": {
    "name": "Can view document permission",
    "content_type": 33,
    "codename": "view_documentpermission"
  }
},
{
  "model": "auth.permission",
  "pk": 133,
  "fields": {
    "name": "Can add change task block",
    "content_type": 34,
    "codename": "add_changetaskblock"
  }
},
{
  "model": "auth.permission",
  "pk": 134,
  "fields": {
    "name": "Can change change task block",
    "content_type": 34,
    "codename": "change_changetaskblock"
  }
},
{
  "model": "auth.permission",
  "pk": 135,
  "fields": {
    "name": "Can delete change task block",
    "content_type": 34,
    "codename": "delete_changetaskblock"
  }
},
{
  "model": "auth.permission",
  "pk": 136,
  "fields": {
    "name": "Can view change task block",
    "content_type": 34,
    "codename": "view_changetaskblock"
  }
},
{
  "model": "auth.permission",
  "pk": 137,
  "fields": {
    "name": "Can add bug client",
    "content_type": 35,
    "codename": "add_bugclient"
  }
},
{
  "model": "auth.permission",
  "pk": 138,
  "fields": {
    "name": "Can change bug client",
    "content_type": 35,
    "codename": "change_bugclient"
  }
},
{
  "model": "auth.permission",
  "pk": 139,
  "fields": {
    "name": "Can delete bug client",
    "content_type": 35,
    "codename": "delete_bugclient"
  }
},
{
  "model": "auth.permission",
  "pk": 140,
  "fields": {
    "name": "Can view bug client",
    "content_type": 35,
    "codename": "view_bugclient"
  }
},
{
  "model": "auth.permission",
  "pk": 141,
  "fields": {
    "name": "Can add bug",
    "content_type": 36,
    "codename": "add_bug"
  }
},
{
  "model": "auth.permission",
  "pk": 142,
  "fields": {
    "name": "Can change bug",
    "content_type": 36,
    "codename": "change_bug"
  }
},
{
  "model": "auth.permission",
  "pk": 143,
  "fields": {
    "name": "Can delete bug",
    "content_type": 36,
    "codename": "delete_bug"
  }
},
{
  "model": "auth.permission",
  "pk": 144,
  "fields": {
    "name": "Can view bug",
    "content_type": 36,
    "codename": "view_bug"
  }
},
{
  "model": "auth.permission",
  "pk": 145,
  "fields": {
    "name": "Can add user setting",
    "content_type": 37,
    "codename": "add_usersetting"
  }
},
{
  "model": "auth.permission",
  "pk": 146,
  "fields": {
    "name": "Can change user setting",
    "content_type": 37,
    "codename": "change_usersetting"
  }
},
{
  "model": "auth.permission",
  "pk": 147,
  "fields": {
    "name": "Can delete user setting",
    "content_type": 37,
    "codename": "delete_usersetting"
  }
},
{
  "model": "auth.permission",
  "pk": 148,
  "fields": {
    "name": "Can view user setting",
    "content_type": 37,
    "codename": "view_usersetting"
  }
},
{
  "model": "auth.permission",
  "pk": 149,
  "fields": {
    "name": "Can add public link",
    "content_type": 38,
    "codename": "add_publiclink"
  }
},
{
  "model": "auth.permission",
  "pk": 150,
  "fields": {
    "name": "Can change public link",
    "content_type": 38,
    "codename": "change_publiclink"
  }
},
{
  "model": "auth.permission",
  "pk": 151,
  "fields": {
    "name": "Can delete public link",
    "content_type": 38,
    "codename": "delete_publiclink"
  }
},
{
  "model": "auth.permission",
  "pk": 152,
  "fields": {
    "name": "Can view public link",
    "content_type": 38,
    "codename": "view_publiclink"
  }
},
{
  "model": "auth.permission",
  "pk": 153,
  "fields": {
    "name": "Can add list of project status",
    "content_type": 39,
    "codename": "add_listofprojectstatus"
  }
},
{
  "model": "auth.permission",
  "pk": 154,
  "fields": {
    "name": "Can change list of project status",
    "content_type": 39,
    "codename": "change_listofprojectstatus"
  }
},
{
  "model": "auth.permission",
  "pk": 155,
  "fields": {
    "name": "Can delete list of project status",
    "content_type": 39,
    "codename": "delete_listofprojectstatus"
  }
},
{
  "model": "auth.permission",
  "pk": 156,
  "fields": {
    "name": "Can view list of project status",
    "content_type": 39,
    "codename": "view_listofprojectstatus"
  }
},
{
  "model": "auth.permission",
  "pk": 157,
  "fields": {
    "name": "Can add list of task status",
    "content_type": 40,
    "codename": "add_listoftaskstatus"
  }
},
{
  "model": "auth.permission",
  "pk": 158,
  "fields": {
    "name": "Can change list of task status",
    "content_type": 40,
    "codename": "change_listoftaskstatus"
  }
},
{
  "model": "auth.permission",
  "pk": 159,
  "fields": {
    "name": "Can delete list of task status",
    "content_type": 40,
    "codename": "delete_listoftaskstatus"
  }
},
{
  "model": "auth.permission",
  "pk": 160,
  "fields": {
    "name": "Can view list of task status",
    "content_type": 40,
    "codename": "view_listoftaskstatus"
  }
},
{
  "model": "auth.permission",
  "pk": 161,
  "fields": {
    "name": "Can add log entry",
    "content_type": 41,
    "codename": "add_logentry"
  }
},
{
  "model": "auth.permission",
  "pk": 162,
  "fields": {
    "name": "Can change log entry",
    "content_type": 41,
    "codename": "change_logentry"
  }
},
{
  "model": "auth.permission",
  "pk": 163,
  "fields": {
    "name": "Can delete log entry",
    "content_type": 41,
    "codename": "delete_logentry"
  }
},
{
  "model": "auth.permission",
  "pk": 164,
  "fields": {
    "name": "Can view log entry",
    "content_type": 41,
    "codename": "view_logentry"
  }
},
{
  "model": "auth.permission",
  "pk": 165,
  "fields": {
    "name": "Can add permission",
    "content_type": 42,
    "codename": "add_permission"
  }
},
{
  "model": "auth.permission",
  "pk": 166,
  "fields": {
    "name": "Can change permission",
    "content_type": 42,
    "codename": "change_permission"
  }
},
{
  "model": "auth.permission",
  "pk": 167,
  "fields": {
    "name": "Can delete permission",
    "content_type": 42,
    "codename": "delete_permission"
  }
},
{
  "model": "auth.permission",
  "pk": 168,
  "fields": {
    "name": "Can view permission",
    "content_type": 42,
    "codename": "view_permission"
  }
},
{
  "model": "auth.permission",
  "pk": 169,
  "fields": {
    "name": "Can add group",
    "content_type": 43,
    "codename": "add_group"
  }
},
{
  "model": "auth.permission",
  "pk": 170,
  "fields": {
    "name": "Can change group",
    "content_type": 43,
    "codename": "change_group"
  }
},
{
  "model": "auth.permission",
  "pk": 171,
  "fields": {
    "name": "Can delete group",
    "content_type": 43,
    "codename": "delete_group"
  }
},
{
  "model": "auth.permission",
  "pk": 172,
  "fields": {
    "name": "Can view group",
    "content_type": 43,
    "codename": "view_group"
  }
},
{
  "model": "auth.permission",
  "pk": 173,
  "fields": {
    "name": "Can add user",
    "content_type": 44,
    "codename": "add_user"
  }
},
{
  "model": "auth.permission",
  "pk": 174,
  "fields": {
    "name": "Can change user",
    "content_type": 44,
    "codename": "change_user"
  }
},
{
  "model": "auth.permission",
  "pk": 175,
  "fields": {
    "name": "Can delete user",
    "content_type": 44,
    "codename": "delete_user"
  }
},
{
  "model": "auth.permission",
  "pk": 176,
  "fields": {
    "name": "Can view user",
    "content_type": 44,
    "codename": "view_user"
  }
},
{
  "model": "auth.permission",
  "pk": 177,
  "fields": {
    "name": "Can add content type",
    "content_type": 45,
    "codename": "add_contenttype"
  }
},
{
  "model": "auth.permission",
  "pk": 178,
  "fields": {
    "name": "Can change content type",
    "content_type": 45,
    "codename": "change_contenttype"
  }
},
{
  "model": "auth.permission",
  "pk": 179,
  "fields": {
    "name": "Can delete content type",
    "content_type": 45,
    "codename": "delete_contenttype"
  }
},
{
  "model": "auth.permission",
  "pk": 180,
  "fields": {
    "name": "Can view content type",
    "content_type": 45,
    "codename": "view_contenttype"
  }
},
{
  "model": "auth.permission",
  "pk": 181,
  "fields": {
    "name": "Can add session",
    "content_type": 46,
    "codename": "add_session"
  }
},
{
  "model": "auth.permission",
  "pk": 182,
  "fields": {
    "name": "Can change session",
    "content_type": 46,
    "codename": "change_session"
  }
},
{
  "model": "auth.permission",
  "pk": 183,
  "fields": {
    "name": "Can delete session",
    "content_type": 46,
    "codename": "delete_session"
  }
},
{
  "model": "auth.permission",
  "pk": 184,
  "fields": {
    "name": "Can view session",
    "content_type": 46,
    "codename": "view_session"
  }
},
{
  "model": "auth.permission",
  "pk": 185,
  "fields": {
    "name": "Can add sprint",
    "content_type": 47,
    "codename": "add_sprint"
  }
},
{
  "model": "auth.permission",
  "pk": 186,
  "fields": {
    "name": "Can change sprint",
    "content_type": 47,
    "codename": "change_sprint"
  }
},
{
  "model": "auth.permission",
  "pk": 187,
  "fields": {
    "name": "Can delete sprint",
    "content_type": 47,
    "codename": "delete_sprint"
  }
},
{
  "model": "auth.permission",
  "pk": 188,
  "fields": {
    "name": "Can view sprint",
    "content_type": 47,
    "codename": "view_sprint"
  }
},
{
  "model": "auth.permission",
  "pk": 189,
  "fields": {
    "name": "Can add sprint audit table",
    "content_type": 48,
    "codename": "add_sprintaudittable"
  }
},
{
  "model": "auth.permission",
  "pk": 190,
  "fields": {
    "name": "Can change sprint audit table",
    "content_type": 48,
    "codename": "change_sprintaudittable"
  }
},
{
  "model": "auth.permission",
  "pk": 191,
  "fields": {
    "name": "Can delete sprint audit table",
    "content_type": 48,
    "codename": "delete_sprintaudittable"
  }
},
{
  "model": "auth.permission",
  "pk": 192,
  "fields": {
    "name": "Can view sprint audit table",
    "content_type": 48,
    "codename": "view_sprintaudittable"
  }
},
{
  "model": "auth.permission",
  "pk": 193,
  "fields": {
    "name": "Can add sprint object assignment",
    "content_type": 49,
    "codename": "add_sprintobjectassignment"
  }
},
{
  "model": "auth.permission",
  "pk": 194,
  "fields": {
    "name": "Can change sprint object assignment",
    "content_type": 49,
    "codename": "change_sprintobjectassignment"
  }
},
{
  "model": "auth.permission",
  "pk": 195,
  "fields": {
    "name": "Can delete sprint object assignment",
    "content_type": 49,
    "codename": "delete_sprintobjectassignment"
  }
},
{
  "model": "auth.permission",
  "pk": 196,
  "fields": {
    "name": "Can view sprint object assignment",
    "content_type": 49,
    "codename": "view_sprintobjectassignment"
  }
},
{
  "model": "auth.user",
  "pk": 1,
  "fields": {
    "password": "pbkdf2_sha256$720000$xBoXxSEeVXBdR0rm6efbo0$//JuZL1sOsIXbgd6qdboRpMTz0MgwRi9Oi5AsuaSVx8=",
    "last_login": "2024-03-18T08:45:08.034Z",
    "is_superuser": true,
    "username": "admin",
    "first_name": "Admin",
    "last_name": "User",
    "email": "support@nearbeach.org",
    "is_staff": true,
    "is_active": true,
    "date_joined": "2023-02-15T08:52:25.503Z",
    "groups": [],
    "user_permissions": []
  }
},
{
  "model": "auth.user",
  "pk": 2,
  "fields": {
    "password": "pbkdf2_sha256$720000$qPwbmUsqdz96LSSCZoFdkm$yT30PhvOS91E/Jn/ZS0fstZYzWLSgvzLHLhJc8V4xSg=",
    "last_login": "2024-02-05T08:08:56.971Z",
    "is_superuser": false,
    "username": "team_leader",
    "first_name": "Team",
    "last_name": "Leader",
    "email": "support@nearbeach.org",
    "is_staff": false,
    "is_active": true,
    "date_joined": "2023-02-15T09:08:39.426Z",
    "groups": [],
    "user_permissions": []
  }
},
{
  "model": "auth.user",
  "pk": 3,
  "fields": {
    "password": "pbkdf2_sha256$390000$fciTE1U9rkrQT7CxjHi2ae$B7zRiPi1Yvj6DsipShCbeJ2vaB2eSlOt7V7T8Pd1NDQ=",
    "last_login": null,
    "is_superuser": false,
    "username": "team_member",
    "first_name": "Team",
    "last_name": "Member",
    "email": "support@nearbeach.org",
    "is_staff": false,
    "is_active": true,
    "date_joined": "2023-02-15T09:09:18.372Z",
    "groups": [],
    "user_permissions": []
  }
},
{
  "model": "auth.user",
  "pk": 4,
  "fields": {
    "password": "pbkdf2_sha256$390000$g4K0zwz343vSUFJ98oChdw$kVnvD01xefHMYKJlVBCzHc7fsgQ37IobChg7e0WCCRc=",
    "last_login": null,
    "is_superuser": false,
    "username": "team_intern",
    "first_name": "Team",
    "last_name": "Intern",
    "email": "support@nearbeach.org",
    "is_staff": false,
    "is_active": true,
    "date_joined": "2023-02-15T09:09:54.016Z",
    "groups": [],
    "user_permissions": []
  }
},
{
  "model": "auth.user",
  "pk": 5,
  "fields": {
    "password": "pbkdf2_sha256$390000$wSOIKxIzbfTVG7Z6TRKQ0n$QrhNVyNQ5C3RW8rSVkxleNmyCqECJX48uqenvvBTIdQ=",
    "last_login": null,
    "is_superuser": false,
    "username": "read_only",
    "first_name": "Read",
    "last_name": "Only",
    "email": "support@nearbeach.org",
    "is_staff": false,
    "is_active": true,
    "date_joined": "2023-02-15T09:10:40.680Z",
    "groups": [],
    "user_permissions": []
  }
},
{
  "model": "auth.user",
  "pk": 6,
  "fields": {
    "password": "pbkdf2_sha256$390000$3pWQzzL3ZWG5rSXBMRZ1nU$phvpS5OFRmW+BHal2eEViCtXpGFIo47RVcyUWTSjjLg=",
    "last_login": null,
    "is_superuser": false,
    "username": "no_group",
    "first_name": "No",
    "last_name": "Group",
    "email": "support@nearbeach.org",
    "is_staff": false,
    "is_active": true,
    "date_joined": "2023-02-15T09:11:23.252Z",
    "groups": [],
    "user_permissions": []
  }
},
{
  "model": "auth.user",
  "pk": 7,
  "fields": {
    "password": "pbkdf2_sha256$600000$mm3IyCbjcofqWTSssaWcu6$dmbngBObwSr8Glv4jKyL1LandqtPNJ3epNfTT9dTs4U=",
    "last_login": "2023-09-06T09:37:03.266Z",
    "is_superuser": true,
    "username": "dark_admin",
    "first_name": "Dark",
    "last_name": "Admin",
    "email": "support@nearbeach.org",
    "is_staff": false,
    "is_active": true,
    "date_joined": "2023-09-06T09:36:15.453Z",
    "groups": [],
    "user_permissions": []
  }
},
{
  "model": "sessions.session",
  "pk": "4ihdjbrhcx7hokg3uisrpinxhca0e34d",
  "fields": {
    "session_data": ".eJxVjEEOwiAQRe_C2hAYoNQu3XsGwgyDrZrWQFkZ726bdKHb_95_bxFiW8fQKpcwJTEILU6_G0Z68LyDdI_zbZG0zGuZUO6KPGiV1yXx83K4f4Ex1nF7O0Ai68FFdqlPkdH1nBUmC-SzNqAUeaMMGtuBBsAz6q7LtrfaGqdoi0411PbismfFsJbGny-LGT7k:1rWvse:lyt6TXjJYt27JiKtOvUdRIF7rY3B9FsAx6nGOaFkuVA",
    "expire_date": "2024-02-19T10:07:12.158Z"
  }
},
{
  "model": "sessions.session",
  "pk": "6ijlztlbeuobpqj85nn5sz82nxb27b6e",
  "fields": {
    "session_data": ".eJxVjMsOwiAUBf-FtSHQF-DSvd9AuC9bNa2BsjL-u23ShW7PzJm3iqmuY6yFc5xInZVVp98NEj543gHd03xbNC7zmifQu6IPWvR1IX5eDvcvMKYybm8YerLGJ9dZsCKBxAV0BJ4QWtMIQOux6xu2GFhcFxjZGRnA9uJbNlt0KrHUF-c9q85rrvz5Ar6eQGE:1r3DhY:kBkq63w57t7pLz9nNmDjiZ9gx_r6SSDLMLyMP__LaKY",
    "expire_date": "2023-11-29T11:04:56.353Z"
  }
},
{
  "model": "sessions.session",
  "pk": "8m5uznyh101is14fmwrekdyh1rf0y6ft",
  "fields": {
    "session_data": ".eJxVjEEOwiAQRe_C2hAYoNQu3XsGwgyDrZrWQFkZ726bdKHb_95_bxFiW8fQKpcwJTEILU6_G0Z68LyDdI_zbZG0zGuZUO6KPGiV1yXx83K4f4Ex1nF7O0Ai68FFdqlPkdH1nBUmC-SzNqAUeaMMGtuBBsAz6q7LtrfaGqdoi0411PbismfFsJbGny-LGT7k:1rW4H5:z0s-sSFp5Omsk3ltbIEgBmp6Ll-0CCRZo0oHPsZgHl4",
    "expire_date": "2024-02-17T00:52:51.968Z"
  }
},
{
  "model": "sessions.session",
  "pk": "bjg85wdarjo3cgh7m5n5ghtyuml55cpw",
  "fields": {
    "session_data": ".eJxVjjsOwjAQRO_iGln-yklKes5gjb1rEkAJipMKcXewlALaeTNP8xIR-zbGvfIaJxKDMOL0myXkO88N0A3zdZF5mbd1SrJV5EGrvCzEj_PR_ROMqON3nYKzSoOSt9YA1rJP8KZouD4HogJCVlmHYgz3Fsjadz5rx0oF17VXU411f_LatGIoeFR-fwDnpUAT:1rWu2C:w9CQ0CqBFz3eAoPmkTJMR7Jl_30-3aTVL3156Fwm8UA",
    "expire_date": "2024-02-19T08:08:56.987Z"
  }
},
{
  "model": "sessions.session",
  "pk": "g9wggp3nsnnsn06gb2s4807w9536fmli",
  "fields": {
    "session_data": ".eJxVjDsOgzAQBe_iOrLWBptPmT5nsNa7SyCJANm4inL3gESRtG_mzVsFLNsYSpYUJla9Muryu0Wkp8wH4AfO90XTMm9pivpQ9Emzvi0sr-vp_gVGzOP-loYHdrECh-Qje0CBCtC4drDka0RjW4hkGts5Ai-NjSI8CIN0Rmrao1MOuaySjqzqt1Tk8wW8ZUBn:1q1mZn:tXT9RZUZ_xCydCcGBQH0DKMpyY0Vm2j9YeaOsqaTWug",
    "expire_date": "2023-06-07T11:22:43.278Z"
  }
},
{
  "model": "sessions.session",
  "pk": "kml4rul4ztacc8rth3cm01bw5x5i983r",
  "fields": {
    "session_data": ".eJxVjDsOgzAQBe_iOrLWBptPmT5nsNa7SyCJANm4inL3gESRtG_mzVsFLNsYSpYUJla9Muryu0Wkp8wH4AfO90XTMm9pivpQ9Emzvi0sr-vp_gVGzOP-loYHdrECh-Qje0CBCtC4drDka0RjW4hkGts5Ai-NjSI8CIN0Rmrao1MOuaySjqzqt1Tk8wW8ZUBn:1pU3v8:fiZm-IlzIW779V5YsFMBp0JR4B4L2Jft8b9ZHIKdGn4",
    "expire_date": "2023-03-06T11:01:22.209Z"
  }
},
{
  "model": "sessions.session",
  "pk": "mapudo1arv41bj7qaevnliswe5d9l6tu",
  "fields": {
    "session_data": ".eJxVjEEOwiAQRe_C2hAybWHo0r1nIAMMgjatKe3KeHdL0oVu_3v_vYWjfctur7y6EsUoQFx-N0_hyXMD8UHzfZFhmbe1eNkUedIqb0vk6Xq6f4FMNR9vqw3rHjwmJLJoAJSyqU8QPcTENmjGDjwjQlM9DxBUT6HDCIaSOqKlurq_eG1ZMSaaKn--zyE_-w:1pU2E1:GrhctJb4A0BHVABE_4btsX6s-BtlIgVJsGHnI_I6ukM",
    "expire_date": "2023-03-06T09:12:45.111Z"
  }
},
{
  "model": "sessions.session",
  "pk": "owt532l68p5tnjt8utn8fg5q06vsiwmw",
  "fields": {
    "session_data": ".eJxVjEEOgyAQRe_CuiEIo4jL7nsGMjBDtW3UgKya3r2auGi3_73_3sJj3UZfC2c_kRiEFZffLWB88nwAeuB8X2Rc5i1PQR6KPGmRt4X4dT3dv8CIZdzfOnZsnU5Guw6MSx0y9GwILTrVABIF2yvqGSIlpU1yChib1DK3FgLs0an4UlfOR1YMW678-QKagj_Z:1qdoy7:ikguhaQ5OjgCpnqvgjdUBVUxwwsYoewvRLjwf1Cl2SA",
    "expire_date": "2023-09-20T09:37:03.276Z"
  }
},
{
  "model": "sessions.session",
  "pk": "vtnt5jh48qc9lm3apgq6ppwyqwbsmbkc",
  "fields": {
    "session_data": ".eJxVjDsOgzAQBe_iOrLWBptPmT5nsNa7SyCJANm4inL3gESRtG_mzVsFLNsYSpYUJla9Muryu0Wkp8wH4AfO90XTMm9pivpQ9Emzvi0sr-vp_gVGzOP-loYHdrECh-Qje0CBCtC4drDka0RjW4hkGts5Ai-NjSI8CIN0Rmrao1MOuaySjqzqt1Tk8wW8ZUBn:1pSDwg:7aeBahHYeqv4iuCmRuzXy6KRCL7lDDZm5OntHf58-jQ",
    "expire_date": "2023-03-01T09:19:22.771Z"
  }
},
{
  "model": "sessions.session",
  "pk": "w3iepd6fu5cfao0mpwh97dp39fgh7ujn",
  "fields": {
    "session_data": ".eJxVjEEOwiAQRe_C2hAYoNQu3XsGwgyDrZrWQFkZ726bdKHb_95_bxFiW8fQKpcwJTEILU6_G0Z68LyDdI_zbZG0zGuZUO6KPGiV1yXx83K4f4Ex1nF7O0Ai68FFdqlPkdH1nBUmC-SzNqAUeaMMGtuBBsAz6q7LtrfaGqdoi0411PbismfFsJbGny-LGT7k:1rm8cG:YKlIkAtjptFKY3cmZkt8jsVLAhI7ajhEUr0BE4D7S5Y",
    "expire_date": "2024-04-01T08:45:08.164Z"
  }
}
]
